Average Accuracy,18.31%
FirstGroup,Oracle,ExpandedFirstGroup,Accuracy,ElapsedTime
"HP:0200040, HP:0010464, HP:0002539, HP:0003202, HP:0000114","HP:0000114, HP:0000803, HP:0008909, HP:0009344, HP:0010464, HP:0011379, HP:0012037, HP:0012540","HP:0012639, HP:0000078, HP:0011355, HP:0012243, HP:0000114, HP:0000812, HP:0000008, HP:0012211, HP:0010935, HP:0000951, HP:0025245, HP:0001574, HP:0012443, HP:0000077, HP:0003011, HP:0002060, HP:0000137, HP:0000118, HP:0000119, HP:0010464, HP:0011805, HP:0000079, HP:0002538, HP:0200040, HP:0000707, HP:0002539, HP:0010462, HP:0033127, HP:0008724, HP:0100547, HP:0000124, HP:0031065, HP:0011121, HP:0002011, HP:0003202",25.0%,88.83886790275574
"HP:0002164, HP:0008873, HP:0003073, HP:0012518","HP:0008675, HP:0008695, HP:0008873, HP:0010330, HP:0010624, HP:0012518, HP:0200050","HP:0001507, HP:0001939, HP:0032180, HP:0009145, HP:0012518, HP:0001597, HP:0012116, HP:0025015, HP:0001574, HP:0011138, HP:0033353, HP:0011004, HP:0000118, HP:0004322, HP:0000002, HP:0003073, HP:0002597, HP:0010876, HP:0008873, HP:0001626, HP:0003498, HP:0002164",28.57%,77.50908374786377
"HP:0001357, HP:0001000, HP:0001249, HP:0012876","HP:0001357, HP:0001419, HP:0004736, HP:0012631, HP:0012876, HP:3000007","HP:0000080, HP:0000078, HP:0000929, HP:0011446, HP:0001000, HP:0000951, HP:0012875, HP:0001574, HP:0001249, HP:0001357, HP:0000118, HP:0000119, HP:0000234, HP:0000152, HP:0000707, HP:0012638, HP:0002683, HP:0011121, HP:0012874, HP:0012876",33.33%,48.6719868183136
"HP:0012622, HP:0008222, HP:0001288","HP:0000815, HP:0000868, HP:0010285, HP:0010360, HP:0012213","HP:0000118, HP:0000119, HP:0000079, HP:0000083, HP:0000080, HP:0012622, HP:0000078, HP:0000789, HP:0000707, HP:0012638, HP:0012211, HP:0001288, HP:0100022, HP:0010935, HP:0000077, HP:0008222, HP:0000144",0.0%,92.76731967926025
"HP:0000093, HP:0006482, HP:0010010, HP:0000789, HP:0010934","HP:0000144, HP:0000676, HP:0001966, HP:0010022, HP:0011814, HP:0012596","HP:0001939, HP:0000153, HP:0000080, HP:0000078, HP:0000144, HP:0000789, HP:0003110, HP:0031816, HP:0010934, HP:0010010, HP:0020129, HP:0005922, HP:0005916, HP:0001155, HP:0000164, HP:0006482, HP:0040064, HP:0000118, HP:0000119, HP:0002817, HP:0033354, HP:0000152, HP:0000093, HP:0000234, HP:0000271, HP:0000163",16.67%,60.10770511627197
"HP:0000140, HP:0000020, HP:0100799, HP:0000508, HP:0033353","HP:0000009, HP:0000140, HP:0000581, HP:0002490, HP:0007110, HP:0012695, HP:0100799, HP:3000039","HP:0000020, HP:0000080, HP:0000078, HP:0000598, HP:0000478, HP:0100799, HP:0025015, HP:0010936, HP:0030012, HP:0033353, HP:0000118, HP:0000119, HP:0000079, HP:0000009, HP:0012373, HP:0031703, HP:0000508, HP:0002597, HP:0000370, HP:0000014, HP:0001626, HP:0000140",37.5%,64.9196629524231
"HP:0000789, HP:0001363, HP:0001696, HP:0003319, HP:0002668, HP:0000691, HP:0008661","HP:0002666, HP:0003363, HP:0004558, HP:0006293, HP:0006888, HP:0008222, HP:0010957","HP:0012639, HP:0100007, HP:0000789, HP:0000925, HP:0000929, HP:0006482, HP:0010936, HP:0000118, HP:0003319, HP:0000795, HP:0000707, HP:0004307, HP:0033127, HP:0001626, HP:0011842, HP:0002683, HP:0002668, HP:0000271, HP:0000163, HP:0000153, HP:0000080, HP:0000078, HP:0031816, HP:0000164, HP:0001651, HP:0001363, HP:0000796, HP:0001627, HP:0000924, HP:0030680, HP:0000119, HP:0000691, HP:0009121, HP:0000759, HP:0000079, HP:0000152, HP:0100634, HP:0008661, HP:0000234, HP:0001696, HP:0000144",0.0%,52.27718544006348
"HP:0009772, HP:0004324, HP:0001733, HP:0002750, HP:0000366, HP:0000107, HP:0004979, HP:0001156, HP:0000280","HP:0000098, HP:0000108, HP:0001733, HP:0003029, HP:0004257, HP:0004979, HP:0009772, HP:0010938","HP:0001507, HP:0002813, HP:0009772, HP:0004286, HP:0001732, HP:0011001, HP:0000107, HP:0000077, HP:0000118, HP:0011843, HP:0000280, HP:0033127, HP:0011842, HP:0004979, HP:0004348, HP:0000271, HP:0011844, HP:0002012, HP:0012091, HP:0000944, HP:0003330, HP:0004281, HP:0011297, HP:0000927, HP:0010935, HP:0000366, HP:0004054, HP:0012210, HP:0004323, HP:0000924, HP:0000119, HP:0001733, HP:0000079, HP:0002750, HP:0001156, HP:0001999, HP:0000152, HP:0011927, HP:0004324, HP:0000234, HP:0025031, HP:0011849",37.5%,95.51029920578003
"HP:0011069, HP:0000098, HP:0100678, HP:0001376, HP:0100255, HP:0000508, HP:0011126","HP:0003517, HP:0005899, HP:0005995, HP:0007911, HP:0011089, HP:0011729, HP:0100542","HP:0001507, HP:0002813, HP:0011729, HP:0001376, HP:0000478, HP:0000951, HP:0000077, HP:0000118, HP:0011069, HP:0012373, HP:0011843, HP:0033127, HP:0100678, HP:0011842, HP:0011844, HP:0000271, HP:0000163, HP:0000153, HP:0000944, HP:0031816, HP:0100255, HP:0000098, HP:0000164, HP:0100542, HP:0010935, HP:0006483, HP:0001574, HP:0012210, HP:0034430, HP:0000924, HP:0000119, HP:0000079, HP:0011126, HP:0000002, HP:0000508, HP:0000152, HP:0011354, HP:0007495, HP:0000234, HP:0011121",28.57%,59.6823456287384
"HP:0000813, HP:0002857, HP:0007827, HP:6000920, HP:0000381, HP:0002150","HP:0000152, HP:0000813, HP:0001149, HP:0002150, HP:0002857, HP:0008628","HP:0000481, HP:0000925, HP:0003110, HP:0012243, HP:0008609, HP:0000598, HP:0000812, HP:0000008, HP:0000478, HP:0040064, HP:0002981, HP:0007827, HP:0012372, HP:0000118, HP:0000381, HP:0002979, HP:0004328, HP:0003319, HP:0031703, HP:0000370, HP:0011280, HP:0033127, HP:0000130, HP:0011842, HP:0002814, HP:0008628, HP:0031105, HP:0001939, HP:0000078, HP:0002150, HP:0007957, HP:0002857, HP:0012591, HP:0004452, HP:0000813, HP:0000924, HP:0007759, HP:0000119, HP:0009121, HP:0046508, HP:6000920, HP:0011494",66.67%,52.17650556564331
"HP:0100799, HP:0009855, HP:0000286, HP:0006970, HP:0012864, HP:0006265","HP:0002518, HP:0009291, HP:0012867, HP:0100455, HP:0100548, HP:0100799, HP:0200005","HP:0012639, HP:0002352, HP:0012243, HP:0006970, HP:0000598, HP:0009771, HP:0001155, HP:0002518, HP:0006265, HP:0040064, HP:0100799, HP:0030669, HP:0012443, HP:0000118, HP:0012863, HP:0000286, HP:0031703, HP:0000707, HP:0000370, HP:0001167, HP:0000315, HP:0000271, HP:0002011, HP:0032039, HP:0000078, HP:0012862, HP:0005918, HP:0002060, HP:0000119, HP:0002817, HP:0009855, HP:0000152, HP:0000492, HP:0012864, HP:0100547, HP:0000234",28.57%,81.48319816589355
"HP:0000405, HP:0001924, HP:0001319, HP:0000093","HP:0003126, HP:0004799, HP:0004828, HP:0005487, HP:0008935, HP:0011452, HP:0012863","HP:0001939, HP:0003110, HP:0020129, HP:0031704, HP:0001319, HP:0000598, HP:0000365, HP:0001924, HP:0000364, HP:0003011, HP:0003808, HP:0000118, HP:0011804, HP:0001877, HP:0033354, HP:0000093, HP:0000405, HP:0001871, HP:0033127, HP:0001903, HP:0010972, HP:0001252",0.0%,64.56118512153625
"HP:0100732, HP:0009004, HP:0000047, HP:0005274, HP:0000362","HP:0008743, HP:0009026, HP:0011833, HP:0012081, HP:0100732, HP:0200111","HP:0002012, HP:0001460, HP:0005274, HP:0030236, HP:0001732, HP:0008609, HP:0000598, HP:0012090, HP:0004452, HP:0000366, HP:0000047, HP:0010936, HP:0100732, HP:0003011, HP:0000118, HP:0011805, HP:0000119, HP:0000079, HP:0005105, HP:0000436, HP:0010938, HP:0000362, HP:0100627, HP:0031703, HP:0000795, HP:0000152, HP:0000370, HP:0033127, HP:0000234, HP:0008628, HP:0000271, HP:0025031, HP:0009004",16.67%,59.88948202133179
"HP:0000027, HP:0000370, HP:0001363, HP:0012198, HP:0006695, HP:0006721","HP:0000798, HP:0002645, HP:0004339, HP:0004452, HP:0006705, HP:0006721, HP:0100494, HP:0100896","HP:0000080, HP:0000078, HP:0006721, HP:0000929, HP:0012718, HP:0002488, HP:0000598, HP:0001363, HP:0004390, HP:0006695, HP:0001627, HP:0002242, HP:0000118, HP:0000119, HP:0030680, HP:0001671, HP:0012198, HP:0011024, HP:0031703, HP:0002683, HP:0000370, HP:0000152, HP:0001871, HP:0000025, HP:0008669, HP:0000027, HP:0005266, HP:0001626, HP:0000234, HP:0001881, HP:0025031, HP:0001909, HP:0012874",12.5%,88.78795194625854
"HP:0000140, HP:0000020, HP:0100799, HP:0000508, HP:0033353","HP:0000009, HP:0000140, HP:0000581, HP:0002490, HP:0007110, HP:0012695, HP:0100799, HP:3000039","HP:0000020, HP:0000080, HP:0000078, HP:0000598, HP:0000478, HP:0100799, HP:0025015, HP:0010936, HP:0030012, HP:0033353, HP:0000118, HP:0000119, HP:0000079, HP:0000009, HP:0012373, HP:0031703, HP:0000508, HP:0002597, HP:0000370, HP:0000014, HP:0001626, HP:0000140",37.5%,64.8794002532959
"HP:0002829, HP:0007340, HP:0000832, HP:0001369, HP:0034451, HP:3000003, HP:0002493, HP:0002119","HP:0000326, HP:0000370, HP:0002423, HP:0003040, HP:0007082, HP:0008716, HP:0011787, HP:0012403","HP:0002829, HP:0012639, HP:0000832, HP:0011442, HP:0025142, HP:0007340, HP:0002493, HP:0010936, HP:0012443, HP:0003011, HP:0000118, HP:0011804, HP:0002118, HP:0000820, HP:0000707, HP:0012531, HP:0000014, HP:0012638, HP:0033127, HP:0000818, HP:0001367, HP:0011842, HP:0002926, HP:0000271, HP:0002011, HP:0000163, HP:0000153, HP:0025487, HP:0031816, HP:0001324, HP:3000003, HP:0003690, HP:0004321, HP:0000924, HP:0000119, HP:0000079, HP:0000821, HP:0001369, HP:0000152, HP:0034451, HP:0000234, HP:0002119",0.0%,119.46206736564636
"HP:0000370, HP:0001762, HP:0010230, HP:0410030, HP:0032385, HP:0002656, HP:0010442","HP:0004184, HP:0004454, HP:0008081, HP:0009167, HP:0012301, HP:0012580, HP:0100335, HP:0100399","HP:0002813, HP:0001762, HP:0025465, HP:0000598, HP:0001155, HP:0040064, HP:0001883, HP:0001760, HP:0000118, HP:0031703, HP:0410030, HP:0000370, HP:0001167, HP:0033127, HP:0000159, HP:0011842, HP:0002814, HP:0000271, HP:0011844, HP:0000163, HP:0000153, HP:0001939, HP:0032180, HP:0002652, HP:0031816, HP:0011297, HP:0005918, HP:0010442, HP:0005920, HP:0000924, HP:0002817, HP:0032179, HP:0010230, HP:0000152, HP:0005656, HP:0010876, HP:0032385, HP:0002656, HP:0000234",0.0%,74.67570328712463
"HP:0002345, HP:0000505, HP:0009726, HP:0000126, HP:0002719, HP:0009804","HP:0000362, HP:0002080, HP:0002726, HP:0006735, HP:0007650, HP:0007758, HP:0011055, HP:0012572","HP:0000153, HP:0001337, HP:0011442, HP:0002719, HP:0031816, HP:0010978, HP:0000478, HP:0010946, HP:0000164, HP:0009804, HP:0010935, HP:0000504, HP:0012210, HP:0000077, HP:0006483, HP:0004305, HP:0010944, HP:0009726, HP:0000118, HP:0000119, HP:0002715, HP:0000079, HP:0012373, HP:0032101, HP:0000707, HP:0000152, HP:0002345, HP:0012638, HP:0000126, HP:0000234, HP:0000505, HP:0000271, HP:0000163",0.0%,67.80569005012512
"HP:0000510, HP:0000407, HP:0008773, HP:0001756, HP:0010743, HP:0002836","HP:0000555, HP:0001751, HP:0001757, HP:0002836, HP:0004439, HP:0008773, HP:0010157","HP:0001098, HP:0001756, HP:0001832, HP:0008773, HP:0008609, HP:0031704, HP:0025487, HP:0000598, HP:0011389, HP:0000478, HP:0000556, HP:0010743, HP:0040064, HP:0000479, HP:0001964, HP:0000365, HP:0012372, HP:0010936, HP:0001760, HP:0004329, HP:0000118, HP:0000119, HP:0000079, HP:0031703, HP:0000510, HP:0001751, HP:0000370, HP:0000014, HP:0002836, HP:0000364, HP:0002814, HP:0000407",42.86%,66.39056777954102
"HP:0004054, HP:0009796, HP:0000089, HP:0012332, HP:0005280, HP:0100792, HP:0001973","HP:0004281, HP:0004454, HP:0004467, HP:0005565, HP:0011120, HP:0011154, HP:0012143, HP:0100792","HP:0000422, HP:0011001, HP:0001872, HP:0000951, HP:0000077, HP:0002270, HP:0000118, HP:0005105, HP:0000707, HP:0001973, HP:0001871, HP:0033127, HP:0011842, HP:0004348, HP:0000271, HP:0008678, HP:0003330, HP:0009796, HP:0000089, HP:0025668, HP:0100792, HP:0001873, HP:0010935, HP:0000366, HP:0004054, HP:0012210, HP:0012332, HP:0001574, HP:0005280, HP:0011875, HP:0000924, HP:0000119, HP:0000079, HP:0410008, HP:0000152, HP:0011873, HP:0011124, HP:0000464, HP:0009794, HP:0000234, HP:0011121, HP:0011849",12.5%,94.97463035583496
"HP:0045075, HP:0000370, HP:0002225, HP:0012125, HP:0001857","HP:0001144, HP:0002223, HP:0002225, HP:0006846, HP:0010121, HP:0011475, HP:0100787","HP:0012125, HP:0002225, HP:0011362, HP:0008775, HP:0000078, HP:0012243, HP:0000598, HP:0000812, HP:0001991, HP:0045075, HP:0002814, HP:0040064, HP:0001780, HP:0005035, HP:0001574, HP:0011138, HP:0000534, HP:0001831, HP:0001760, HP:0001857, HP:0000118, HP:0000022, HP:0000119, HP:0008070, HP:0031703, HP:0000370, HP:0001595, HP:0100840, HP:0100787",28.57%,53.678987979888916
"HP:0034398, HP:0006695, HP:0000403, HP:0001877, HP:0002243","HP:0000100, HP:0000403, HP:0004369, HP:0005540, HP:0011576, HP:0100423, HP:0100809","HP:0034398, HP:0002244, HP:0008609, HP:0000403, HP:0012718, HP:0000598, HP:0040064, HP:0001780, HP:0006695, HP:0000388, HP:0001627, HP:0001760, HP:0002242, HP:0000118, HP:0030680, HP:0001671, HP:0001877, HP:0031703, HP:0002243, HP:0000370, HP:0001871, HP:0001626, HP:0002814, HP:0025031, HP:0011024",14.29%,66.99559545516968
"HP:0001156, HP:0008670, HP:0001007, HP:0000973, HP:0000403, HP:0001973","HP:0000145, HP:0000388, HP:0004859, HP:0005325, HP:0007392, HP:0009251, HP:0012069","HP:0002813, HP:0012243, HP:0008609, HP:0010647, HP:0000598, HP:0000812, HP:0000008, HP:0001872, HP:0000951, HP:0000388, HP:0011138, HP:0000118, HP:0008670, HP:0031703, HP:0000142, HP:0001007, HP:0000973, HP:0000370, HP:0001973, HP:0001871, HP:0033127, HP:0011842, HP:0011844, HP:0001153, HP:0000078, HP:0011362, HP:0000403, HP:0011297, HP:0001873, HP:0001574, HP:0000924, HP:0000119, HP:0001156, HP:0011873, HP:0011927, HP:0001595, HP:0011875, HP:0011121, HP:0008067",14.29%,64.96649503707886
"HP:0002937, HP:0030682, HP:0002656, HP:0011454, HP:0000097","HP:0000097, HP:0000429, HP:0001644, HP:0002937, HP:0005242, HP:0009206, HP:0011454, HP:0100509","HP:0000095, HP:0002652, HP:0030682, HP:0000925, HP:0008609, HP:0000598, HP:0003312, HP:0000097, HP:0004452, HP:0010935, HP:0012210, HP:0000077, HP:0001627, HP:0000924, HP:0009121, HP:0000118, HP:0002937, HP:0030680, HP:0031263, HP:0031192, HP:0000119, HP:0030681, HP:0031703, HP:0000079, HP:0011035, HP:0000096, HP:0000370, HP:0003468, HP:0011454, HP:0033127, HP:0002656, HP:0001637, HP:0011842, HP:0001626",37.5%,82.19965147972107
"HP:0000813, HP:0002857, HP:0007827, HP:6000920, HP:0000381, HP:0002150","HP:0000152, HP:0000813, HP:0001149, HP:0002150, HP:0002857, HP:0008628","HP:0000481, HP:0000925, HP:0003110, HP:0012243, HP:0008609, HP:0000598, HP:0000812, HP:0000008, HP:0000478, HP:0040064, HP:0002981, HP:0007827, HP:0012372, HP:0000118, HP:0000381, HP:0002979, HP:0004328, HP:0003319, HP:0031703, HP:0000370, HP:0011280, HP:0033127, HP:0000130, HP:0011842, HP:0002814, HP:0008628, HP:0031105, HP:0001939, HP:0000078, HP:0002150, HP:0007957, HP:0002857, HP:0012591, HP:0004452, HP:0000813, HP:0000924, HP:0007759, HP:0000119, HP:0009121, HP:0046508, HP:6000920, HP:0011494",66.67%,52.2313506603241
"HP:0002345, HP:0000505, HP:0009726, HP:0000126, HP:0002719, HP:0009804","HP:0000362, HP:0002080, HP:0002726, HP:0006735, HP:0007650, HP:0007758, HP:0011055, HP:0012572","HP:0000153, HP:0001337, HP:0011442, HP:0002719, HP:0031816, HP:0010978, HP:0000478, HP:0010946, HP:0000164, HP:0009804, HP:0010935, HP:0000504, HP:0012210, HP:0000077, HP:0006483, HP:0004305, HP:0010944, HP:0009726, HP:0000118, HP:0000119, HP:0002715, HP:0000079, HP:0012373, HP:0032101, HP:0000707, HP:0000152, HP:0002345, HP:0012638, HP:0000126, HP:0000234, HP:0000505, HP:0000271, HP:0000163",0.0%,67.94617056846619
"HP:0000510, HP:0000407, HP:0008773, HP:0001756, HP:0010743, HP:0002836","HP:0000555, HP:0001751, HP:0001757, HP:0002836, HP:0004439, HP:0008773, HP:0010157","HP:0001098, HP:0001756, HP:0001832, HP:0008773, HP:0008609, HP:0031704, HP:0025487, HP:0000598, HP:0011389, HP:0000478, HP:0000556, HP:0010743, HP:0040064, HP:0000479, HP:0001964, HP:0000365, HP:0012372, HP:0010936, HP:0001760, HP:0004329, HP:0000118, HP:0000119, HP:0000079, HP:0031703, HP:0000510, HP:0001751, HP:0000370, HP:0000014, HP:0002836, HP:0000364, HP:0002814, HP:0000407",42.86%,66.35880541801453
"HP:0003394, HP:0007269, HP:0000568, HP:0004467, HP:0003275, HP:0000381, HP:0007618, HP:0001324, HP:0001104, HP:0000377, HP:0000211, HP:0000381","HP:0000601, HP:0002356, HP:0002764, HP:0003275, HP:0005216, HP:0007943, HP:0008523, HP:0009067","HP:0008609, HP:0000929, HP:0008059, HP:0000598, HP:0001104, HP:0000478, HP:0000211, HP:0000383, HP:0000479, HP:0012372, HP:0007618, HP:0003011, HP:0010766, HP:0011821, HP:0000118, HP:0000381, HP:0011804, HP:0040163, HP:0031703, HP:0000370, HP:0033127, HP:0011842, HP:0004467, HP:0011844, HP:0000271, HP:0008628, HP:0003202, HP:0000277, HP:0001098, HP:0000309, HP:0008056, HP:0000568, HP:0001324, HP:0004452, HP:0100277, HP:0000924, HP:0004329, HP:0011805, HP:0003394, HP:0000356, HP:0030791, HP:0002644, HP:0000377, HP:0000152, HP:0003275, HP:0000234, HP:0001103, HP:0004426, HP:0007269",12.5%,107.44787669181824
"HP:0000520, HP:0000602, HP:0034389, HP:0004348, HP:0009703, HP:0000370","HP:0000549, HP:0002703, HP:0005164, HP:0006163, HP:0008609, HP:0009903, HP:0100455","HP:0034389, HP:0100886, HP:0003330, HP:0005922, HP:0002795, HP:0000520, HP:0000602, HP:0000478, HP:0002088, HP:0004930, HP:0001155, HP:0012252, HP:0009701, HP:0040064, HP:0000598, HP:0000597, HP:0012372, HP:0004278, HP:0000924, HP:0000118, HP:0012373, HP:0002817, HP:0002086, HP:0031703, HP:0009703, HP:0000370, HP:0011718, HP:0030968, HP:0033127, HP:0000496, HP:0011842, HP:0004348, HP:0011849",0.0%,76.06791877746582
"HP:0007663, HP:0000662, HP:0002321, HP:0034398, HP:0004054, HP:0007209, HP:0040090, HP:0004411, HP:0010655","HP:0000580, HP:0004122, HP:0007188, HP:0008773, HP:0010727, HP:0100211, HP:0100468","HP:0001291, HP:0004411, HP:0012639, HP:0034398, HP:0001293, HP:0031704, HP:0011001, HP:0000598, HP:0011389, HP:0000478, HP:0040064, HP:0001760, HP:0000118, HP:0011314, HP:0005105, HP:0012373, HP:0040090, HP:0031703, HP:0001751, HP:0000707, HP:0033127, HP:0011842, HP:0004348, HP:0002814, HP:0000271, HP:0011844, HP:0003330, HP:0005930, HP:0007663, HP:0001780, HP:0000366, HP:0000504, HP:0004054, HP:0002321, HP:0007209, HP:0000924, HP:0000662, HP:0000759, HP:0000356, HP:0000152, HP:0000419, HP:0010655, HP:0000234, HP:0000505, HP:0011849",0.0%,111.68058466911316
"HP:0007700, HP:0001009, HP:0000164, HP:0001641, HP:0009804, HP:0002864","HP:0002864, HP:0004328, HP:0005148, HP:0005562, HP:0006293, HP:0006338, HP:0009893, HP:0011176","HP:0000153, HP:0012639, HP:0100007, HP:0001009, HP:0031816, HP:0000164, HP:0000478, HP:0009804, HP:0006483, HP:0012372, HP:0001627, HP:0002864, HP:0000118, HP:0030680, HP:0004328, HP:0000759, HP:0001641, HP:0002597, HP:0000707, HP:0000152, HP:0100634, HP:0001654, HP:0001626, HP:0011276, HP:0000234, HP:0002668, HP:0000271, HP:0007700, HP:0000163",25.0%,85.6142647266388
"HP:0001251, HP:0000479, HP:0005731, HP:0000387, HP:0000155, HP:0005303, HP:0100559, HP:0003063, HP:0008609, HP:0000155","HP:0000155, HP:0003927, HP:0007182, HP:0007973, HP:0009906, HP:0012397","HP:0001679, HP:0011442, HP:0008609, HP:0011830, HP:0000598, HP:0000478, HP:0040064, HP:0000479, HP:0025015, HP:0012372, HP:0011004, HP:0000118, HP:0005731, HP:0031703, HP:0000707, HP:0005303, HP:0000370, HP:0012638, HP:0009906, HP:0033127, HP:0004962, HP:0001251, HP:0011842, HP:0001626, HP:0002814, HP:0000271, HP:0000163, HP:0000153, HP:0001098, HP:0000363, HP:0031446, HP:0011443, HP:0003330, HP:0031816, HP:0003063, HP:0003103, HP:0000387, HP:0004963, HP:0033353, HP:0004329, HP:0000924, HP:0000155, HP:0100559, HP:0000356, HP:0002597, HP:0000377, HP:0000152, HP:0000234",33.33%,131.65569233894348
"HP:0005945, HP:0000426, HP:0000546, HP:0001988, HP:0000608, HP:0002718, HP:0003259, HP:0009830","HP:0000426, HP:0001105, HP:0001988, HP:0005360, HP:0007249, HP:0007982, HP:0008750, HP:0012101","HP:0011014, HP:0000422, HP:0002719, HP:0002795, HP:0003259, HP:0000478, HP:0000546, HP:0012252, HP:0000479, HP:0001943, HP:0001988, HP:0012372, HP:0002718, HP:0004364, HP:0002715, HP:0000118, HP:0005105, HP:0002086, HP:0011015, HP:0000707, HP:0005945, HP:0012638, HP:0009830, HP:0000271, HP:0000608, HP:0001600, HP:0001098, HP:0001939, HP:0012337, HP:0032180, HP:0000426, HP:0010978, HP:0430071, HP:0000366, HP:0025423, HP:0004329, HP:0032101, HP:0000152, HP:0002087, HP:0002157, HP:0000234",25.0%,65.60837531089783
"HP:0001047, HP:0001156, HP:0001363, HP:0012122","HP:0004009, HP:0007573, HP:0007813, HP:0009590, HP:0010008, HP:0010245, HP:0011321","HP:0011122, HP:0002813, HP:0000964, HP:0000929, HP:0011297, HP:0000478, HP:0012122, HP:0001363, HP:0000951, HP:0001574, HP:0012372, HP:0000554, HP:0000924, HP:0000118, HP:0000553, HP:0001156, HP:0002683, HP:0000152, HP:0001047, HP:0033127, HP:0011927, HP:0011123, HP:0011842, HP:0000234, HP:0011844",0.0%,37.40399146080017
"HP:0000103, HP:0002791, HP:0031607, HP:3000003, HP:0000633","HP:0000633, HP:0005952, HP:0006722, HP:0010753, HP:0011779, HP:0011881, HP:0100515, HP:0100645","HP:0031607, HP:0000153, HP:0000633, HP:0031816, HP:0002795, HP:0000478, HP:0012211, HP:0000632, HP:0010935, HP:0012590, HP:0000103, HP:0011036, HP:3000003, HP:0000077, HP:0000118, HP:0000119, HP:0000079, HP:0012373, HP:0002086, HP:0000152, HP:0001438, HP:0002793, HP:0002791, HP:0000234, HP:0000271, HP:0025031, HP:0000163",12.5%,40.80392408370972
"HP:0001324, HP:0000750, HP:0000505, HP:0000407, HP:0006827, HP:0007703, HP:0002380, HP:0000518","HP:0002398, HP:0004464, HP:0005387, HP:0007089, HP:0007703, HP:0011144","HP:0012639, HP:0011442, HP:0007703, HP:0006827, HP:0031704, HP:0000598, HP:0000478, HP:0000479, HP:0012372, HP:0003011, HP:0025792, HP:0000118, HP:0011804, HP:0004328, HP:0012373, HP:0007344, HP:0000517, HP:0000707, HP:0012638, HP:0033127, HP:0002380, HP:0000364, HP:0002011, HP:0000407, HP:0001098, HP:4000072, HP:0011446, HP:0001324, HP:0000504, HP:0000365, HP:0004305, HP:0004329, HP:0034434, HP:0000518, HP:0000750, HP:0000505, HP:0002167, HP:0002143",16.67%,77.38401055335999
"HP:0100924, HP:0009772, HP:0006897, HP:0000662, HP:0002089, HP:0000073, HP:0025261, HP:0031750","HP:0000662, HP:0005304, HP:0008631, HP:0011348, HP:0100911, HP:0100935, HP:3000008","HP:0031755, HP:0011729, HP:0009772, HP:0004286, HP:0011001, HP:0002795, HP:0002089, HP:0025590, HP:0000478, HP:0002088, HP:0001376, HP:0010161, HP:0040064, HP:0006824, HP:0012252, HP:0001760, HP:0000118, HP:0012373, HP:0002086, HP:0025261, HP:0000707, HP:0011843, HP:0031740, HP:0012638, HP:0031749, HP:0033127, HP:0011842, HP:0004348, HP:0002814, HP:0000073, HP:0003330, HP:0004281, HP:4000059, HP:0001387, HP:0031750, HP:0000069, HP:0006703, HP:0010935, HP:0001780, HP:0006897, HP:0004054, HP:0000504, HP:0034430, HP:0000924, HP:0000119, HP:0000662, HP:0000079, HP:0031910, HP:0100924, HP:0025633, HP:0011849",14.29%,97.87695074081421
"HP:0007215, HP:0001528, HP:0030237, HP:0000175, HP:3000055, HP:0012804, HP:0000954","HP:0000174, HP:0001421, HP:0006216, HP:0007215, HP:0007812, HP:0010496, HP:3000055","HP:0001291, HP:0001528, HP:0030237, HP:0012639, HP:0011442, HP:0007477, HP:0012804, HP:0000481, HP:0007215, HP:0001155, HP:0000478, HP:0040064, HP:0000951, HP:0012372, HP:0001421, HP:3000055, HP:0000118, HP:0000175, HP:0004328, HP:0000174, HP:0000707, HP:0011495, HP:0012638, HP:0001018, HP:0010490, HP:0000271, HP:0000163, HP:0000153, HP:0031816, HP:0000954, HP:0001574, HP:0011356, HP:0003470, HP:0000759, HP:0002817, HP:0000152, HP:0003768, HP:0000234, HP:0011121",57.14%,59.969135999679565
"HP:0000010, HP:0100033, HP:0000670, HP:0001131, HP:0100518, HP:0100515, HP:0034267, HP:0000750","HP:0000010, HP:0007089, HP:0007705, HP:0010826, HP:0011078","HP:0001131, HP:0000708, HP:0000481, HP:0002719, HP:0000010, HP:0000478, HP:0011061, HP:0025142, HP:0000722, HP:0012372, HP:0010936, HP:0002715, HP:0000118, HP:0025792, HP:0004328, HP:0000707, HP:0012531, HP:0000014, HP:0012638, HP:5200241, HP:0000271, HP:0000163, HP:0000153, HP:0000670, HP:0034267, HP:0031816, HP:4000072, HP:0011446, HP:0010978, HP:0000164, HP:0100515, HP:0100033, HP:0000119, HP:0034434, HP:0000079, HP:0000009, HP:0100518, HP:0032101, HP:0000152, HP:0000750, HP:0000234, HP:0002167",20.0%,104.58383393287659
"HP:0007750, HP:0007700, HP:0011508, HP:0009830, HP:0009804","HP:0000217, HP:0007700, HP:0011044, HP:0011503, HP:0012152, HP:0012645","HP:0000153, HP:0001098, HP:0031816, HP:0000478, HP:0000164, HP:0011508, HP:0009804, HP:0000479, HP:0007750, HP:0006483, HP:0012372, HP:0008060, HP:0004329, HP:0000118, HP:0004328, HP:0000707, HP:0000152, HP:0000493, HP:0012638, HP:0009830, HP:0000234, HP:0001103, HP:0000271, HP:0007700, HP:0000163",16.67%,57.32201814651489
"HP:0000692, HP:0007980, HP:0100292, HP:0000505, HP:0003690","HP:0006316, HP:0007722, HP:0010637, HP:0100292, HP:0100496","HP:0000153, HP:0001098, HP:0012639, HP:0031816, HP:0007894, HP:0000164, HP:0031605, HP:0000478, HP:0100292, HP:0007980, HP:0000504, HP:0001324, HP:0012372, HP:0003690, HP:0003011, HP:0004329, HP:0000118, HP:0011804, HP:0000759, HP:0012373, HP:0000692, HP:0000707, HP:0000152, HP:0033127, HP:0000234, HP:0000505, HP:0000271, HP:0000163",20.0%,87.33575677871704
"HP:0004411, HP:0001010, HP:0007033, HP:0002666, HP:0100585","HP:0004112, HP:0006748, HP:0007581, HP:0007822, HP:0011282, HP:0100869","HP:0012639, HP:0004411, HP:0001317, HP:0100585, HP:0100007, HP:0001009, HP:0011283, HP:0011282, HP:0000951, HP:0000366, HP:0001574, HP:0012443, HP:0007033, HP:0000118, HP:0005105, HP:0000759, HP:0002597, HP:0000234, HP:0000152, HP:0000271, HP:0000707, HP:0000419, HP:0100634, HP:0001010, HP:0002666, HP:0001626, HP:0011276, HP:0001000, HP:0011121, HP:0002011",16.67%,73.75668406486511
"HP:0000551, HP:0001363, HP:0005930, HP:0000926, HP:0012447","HP:0000551, HP:0004586, HP:0005494, HP:0007208, HP:0009209, HP:0009400, HP:0010135, HP:0100281","HP:0012639, HP:0012447, HP:0000925, HP:0000926, HP:0000929, HP:0005930, HP:0000478, HP:0003312, HP:0000551, HP:0001363, HP:0000504, HP:0000924, HP:0000118, HP:0009121, HP:0011314, HP:0012373, HP:0000234, HP:0000152, HP:0000707, HP:0003468, HP:0033127, HP:0011842, HP:0002683, HP:0011844",12.5%,82.02288436889648
"HP:0000982, HP:0001249, HP:0000486, HP:0001376, HP:0004947, HP:0100799, HP:0000982, HP:0000324","HP:0000486, HP:0000721, HP:0001249, HP:0002642, HP:0006715, HP:0007517, HP:0010030, HP:0011802","HP:0011729, HP:0000549, HP:0100026, HP:0000598, HP:0001376, HP:0000478, HP:0000972, HP:0007556, HP:0100799, HP:0000951, HP:0025015, HP:0001249, HP:0000118, HP:0012373, HP:0031703, HP:0004947, HP:0000707, HP:0011843, HP:0000370, HP:0012638, HP:0033127, HP:0000324, HP:0000496, HP:0001626, HP:0000271, HP:0000486, HP:0000962, HP:0000982, HP:0011446, HP:0011368, HP:0001574, HP:0033353, HP:0034430, HP:0001072, HP:0002597, HP:0001999, HP:0000152, HP:0000234, HP:0011121",25.0%,89.95432782173157
"HP:0001385, HP:0100754, HP:0030319, HP:0009487, HP:0025273, HP:0011706, HP:0007818","HP:0001384, HP:0004690, HP:0005335, HP:0006055, HP:0007302, HP:0007818, HP:0011708, HP:3000061","HP:0025766, HP:0011025, HP:0008034, HP:0200064, HP:0001100, HP:0009484, HP:0000301, HP:0001193, HP:0100754, HP:0001155, HP:0000478, HP:0100261, HP:0040064, HP:0011706, HP:0012372, HP:0000118, HP:0000553, HP:0025273, HP:0000707, HP:0012638, HP:0033127, HP:0001678, HP:0001626, HP:0011842, HP:0031546, HP:0000271, HP:0011844, HP:0030956, HP:0025230, HP:0005922, HP:0011446, HP:0001385, HP:0007818, HP:0003272, HP:0100851, HP:0011799, HP:0000924, HP:0002817, HP:0002644, HP:0030319, HP:0000152, HP:0000525, HP:0005150, HP:0000234, HP:0009487",12.5%,92.42562341690063
"HP:0034398, HP:0000698, HP:0003795, HP:0100697, HP:0000651","HP:0000544, HP:0006339, HP:0008094, HP:0009274, HP:0009424, HP:0010746, HP:0100007","HP:0000153, HP:0034398, HP:0000651, HP:0100697, HP:0011514, HP:0031816, HP:0011792, HP:0001991, HP:0000164, HP:0000478, HP:0000698, HP:0006482, HP:0040064, HP:0001780, HP:0002664, HP:0100242, HP:0000504, HP:0001831, HP:0001760, HP:0000118, HP:0030448, HP:0003795, HP:0012373, HP:0000152, HP:0000234, HP:0002814, HP:0000271, HP:0000163",0.0%,79.94657182693481
"HP:0034398, HP:0001763, HP:0034274, HP:0010289, HP:0100646, HP:0001970, HP:0025188, HP:0011096, HP:0025238, HP:0001288, HP:0033400, HP:0000225, HP:0012378, HP:0000505","HP:0001763, HP:0001919, HP:0002592, HP:0003130, HP:0009094, HP:0011513, HP:0100411, HP:0100646","HP:0012639, HP:0034398, HP:0025032, HP:0001969, HP:0011830, HP:0012378, HP:0000478, HP:0011772, HP:0040064, HP:0000479, HP:0025142, HP:0003130, HP:0000077, HP:0012372, HP:0001760, HP:0000118, HP:0000091, HP:0012373, HP:0000820, HP:0001970, HP:0000234, HP:0000707, HP:0011843, HP:0000202, HP:0012514, HP:0033127, HP:0012638, HP:0000818, HP:0033400, HP:0012575, HP:0002814, HP:0000271, HP:0000163, HP:0000153, HP:0025238, HP:0001098, HP:0000168, HP:0011458, HP:0031816, HP:0012718, HP:0001288, HP:0010935, HP:0001780, HP:0008046, HP:0000504, HP:0012210, HP:0009763, HP:0011096, HP:0004329, HP:0000119, HP:0010289, HP:0034274, HP:0000079, HP:0000759, HP:0001763, HP:0000225, HP:0000152, HP:0002027, HP:0100022, HP:0100646, HP:0000505, HP:0025188, HP:0025031, HP:0011024",37.5%,131.4559178352356
"HP:0004209, HP:0100659, HP:0001953, HP:0002808, HP:0012804, HP:0002703","HP:0000584, HP:0002942, HP:0003929, HP:0005979, HP:0007208, HP:0010345, HP:0012328, HP:0012518","HP:0012639, HP:0012804, HP:0000925, HP:0000481, HP:0000929, HP:0001155, HP:0000478, HP:0002808, HP:0040064, HP:0004097, HP:0012443, HP:0012372, HP:0000924, HP:0000118, HP:0009121, HP:0002703, HP:0004328, HP:0002817, HP:0004209, HP:0000819, HP:0009179, HP:0000707, HP:0011495, HP:0000234, HP:0000152, HP:0010674, HP:0001167, HP:0001953, HP:0033127, HP:0000818, HP:0011842, HP:0100659, HP:0002011",0.0%,84.42912817001343
"HP:0002813, HP:0004484, HP:0012368, HP:0001269","HP:0000288, HP:0001140, HP:0003411, HP:0007097, HP:0011218, HP:0011583","HP:0002813, HP:0011442, HP:0000929, HP:0004484, HP:0012368, HP:0000267, HP:0010549, HP:0004374, HP:0001269, HP:0002493, HP:0000924, HP:0000118, HP:0001999, HP:0000234, HP:0000152, HP:0000271, HP:0000707, HP:0012638, HP:0033127, HP:0011842, HP:0002683, HP:0011844",0.0%,64.81790900230408
"HP:0002683, HP:0007894, HP:0002190, HP:0001882, HP:0003306","HP:0000759, HP:0002190, HP:0004491, HP:0007894, HP:0008449, HP:0010603, HP:0012139, HP:0200066","HP:0012639, HP:0001882, HP:0001098, HP:0011893, HP:0000925, HP:0007376, HP:0000929, HP:0007894, HP:0031605, HP:0000478, HP:0012372, HP:0012443, HP:0004329, HP:0000118, HP:0002118, HP:0003306, HP:0002190, HP:0000924, HP:0009121, HP:0002683, HP:0000707, HP:0000152, HP:0001871, HP:0033127, HP:0011842, HP:0000234, HP:0001881, HP:0002011",25.0%,68.78392839431763
"HP:0040264, HP:0012378, HP:0001324, HP:0002615, HP:0000953, HP:0002656, HP:0010432, HP:0009834, HP:0003005, HP:0005343","HP:0002886, HP:0009940, HP:0010476, HP:0011748, HP:0100049, HP:0100263, HP:0100274, HP:0100437","HP:0005343, HP:0012639, HP:0100007, HP:0011025, HP:0012378, HP:0001155, HP:0002615, HP:0025142, HP:0040264, HP:0000951, HP:0040064, HP:0010936, HP:0003011, HP:0001760, HP:0000118, HP:0011804, HP:0030972, HP:0000953, HP:0010413, HP:0000707, HP:0012531, HP:0000014, HP:0001167, HP:0003005, HP:0009834, HP:0033127, HP:0001626, HP:0011842, HP:0001000, HP:0002814, HP:0002652, HP:0010432, HP:0025487, HP:0010173, HP:0010185, HP:0030450, HP:0006494, HP:0001324, HP:0001574, HP:0005918, HP:0000924, HP:0000119, HP:0000079, HP:0000759, HP:0002817, HP:0010476, HP:0002656, HP:0011121",12.5%,122.05107522010803
"HP:0000819, HP:0000855, HP:0003713, HP:0004054, HP:0000510","HP:0000580, HP:0000831, HP:0003713, HP:0003966, HP:0004630, HP:0009685, HP:0010236, HP:0012170","HP:0001939, HP:0001098, HP:0012337, HP:0011014, HP:0003330, HP:0011001, HP:0000478, HP:0000556, HP:0000479, HP:0004054, HP:0004303, HP:0012372, HP:0003011, HP:0000924, HP:0000118, HP:0011805, HP:0004329, HP:0000819, HP:0000510, HP:0003713, HP:0033127, HP:0000855, HP:0000818, HP:0011842, HP:0004348, HP:0011849",12.5%,74.14934229850769
"HP:0002500, HP:0000819, HP:0000554, HP:0000505, HP:0200026","HP:0000831, HP:0001474, HP:0007052, HP:0012121","HP:0012639, HP:0010993, HP:0200026, HP:0000478, HP:0000504, HP:0012372, HP:0012443, HP:0000554, HP:0002060, HP:0000118, HP:0000553, HP:0002500, HP:0012373, HP:0000819, HP:0000707, HP:0100547, HP:0000818, HP:0000505, HP:0002011",0.0%,63.604989528656006
"HP:0001987, HP:0004054, HP:0034398, HP:0000107, HP:0000588, HP:0008213, HP:0100710, HP:0008208","HP:0000588, HP:0008200, HP:0008281, HP:0009848, HP:0010083, HP:0012287, HP:0012782, HP:0100710","HP:0000708, HP:0034398, HP:0011747, HP:0011766, HP:0011001, HP:0008213, HP:0000478, HP:0040064, HP:0000107, HP:0000077, HP:0100710, HP:0001760, HP:0004364, HP:0012372, HP:0000118, HP:0012503, HP:0000864, HP:0000707, HP:0000828, HP:0012638, HP:0033127, HP:0040075, HP:0000818, HP:0011842, HP:0002814, HP:0004348, HP:0001987, HP:5200241, HP:0001939, HP:0032180, HP:0003330, HP:0011446, HP:0430071, HP:0000589, HP:0001780, HP:0010935, HP:0004054, HP:0012210, HP:0000830, HP:0000734, HP:0000924, HP:0000119, HP:0008208, HP:0000079, HP:0002157, HP:0000588, HP:0011849",25.0%,72.83555626869202
"HP:0009700, HP:0011268, HP:0000846, HP:0002684, HP:0000914, HP:0000956, HP:0002014","HP:0002630, HP:0004490, HP:0008259, HP:0009990, HP:0011268, HP:0011368, HP:0100625","HP:0002684, HP:0025032, HP:0000914, HP:0000956, HP:0000929, HP:0011268, HP:0000598, HP:0001155, HP:0000834, HP:0040064, HP:0000951, HP:0002014, HP:0000118, HP:0031703, HP:0033127, HP:0000765, HP:0000818, HP:0002683, HP:0011842, HP:0009913, HP:0011458, HP:0005922, HP:0011733, HP:0009700, HP:0011368, HP:0001574, HP:0004278, HP:0000924, HP:0009121, HP:0002817, HP:0001072, HP:0000356, HP:0000377, HP:0000152, HP:0100625, HP:0000846, HP:0001547, HP:0000234, HP:0011121, HP:0025031, HP:0009912",42.86%,53.14232850074768
"HP:0000639, HP:0001831, HP:0004437, HP:0410135, HP:0100646, HP:0002516, HP:0002353","HP:0002516, HP:0005477, HP:0010120, HP:0010325, HP:0011296, HP:0011971, HP:0012547, HP:0100646","HP:0000929, HP:0012547, HP:0001991, HP:0000478, HP:0011772, HP:0030178, HP:0001311, HP:0012640, HP:0040064, HP:0001780, HP:0410135, HP:0001831, HP:0001760, HP:0410134, HP:0002516, HP:0000118, HP:0000818, HP:0000639, HP:0012373, HP:0002683, HP:0002597, HP:0000234, HP:0000152, HP:0000820, HP:0001025, HP:0000707, HP:0012638, HP:0004437, HP:0000496, HP:0001626, HP:0011276, HP:0100646, HP:0002814, HP:0002353",37.5%,79.73008799552917
"HP:0000815, HP:0000639, HP:0010450, HP:0001083, HP:0003468, HP:0200134, HP:0000505, HP:0000823, HP:0000639, HP:0000347, HP:0000218, HP:0000486, HP:0002751","HP:0002043, HP:0002683, HP:0003492, HP:0005640, HP:0007704, HP:0012001, HP:0012629","HP:0001507, HP:0009118, HP:0000135, HP:0000549, HP:0000925, HP:0000929, HP:0012547, HP:0002650, HP:0200134, HP:0002751, HP:0000478, HP:0002031, HP:0012372, HP:0011821, HP:0000823, HP:0000118, HP:0000639, HP:0004328, HP:0012373, HP:0000174, HP:0000517, HP:0000707, HP:0000218, HP:0012638, HP:0033127, HP:0000496, HP:0011842, HP:0000271, HP:0000277, HP:0000153, HP:0000163, HP:0000486, HP:0000080, HP:0000078, HP:0000347, HP:0031816, HP:0010450, HP:0012718, HP:0001510, HP:0000815, HP:0001083, HP:0000504, HP:0001298, HP:0000924, HP:0009121, HP:0000119, HP:0030791, HP:0000152, HP:0010674, HP:0003468, HP:0000234, HP:0000505, HP:0025031, HP:0011024",0.0%,98.68904161453247
"HP:0001363, HP:0002007, HP:0008052, HP:0000820, HP:0002353, HP:0100512, HP:0001263, HP:0008872","HP:0000929, HP:0001493, HP:0002392, HP:0005466, HP:0012053, HP:0100030","HP:0001939, HP:0001098, HP:0025032, HP:0011968, HP:0032245, HP:0000929, HP:0100511, HP:0011458, HP:0000478, HP:0030178, HP:0001311, HP:0001363, HP:0000479, HP:0001263, HP:0002353, HP:0012372, HP:0008052, HP:0004329, HP:0100512, HP:0000118, HP:0008872, HP:0002007, HP:0100508, HP:0000820, HP:0000234, HP:0000152, HP:0000707, HP:0012638, HP:0000290, HP:0012759, HP:0000818, HP:0002683, HP:0000271, HP:0025031, HP:0012758",16.67%,65.17645931243896
"HP:0010664, HP:0011002, HP:0000826, HP:0003163, HP:0007359","HP:0003163, HP:0005275, HP:0005890, HP:0008236, HP:0010664, HP:0012016","HP:0012639, HP:0100000, HP:0001939, HP:0001250, HP:0010664, HP:0003110, HP:0003330, HP:0011002, HP:0011001, HP:0007359, HP:0012443, HP:0000924, HP:0000118, HP:0000818, HP:6000531, HP:0033354, HP:0010662, HP:0000707, HP:0008373, HP:0012638, HP:0033127, HP:0100547, HP:0003163, HP:0000826, HP:0011842, HP:0010663, HP:0004348, HP:0002011, HP:0011849",33.33%,65.48631453514099
"HP:0025672, HP:0006695, HP:0000147, HP:0001156, HP:0003764, HP:0009771, HP:0001156, HP:0005864","HP:0001062, HP:0001791, HP:0006170, HP:0008675, HP:0009193, HP:0010137, HP:0011555, HP:0100210","HP:0000147, HP:0002813, HP:0011355, HP:0012243, HP:0009771, HP:0000812, HP:0000008, HP:0001155, HP:0040064, HP:0003764, HP:0000951, HP:0006695, HP:0000137, HP:0000118, HP:0001671, HP:0011314, HP:0001167, HP:0033127, HP:0001626, HP:0011842, HP:0000138, HP:0031065, HP:0011844, HP:0005864, HP:0011032, HP:0001939, HP:0012337, HP:0000078, HP:0011297, HP:0025672, HP:0001574, HP:0001627, HP:0005918, HP:0000924, HP:0030680, HP:0000119, HP:0002817, HP:0001156, HP:0011927, HP:0011121, HP:0000969",0.0%,64.64668464660645
"HP:0002878, HP:0031527, HP:0002902, HP:0001875, HP:0002718, HP:0031527, HP:0002902","HP:0002871, HP:0005381, HP:0005541, HP:0010838, HP:0010931, HP:0011532, HP:0200073","HP:0001939, HP:0001098, HP:0032180, HP:0010974, HP:0002719, HP:0002795, HP:0010978, HP:0001875, HP:0000478, HP:0001874, HP:0000479, HP:0031527, HP:0012372, HP:0002718, HP:0002878, HP:0010929, HP:0004329, HP:0000118, HP:0010931, HP:0002715, HP:0002086, HP:0002902, HP:0002093, HP:0011991, HP:0032101, HP:0001871, HP:0010930, HP:0001911, HP:0003111, HP:0001881",14.29%,66.66475510597229
"HP:0025238, HP:0001288, HP:0003099, HP:0005313, HP:0000603, HP:0002656, HP:0005930","HP:0003085, HP:0005313, HP:0007663, HP:0100130, HP:0100131","HP:0003099, HP:0000478, HP:0040064, HP:0002981, HP:0025015, HP:0011004, HP:0000118, HP:0011314, HP:0012373, HP:0000575, HP:0001123, HP:0000707, HP:0011843, HP:0012514, HP:0012638, HP:0033127, HP:0001626, HP:0005313, HP:0002991, HP:0011842, HP:0002814, HP:0011844, HP:0025238, HP:0002652, HP:0005930, HP:0001288, HP:0000504, HP:0009763, HP:0033353, HP:0000924, HP:0002597, HP:0000603, HP:0100022, HP:0002656, HP:0000505",20.0%,86.11975574493408
"HP:0007110, HP:0001156, HP:0030084, HP:0000787, HP:0002721, HP:0002691, HP:0000961, HP:0001156, HP:0030157","HP:0000777, HP:0002691, HP:0005424, HP:0007110, HP:0010183, HP:0010385","HP:0002813, HP:0007110, HP:0002721, HP:0000929, HP:0002795, HP:0025142, HP:0000951, HP:0000077, HP:0002715, HP:0000118, HP:0002086, HP:0012531, HP:0033127, HP:0002793, HP:0011842, HP:0002683, HP:0002791, HP:0011844, HP:0030157, HP:0030084, HP:0002691, HP:0011297, HP:0010978, HP:0010935, HP:0001005, HP:0012210, HP:0001574, HP:0000787, HP:0000924, HP:0000119, HP:0000079, HP:0001156, HP:0000152, HP:0011354, HP:0000961, HP:0011927, HP:0000234, HP:0011121",33.33%,66.64383935928345
"HP:0010442, HP:0005830, HP:0100028","HP:0003680, HP:0004284, HP:0008188, HP:0009933, HP:0009971, HP:0100356, HP:0100574","HP:0002813, HP:0005830, HP:0011297, HP:0011772, HP:0008188, HP:0040064, HP:0001760, HP:0010442, HP:0000924, HP:0000118, HP:0008366, HP:0100028, HP:0000820, HP:0033127, HP:0000818, HP:0011842, HP:0002814, HP:0011844",14.29%,79.68408513069153
"HP:0001083, HP:0034398, HP:0001765, HP:0002750, HP:0003196","HP:0000818, HP:0005278, HP:0006016, HP:0006432, HP:0008494, HP:0010175, HP:0010319, HP:0011436","HP:0034398, HP:0000478, HP:0000927, HP:0001083, HP:0040064, HP:0001780, HP:0000366, HP:0012372, HP:0001760, HP:0000118, HP:0003196, HP:0004328, HP:0001765, HP:0002750, HP:0005105, HP:0000517, HP:0011843, HP:0000152, HP:0033127, HP:0000234, HP:0002814, HP:0000271",0.0%,59.01970720291138
"HP:0010052, HP:0004493, HP:0009910, HP:0012469, HP:0001250, HP:0001263, HP:0001953","HP:0001953, HP:0007285, HP:0010092, HP:0011454, HP:0012469","HP:0001250, HP:0010057, HP:0008609, HP:0004493, HP:0010052, HP:0000598, HP:0040064, HP:0001780, HP:0001263, HP:0004452, HP:0020219, HP:0012469, HP:0011097, HP:0001760, HP:0000118, HP:0009910, HP:0031703, HP:0000819, HP:0000707, HP:0000152, HP:0000370, HP:0012638, HP:0001953, HP:0012759, HP:0000818, HP:0012758, HP:0000234, HP:0002814, HP:0000271, HP:0001844",40.0%,60.5624361038208
"HP:0012040, HP:0008551, HP:0000298, HP:0025125, HP:0000202, HP:0030292, HP:0000819","HP:0000298, HP:0004112, HP:0006423, HP:0009800, HP:0011751, HP:0012040, HP:0100687, HP:3000019","HP:0011032, HP:0001939, HP:0012337, HP:0000153, HP:0002813, HP:0011844, HP:0000163, HP:0000944, HP:0031816, HP:0011830, HP:0000598, HP:0003025, HP:0025125, HP:0000924, HP:0000118, HP:0004673, HP:0008772, HP:0005346, HP:0000356, HP:0000819, HP:0008551, HP:0030292, HP:0031703, HP:0000234, HP:0000377, HP:0000152, HP:0030291, HP:0000202, HP:0033127, HP:0000818, HP:0011842, HP:0012040, HP:0000298, HP:0000271, HP:0000969",25.0%,69.99161648750305
"HP:0001328, HP:0001156, HP:0001156, HP:0004418, HP:0001363, HP:0000860, HP:0001894, HP:0007732","HP:0000860, HP:0001328, HP:0002625, HP:0002638, HP:0004186, HP:0005035, HP:0007732, HP:0010823","HP:0002813, HP:0011766, HP:0000929, HP:0000860, HP:0001872, HP:0011768, HP:0000614, HP:0030669, HP:0001894, HP:0000118, HP:0004418, HP:0000707, HP:0000828, HP:0000234, HP:0001871, HP:0012638, HP:0000315, HP:0033127, HP:0000818, HP:0011842, HP:0002683, HP:0011844, HP:0000271, HP:0007732, HP:0032039, HP:0008038, HP:0011482, HP:0011297, HP:0001977, HP:0001363, HP:0004936, HP:0000924, HP:0001156, HP:0001328, HP:0000152, HP:0011873, HP:0011927, HP:0012759, HP:0011875",37.5%,77.10002017021179
"HP:0000703, HP:0011182, HP:0002098, HP:0004361, HP:0000093, HP:0001156","HP:0003261, HP:0004361, HP:0010109, HP:0011086, HP:0011186, HP:0012595, HP:0012763","HP:0003117, HP:0002813, HP:0010299, HP:0003110, HP:0002795, HP:0000703, HP:0011182, HP:0030178, HP:0011061, HP:0004361, HP:0000118, HP:0025373, HP:0002086, HP:0000707, HP:0012638, HP:0033127, HP:0000818, HP:0002793, HP:0002094, HP:0011842, HP:0002353, HP:0000271, HP:0011844, HP:0000163, HP:0000153, HP:0001939, HP:0031816, HP:0020129, HP:0011297, HP:0000164, HP:0002098, HP:0001311, HP:0000924, HP:0001156, HP:0033354, HP:0000152, HP:0000093, HP:0011927, HP:0000234",14.29%,50.46128845214844
"HP:0001321, HP:0001251, HP:0000846, HP:0012378, HP:0001324, HP:0001650, HP:0000822, HP:0001511, HP:0002745, HP:0000859, HP:0430034, HP:0100031, HP:0041162, HP:0025238","HP:0000859, HP:0001473, HP:0002745, HP:0004381, HP:0006781, HP:0006893, HP:0011408, HP:0011734","HP:0012639, HP:0001507, HP:0011442, HP:0011025, HP:0031653, HP:0011830, HP:0012378, HP:0011282, HP:0031652, HP:0011772, HP:0000834, HP:0025142, HP:0100031, HP:0040064, HP:0012443, HP:0003011, HP:0001760, HP:0000118, HP:0011804, HP:0430034, HP:0030972, HP:0000820, HP:0000707, HP:0011843, HP:0012638, HP:0000822, HP:0001511, HP:0033127, HP:0012514, HP:0001251, HP:0000818, HP:0001626, HP:0002814, HP:0011283, HP:0002011, HP:0000271, HP:0000163, HP:0000153, HP:0025238, HP:0041162, HP:0001317, HP:0001832, HP:0011443, HP:0007360, HP:0031816, HP:0001510, HP:0011733, HP:0002745, HP:0032263, HP:0001324, HP:0000847, HP:0009763, HP:0025125, HP:0000152, HP:0000846, HP:0001321, HP:0001650, HP:0000859, HP:0000234, HP:0040085",25.0%,109.61922454833984
"HP:0001712, HP:0002890, HP:0002092, HP:0009804, HP:0000126, HP:0001857, HP:0003355","HP:0002092, HP:0002865, HP:0010899, HP:0010955, HP:0011045, HP:0100085, HP:0100510, HP:3000001","HP:0003110, HP:0001713, HP:0002795, HP:0001991, HP:0011772, HP:0010946, HP:0040064, HP:0100031, HP:0001712, HP:0005035, HP:0001711, HP:0004890, HP:0000077, HP:0001831, HP:0001760, HP:0001857, HP:0000118, HP:0030875, HP:0002086, HP:0000820, HP:0000126, HP:0000818, HP:0001626, HP:0002814, HP:0000271, HP:0025745, HP:0000163, HP:0000153, HP:0001939, HP:0002890, HP:0031816, HP:0000164, HP:0009804, HP:0010935, HP:0001780, HP:0006483, HP:0012210, HP:0001627, HP:0033578, HP:0010944, HP:0030680, HP:0000119, HP:0000079, HP:0033354, HP:0002092, HP:0000152, HP:0003355, HP:0000234",12.5%,66.32129144668579
"HP:0034398, HP:0001159, HP:0000505, HP:0002092, HP:0010579, HP:0001159, HP:0030666, HP:0034323, HP:0000089","HP:0000090, HP:0000824, HP:0004927, HP:0005323, HP:0007778, HP:0009972, HP:0100182","HP:0003117, HP:0002813, HP:0034398, HP:0010579, HP:0002795, HP:0000478, HP:0040064, HP:0000479, HP:0001159, HP:0012372, HP:0004890, HP:0001760, HP:0000077, HP:0000118, HP:0030875, HP:0011314, HP:0012373, HP:0002086, HP:0033127, HP:0000818, HP:0011842, HP:0002814, HP:0011844, HP:0001098, HP:0032367, HP:0008678, HP:0000089, HP:0011297, HP:0005930, HP:0010935, HP:0001780, HP:0008046, HP:0000504, HP:0012210, HP:0033578, HP:0000924, HP:0004329, HP:0000119, HP:0000079, HP:0002092, HP:0030666, HP:0000505, HP:0034323",0.0%,79.64536118507385
"HP:0000826, HP:0007406, HP:0005528, HP:0010452, HP:0034398, HP:0100502","HP:0001978, HP:0003145, HP:0003440, HP:0007406, HP:0008185, HP:0010354, HP:0010452","HP:0001743, HP:0100000, HP:0002012, HP:0001939, HP:0034398, HP:0032039, HP:0004341, HP:0032245, HP:0040126, HP:0005528, HP:0007406, HP:0040064, HP:0001780, HP:0030669, HP:0005561, HP:0004340, HP:0025408, HP:0001760, HP:0010452, HP:0000118, HP:0000826, HP:0100508, HP:0000152, HP:0100502, HP:0000492, HP:0012145, HP:0008373, HP:0000315, HP:0001871, HP:0000818, HP:0000234, HP:0002814, HP:0000271, HP:0025031",28.57%,74.32511115074158
"HP:0006482, HP:0034398, HP:0003394, HP:0003560, HP:0011950, HP:0011109, HP:0000853, HP:0000478","HP:0000284, HP:0003693, HP:0005873, HP:0007087, HP:0008249, HP:0011062, HP:0011946, HP:0100582","HP:0034398, HP:0002719, HP:0002795, HP:0000478, HP:0011772, HP:0006482, HP:0012252, HP:0040064, HP:0001760, HP:0003011, HP:0002715, HP:0000118, HP:0011804, HP:0002086, HP:0000820, HP:0033127, HP:0000818, HP:0002814, HP:0000271, HP:0000163, HP:0000153, HP:0000245, HP:0031816, HP:0000246, HP:0010978, HP:0000164, HP:0001780, HP:0002205, HP:0000853, HP:0011805, HP:0003394, HP:0011950, HP:0032101, HP:0000152, HP:0002087, HP:0011109, HP:0011948, HP:0003560, HP:0000234",0.0%,62.02785015106201
"HP:0001863, HP:0000695, HP:0010516, HP:0009803, HP:0001288, HP:0000689","HP:0004203, HP:0006288, HP:0010206, HP:0010516","HP:0002813, HP:0006288, HP:0001155, HP:0040064, HP:0009803, HP:0009767, HP:0001863, HP:0000118, HP:0000695, HP:0000692, HP:0000707, HP:0000689, HP:0001167, HP:0033127, HP:0012638, HP:0000818, HP:0011842, HP:0000777, HP:0000271, HP:0011844, HP:0000163, HP:0000153, HP:0030084, HP:0031816, HP:0011297, HP:0000164, HP:0001288, HP:0010516, HP:0005918, HP:0000924, HP:0006292, HP:0002817, HP:0000152, HP:0100022, HP:0000234",50.0%,43.51387858390808
"HP:0012234, HP:0005209, HP:0001822, HP:0100733, HP:0001103, HP:0001404, HP:0010801, HP:0001324, HP:0012378, HP:0000980, HP:0001433","HP:0000288, HP:0001404, HP:0001913, HP:0002897, HP:0005209, HP:0008002, HP:0010079","HP:0012440, HP:0001913, HP:0011766, HP:0011040, HP:0012378, HP:0005209, HP:0000478, HP:0001744, HP:0032309, HP:0040064, HP:0000479, HP:0100733, HP:0025142, HP:0000951, HP:0012372, HP:0001760, HP:0001822, HP:0003011, HP:0000118, HP:0011804, HP:0004297, HP:0000828, HP:0410042, HP:0010051, HP:0001871, HP:0003271, HP:0001438, HP:0001433, HP:0033127, HP:0000818, HP:0010801, HP:0002814, HP:0001881, HP:0000271, HP:0002012, HP:0001098, HP:0005289, HP:0001324, HP:0001780, HP:0000366, HP:0001574, HP:0004329, HP:0001404, HP:0001392, HP:0000980, HP:0000152, HP:0001080, HP:0012234, HP:0001911, HP:0010974, HP:0000234, HP:0001103, HP:0011121, HP:0025031, HP:0001844, HP:0002605",42.86%,103.85181331634521
"HP:0033522, HP:0001162, HP:0002893, HP:0000692, HP:0011933, HP:0003128","HP:0004900, HP:0006330, HP:0009985, HP:0010232, HP:0011750, HP:0011933, HP:0100623, HP:0100872","HP:0012639, HP:0033522, HP:0011747, HP:0001941, HP:0011750, HP:0001155, HP:0001162, HP:0040064, HP:0012443, HP:0000118, HP:0012503, HP:0009997, HP:0000692, HP:0000864, HP:0000707, HP:0001161, HP:0002893, HP:0007361, HP:0000818, HP:0001626, HP:0011932, HP:0000271, HP:0002011, HP:0000163, HP:0000153, HP:0001939, HP:0012337, HP:0031816, HP:0011933, HP:0001028, HP:0005922, HP:0100742, HP:0001048, HP:0000164, HP:0002817, HP:0004360, HP:0004275, HP:0003128, HP:0002597, HP:0000152, HP:0000234, HP:0002363",25.0%,90.31802892684937
"HP:0010627, HP:0000621, HP:0001156","HP:0000621, HP:0011757, HP:0012771, HP:0100091","HP:0002813, HP:0011844, HP:0000621, HP:0032039, HP:0011747, HP:0011297, HP:0010627, HP:0030669, HP:0000924, HP:0000118, HP:0001156, HP:0012503, HP:0000864, HP:0000152, HP:0000492, HP:0010625, HP:0000315, HP:0033127, HP:0011927, HP:0000818, HP:0011842, HP:0000234, HP:0000271",25.0%,37.126476764678955
"HP:0011850, HP:0001863, HP:0010535, HP:0100733, HP:0100259, HP:0002877, HP:0010743, HP:0000998","HP:0002219, HP:0002877, HP:0006780, HP:0010152, HP:0010355, HP:0011309, HP:0011850, HP:0012271","HP:0000998, HP:0002813, HP:0011766, HP:0002795, HP:0010743, HP:0040064, HP:0001964, HP:0100733, HP:0001595, HP:0001863, HP:0001760, HP:0011138, HP:0000118, HP:0002086, HP:0002360, HP:0000707, HP:0000828, HP:0012638, HP:0033127, HP:0000818, HP:0011842, HP:0002793, HP:0002791, HP:0002814, HP:0011844, HP:0000271, HP:0000163, HP:0000153, HP:0100259, HP:0001832, HP:0011362, HP:0030084, HP:0002877, HP:0031816, HP:0011446, HP:5200283, HP:0011297, HP:0011850, HP:0001574, HP:0010442, HP:0000924, HP:0010535, HP:0000152, HP:0010286, HP:0000197, HP:0000234",25.0%,85.85475778579712
"HP:0009774, HP:0001363, HP:0012165, HP:0012345, HP:0000639","HP:0000322, HP:0001361, HP:0002890, HP:0006209, HP:0010402, HP:0011322, HP:0012354, HP:0012573","HP:0001939, HP:0002813, HP:0012345, HP:0032245, HP:0000929, HP:0012547, HP:0001155, HP:0011297, HP:0000478, HP:0001363, HP:0040064, HP:0009774, HP:0005918, HP:0000924, HP:0000118, HP:0000639, HP:0012373, HP:0002817, HP:0012165, HP:0000234, HP:0000152, HP:0001167, HP:0033127, HP:0000496, HP:0011842, HP:0002683, HP:0011844",0.0%,63.01290941238403
"HP:0001162, HP:0100237, HP:0000483, HP:0006482, HP:0001171, HP:0001586","HP:0000484, HP:0001586, HP:0005866, HP:0006270, HP:0006482, HP:0010760, HP:0011764, HP:0100475","HP:0000153, HP:0001171, HP:0000483, HP:0000078, HP:0001586, HP:0000539, HP:0031816, HP:0005922, HP:0012243, HP:0001155, HP:0000478, HP:0000164, HP:0000812, HP:0006482, HP:0001162, HP:0040064, HP:0010161, HP:0001780, HP:0004320, HP:0000008, HP:0001760, HP:0000118, HP:0000119, HP:0100237, HP:0012373, HP:0002817, HP:0009997, HP:0004275, HP:0000152, HP:0001161, HP:0000142, HP:0000234, HP:0010179, HP:0002814, HP:0000271, HP:0000163",25.0%,46.84600853919983
"HP:0000846, HP:0001888, HP:0011332, HP:0000787, HP:0100259, HP:0012378, HP:0012378, HP:0002094","HP:0000320, HP:0001888, HP:0008216, HP:0010440, HP:0011674, HP:0012408","HP:0100259, HP:0002813, HP:0011844, HP:0002793, HP:0002795, HP:0012378, HP:0011733, HP:0011297, HP:0000834, HP:0040088, HP:0010935, HP:0025142, HP:0004332, HP:0012210, HP:0000077, HP:0010442, HP:0000787, HP:0000118, HP:0000119, HP:0000924, HP:0000079, HP:0002086, HP:0001999, HP:0000234, HP:0000152, HP:0001871, HP:0000846, HP:0033127, HP:0000324, HP:0011842, HP:0000818, HP:0011332, HP:0002094, HP:0001888, HP:0001881, HP:0000271",16.67%,78.70044183731079
,"HP:0000300, HP:0003831, HP:0008142, HP:0011564, HP:0011744, HP:0011844, HP:0011926",,0.0%,0.40775036811828613
"HP:0010516, HP:0009794, HP:0001156, HP:0100736, HP:0002750","HP:0003947, HP:0010516, HP:0010746, HP:0010888, HP:0011892, HP:0100272, HP:0100736","HP:0000153, HP:0002813, HP:0031816, HP:0025668, HP:0011297, HP:0000927, HP:0000464, HP:0010516, HP:0000924, HP:0000118, HP:0000818, HP:0002750, HP:0001156, HP:0000174, HP:0000152, HP:0000271, HP:0011843, HP:0100736, HP:0033127, HP:0011927, HP:0011842, HP:0000777, HP:0009794, HP:0000234, HP:0011844, HP:0000163",28.57%,83.25064635276794
"HP:0000577, HP:0010906, HP:0000568, HP:0000998, HP:0006767","HP:0000577, HP:0007633, HP:0010904, HP:0011335, HP:0012341, HP:0100558, HP:0100559, HP:0100839","HP:0001939, HP:0000998, HP:0032180, HP:0000486, HP:0000549, HP:0011362, HP:0010906, HP:0008056, HP:0011747, HP:0011750, HP:0020049, HP:0000478, HP:0430071, HP:0000568, HP:0003112, HP:0001574, HP:0012372, HP:0011138, HP:0000577, HP:0000118, HP:0000818, HP:0004354, HP:0012373, HP:0006767, HP:0012503, HP:0000864, HP:0002893, HP:0000496, HP:0001595, HP:0010904, HP:0033107",25.0%,75.41778540611267
"HP:0009058, HP:0002656, HP:0002493, HP:0100827, HP:0005990, HP:0003355","HP:0002853, HP:0002926, HP:0008666, HP:0009353, HP:0009934, HP:0010382, HP:0010875, HP:0012240","HP:0001939, HP:0011893, HP:0002652, HP:0033079, HP:0011442, HP:0003110, HP:0009058, HP:0034370, HP:0011772, HP:0100827, HP:0002493, HP:0003011, HP:0000924, HP:0000118, HP:0011805, HP:0033354, HP:0025745, HP:0001974, HP:0000820, HP:0000707, HP:0003355, HP:0012638, HP:0001871, HP:0033127, HP:0002656, HP:0000818, HP:0011842, HP:0001881, HP:0005990",0.0%,82.01440763473511
"HP:0003113, HP:0001733, HP:0000579, HP:0000554, HP:0041055, HP:0002656, HP:0000841","HP:0000579, HP:0000847, HP:0001732, HP:0003113, HP:0003864, HP:0012121, HP:0100164","HP:0025736, HP:0001732, HP:0000478, HP:0000614, HP:0011481, HP:0030669, HP:0012372, HP:0000554, HP:0000118, HP:0000553, HP:0011314, HP:0000841, HP:0000315, HP:0033127, HP:0003111, HP:0011842, HP:0000818, HP:0011844, HP:0000271, HP:0001939, HP:0002012, HP:0032180, HP:0002652, HP:0032039, HP:0012091, HP:0011422, HP:0003113, HP:0000847, HP:0000924, HP:0001733, HP:0000579, HP:0000152, HP:0041055, HP:0002656, HP:0000234, HP:0025031",57.14%,58.14112401008606
"HP:0000211, HP:0004789, HP:0010480, HP:0002656, HP:0002656, HP:0000256, HP:0000871","HP:0000211, HP:0000830, HP:0001833, HP:0009157, HP:0009494, HP:0009890, HP:0010480, HP:0100327","HP:0002652, HP:0000240, HP:0025032, HP:0011747, HP:0040194, HP:0000929, HP:0000211, HP:0000830, HP:0010480, HP:0000256, HP:0010936, HP:0011821, HP:0000924, HP:0000118, HP:0000119, HP:0000818, HP:0000079, HP:0012503, HP:0030791, HP:0000864, HP:0000795, HP:0004789, HP:0000152, HP:0033127, HP:0000871, HP:0002656, HP:0002024, HP:0011842, HP:0000234, HP:0040075, HP:0025031, HP:0000277",37.5%,65.60950756072998
"HP:0011472, HP:0000110, HP:0000855, HP:0011076, HP:0001822","HP:0000877, HP:0008696, HP:0011076, HP:0011472, HP:0100345","HP:0001939, HP:0000153, HP:0012337, HP:0011014, HP:0025129, HP:0000163, HP:0002244, HP:0031816, HP:0012718, HP:0000164, HP:0010935, HP:0040064, HP:0001780, HP:0012210, HP:0000077, HP:0001760, HP:0001822, HP:0002242, HP:0000118, HP:0011076, HP:0000119, HP:0000079, HP:0011472, HP:0011024, HP:0000152, HP:0010051, HP:0000855, HP:0000234, HP:0002814, HP:0000271, HP:0025031, HP:0001844, HP:0000110",40.0%,44.01173520088196
"HP:0002064, HP:0006895, HP:0000347, HP:0001829, HP:0011787, HP:3000011, HP:0000498, HP:0000238","HP:0000498, HP:0003725, HP:0008237, HP:0009939, HP:0010334, HP:0012407, HP:0012765, HP:3000011","HP:0012639, HP:0009118, HP:0001276, HP:0000929, HP:0002509, HP:0040064, HP:0030669, HP:0012443, HP:0003011, HP:0003808, HP:0011821, HP:0000118, HP:0011804, HP:0001760, HP:0001829, HP:0002118, HP:0000820, HP:0000707, HP:0000238, HP:3000011, HP:0000315, HP:0033127, HP:0000818, HP:0002926, HP:0002814, HP:0000271, HP:0002011, HP:0000277, HP:0032039, HP:0000347, HP:0040173, HP:0011787, HP:0000498, HP:0001780, HP:0001257, HP:0040174, HP:0011805, HP:0000821, HP:0030791, HP:0006895, HP:0000152, HP:0000492, HP:0000234, HP:0002064",25.0%,65.56312990188599
"HP:0009193, HP:0002656, HP:0001395, HP:0000490, HP:0009778, HP:0008331","HP:0000607, HP:0002612, HP:0004288, HP:0005834, HP:0008331, HP:0011732, HP:0100090","HP:0001939, HP:0002012, HP:0002652, HP:0032180, HP:0001395, HP:0100886, HP:0001155, HP:0000478, HP:0040081, HP:0000490, HP:0040064, HP:0006265, HP:0009193, HP:0012372, HP:0000924, HP:0000118, HP:0009778, HP:0005924, HP:0002817, HP:0001392, HP:0410042, HP:0010876, HP:0004288, HP:0003839, HP:0001167, HP:0033127, HP:0008331, HP:0002656, HP:0003236, HP:0011842, HP:0009381, HP:0025031, HP:0011021",28.57%,73.21410965919495
"HP:0006297, HP:0100850, HP:0001324, HP:0001288","HP:0000682, HP:0000835, HP:0002362, HP:0006179, HP:0008988, HP:0010184, HP:0010566, HP:0011761","HP:0000153, HP:0000036, HP:0000078, HP:0031816, HP:0012243, HP:0000164, HP:0000032, HP:0001288, HP:0011061, HP:0001324, HP:0006297, HP:0003011, HP:0000118, HP:0000119, HP:0011804, HP:0000811, HP:0000707, HP:0000152, HP:0100850, HP:0012638, HP:0033127, HP:0000682, HP:0100022, HP:0000234, HP:0000271, HP:0000163",12.5%,61.22474956512451
"HP:0001010, HP:0006482, HP:0002797, HP:0003540, HP:0007343, HP:0002140, HP:0012542, HP:0000778","HP:0002637, HP:0007443, HP:0008401, HP:0009814, HP:0010351, HP:0010515, HP:0011080, HP:0011871","HP:0012639, HP:0000778, HP:0001872, HP:0001805, HP:0006482, HP:0000951, HP:0011869, HP:0012443, HP:0011138, HP:0010515, HP:0000118, HP:0002140, HP:0030402, HP:0007343, HP:0000707, HP:0001871, HP:0001010, HP:0033127, HP:0000818, HP:0011842, HP:0001000, HP:0100659, HP:0000777, HP:0000271, HP:0002011, HP:0000163, HP:0000153, HP:0001297, HP:0003330, HP:0031816, HP:0000164, HP:0001597, HP:0001574, HP:0000924, HP:0002797, HP:0000152, HP:0003540, HP:0012542, HP:0100547, HP:0000234, HP:0011121",12.5%,64.57689642906189
"HP:0001156, HP:0002967, HP:0000068, HP:0033628, HP:0002893, HP:0002666, HP:0002205","HP:0000070, HP:0002788, HP:0002967, HP:0005109, HP:0010243, HP:0011754, HP:0012719, HP:0100642","HP:0012639, HP:0002813, HP:0100007, HP:0025032, HP:0011747, HP:0002719, HP:0011750, HP:0010936, HP:0033628, HP:0002715, HP:0000118, HP:0012503, HP:0000068, HP:0000864, HP:0000795, HP:0000707, HP:0009810, HP:0002893, HP:0033127, HP:0000818, HP:0011842, HP:0001367, HP:0011844, HP:0011458, HP:0011297, HP:0010978, HP:0009811, HP:0002205, HP:0000924, HP:0000119, HP:0000079, HP:0000759, HP:0001156, HP:0032101, HP:0100634, HP:0011927, HP:0002666, HP:0025031, HP:0002967",12.5%,72.89987468719482
"HP:0000853, HP:0000684, HP:0003111","HP:0005987, HP:0006335, HP:0010207, HP:0010929","HP:0000153, HP:0001939, HP:0032180, HP:0031816, HP:0000164, HP:0011772, HP:0003111, HP:0000853, HP:0000684, HP:0000118, HP:0006292, HP:0000820, HP:0000152, HP:0000818, HP:0000234, HP:0000271, HP:0000163",0.0%,38.12980127334595
"HP:0002363, HP:0100490, HP:0200029, HP:0000256, HP:0010514, HP:0002861, HP:0002656","HP:0000290, HP:0010514, HP:0012755, HP:0100169, HP:0100498, HP:0100804, HP:0200029","HP:0012639, HP:0000240, HP:0011747, HP:0040194, HP:0000929, HP:0011792, HP:0001155, HP:0002664, HP:0040064, HP:0012443, HP:0034681, HP:0000118, HP:0002861, HP:0012503, HP:0000864, HP:0000707, HP:0010514, HP:0001167, HP:0033127, HP:0000818, HP:0001626, HP:0011276, HP:0011842, HP:0012785, HP:0002011, HP:0002652, HP:0200029, HP:0000256, HP:0000924, HP:0002817, HP:0002597, HP:0000152, HP:0100490, HP:0002656, HP:0000234, HP:0002363, HP:0001220",28.57%,58.062342166900635
"HP:0008872, HP:0002857, HP:0010585, HP:0002414","HP:0000852, HP:0010585, HP:0011471, HP:0100531, HP:0100566, HP:3000071","HP:0012639, HP:0025032, HP:0011968, HP:0011458, HP:0002143, HP:0002011, HP:0002857, HP:0005930, HP:0040064, HP:0002981, HP:0010585, HP:0000924, HP:0000118, HP:0011314, HP:0002979, HP:0008872, HP:0000707, HP:0010301, HP:0033127, HP:0002414, HP:0011842, HP:0002814, HP:0011844, HP:0025031",16.67%,44.73334312438965
"HP:0012531, HP:0001288, HP:0001324, HP:0000158, HP:0008119","HP:0000548, HP:0000829, HP:0002928, HP:0006353, HP:0008122, HP:0010255, HP:0012697, HP:0100703","HP:0001850, HP:0030236, HP:0001288, HP:0025142, HP:0001324, HP:0040064, HP:0003712, HP:0000158, HP:0003011, HP:0001760, HP:0000118, HP:0011804, HP:0011805, HP:0008119, HP:0012531, HP:0000707, HP:0012638, HP:0033127, HP:0100022, HP:0002814",0.0%,66.11479949951172
"HP:0001156, HP:0001156, HP:0011742, HP:0010655, HP:0001762, HP:0100264","HP:0006152, HP:0009522, HP:0009765, HP:0011742, HP:0100147","HP:0002813, HP:0001762, HP:0011732, HP:0011297, HP:0005930, HP:0011742, HP:0000834, HP:0040064, HP:0001883, HP:0001760, HP:0000924, HP:0000118, HP:0011314, HP:0001156, HP:0100262, HP:0100240, HP:0005656, HP:0010655, HP:0033127, HP:0011927, HP:0001367, HP:0000818, HP:0011842, HP:0002814, HP:0011844, HP:0100264",20.0%,72.23505783081055
"HP:0012544, HP:0001156, HP:0000621, HP:0100651, HP:0011985, HP:0000980","HP:0000621, HP:0001852, HP:0003960, HP:0005423, HP:0008205, HP:0011985, HP:0012545, HP:0100384","HP:0001939, HP:0002813, HP:0002012, HP:0000621, HP:0012400, HP:0032039, HP:0000271, HP:0011297, HP:0000951, HP:0030669, HP:0001574, HP:0000924, HP:0000118, HP:0000818, HP:0011121, HP:0001156, HP:0001396, HP:0000819, HP:0012379, HP:0004297, HP:0001392, HP:0000152, HP:0100651, HP:0012544, HP:0000980, HP:0034684, HP:0000492, HP:0033127, HP:0011927, HP:0011985, HP:0000315, HP:0011842, HP:0000234, HP:0011844, HP:0025031",25.0%,92.95644187927246
"HP:0010442, HP:0005687, HP:0012368, HP:0004467, HP:0010790","HP:0002929, HP:0004450, HP:0005687, HP:0012368, HP:0012718, HP:0100423, HP:0100921","HP:0002813, HP:0000078, HP:0000309, HP:0010790, HP:0012243, HP:0011297, HP:0012368, HP:0000032, HP:0000383, HP:0100277, HP:0010789, HP:0010442, HP:0000924, HP:0000118, HP:0031095, HP:0011314, HP:0004426, HP:0000119, HP:0000811, HP:0001999, HP:0000152, HP:0000271, HP:0003871, HP:0033127, HP:0005687, HP:0011842, HP:0000234, HP:0000035, HP:0004467, HP:0011844",28.57%,83.89892530441284
"HP:0010526, HP:0006297, HP:0010655","HP:0000705, HP:0002879, HP:0003117, HP:0010522, HP:0100175, HP:0100188","HP:0000153, HP:0011844, HP:0031816, HP:4000072, HP:0011446, HP:0000164, HP:0005930, HP:0011061, HP:0006297, HP:0025792, HP:0000118, HP:0034434, HP:0000924, HP:0011314, HP:0000707, HP:0000152, HP:0012638, HP:0010655, HP:0033127, HP:0000682, HP:0010526, HP:0011842, HP:0000234, HP:0002167, HP:0000271, HP:0000163",0.0%,74.58658123016357
"HP:0410030, HP:0000175, HP:0000818, HP:0005924, HP:0000842, HP:0005502, HP:0002085","HP:0000161, HP:0003117, HP:0005502, HP:0008283, HP:0009099, HP:0011816, HP:0100098","HP:0000153, HP:0002085, HP:0001939, HP:0012337, HP:0011014, HP:0031816, HP:0000929, HP:0005502, HP:0002084, HP:0040064, HP:0000118, HP:0005924, HP:0000175, HP:0002817, HP:0000174, HP:0410030, HP:0000152, HP:0011815, HP:0020054, HP:0001871, HP:0003839, HP:0000842, HP:0000159, HP:0000818, HP:0000234, HP:0000271, HP:0000163",14.29%,74.09418559074402
"HP:0005930, HP:0001249, HP:0000132, HP:0000841, HP:0006140, HP:0000283, HP:0001482","HP:0000283, HP:0000841, HP:0001256, HP:0001482, HP:0004187, HP:0007475, HP:0100065, HP:0100609","HP:0011355, HP:0001155, HP:0040064, HP:0000951, HP:0001249, HP:0200036, HP:0000118, HP:0011314, HP:0000841, HP:0000132, HP:0000707, HP:0012638, HP:0001167, HP:0033127, HP:0000818, HP:0011842, HP:0000271, HP:0011844, HP:0000283, HP:0000140, HP:0000080, HP:0001482, HP:0000078, HP:0011446, HP:0005930, HP:0100729, HP:0006140, HP:0000847, HP:0001574, HP:0030012, HP:0005918, HP:0005920, HP:0000924, HP:0000119, HP:0002817, HP:0001999, HP:0000152, HP:0000234, HP:0011121",37.5%,79.69711875915527
"HP:0034398, HP:0000126, HP:0030319, HP:0000841","HP:0000297, HP:0000841, HP:0010838, HP:0011507, HP:0011881, HP:0100171, HP:0100581","HP:0034398, HP:0000301, HP:0010946, HP:0010935, HP:0001780, HP:0040064, HP:0000847, HP:0012210, HP:0000077, HP:0011799, HP:0010944, HP:0001760, HP:0000118, HP:0000119, HP:0000818, HP:0000841, HP:0000079, HP:0030319, HP:0000152, HP:0000126, HP:0000234, HP:0002814, HP:0000271",14.29%,85.47951579093933
"HP:0034398, HP:0009804, HP:0001678, HP:0000863","HP:0000873, HP:0005178, HP:0011054, HP:0100422","HP:0000153, HP:0034398, HP:0011025, HP:0031816, HP:0031546, HP:0000164, HP:0030956, HP:0009804, HP:0000863, HP:0001780, HP:0040064, HP:0006483, HP:0001760, HP:0000873, HP:0000118, HP:0000818, HP:0000152, HP:0005150, HP:0001678, HP:0001626, HP:0000234, HP:0002814, HP:0000271, HP:0000163",25.0%,34.69284629821777
"HP:0001250, HP:0001635, HP:0000939, HP:0009830, HP:0000695, HP:0005990, HP:0040135, HP:0006482, HP:0000980, HP:0007328, HP:0001284","HP:0000695, HP:0000820, HP:0003409, HP:0003642, HP:0004699, HP:0007334, HP:0009805","HP:0033079, HP:0011025, HP:0001284, HP:0011030, HP:0011031, HP:0033747, HP:0006288, HP:0040135, HP:0011772, HP:0006482, HP:0000951, HP:0000118, HP:0000695, HP:0031826, HP:0000820, HP:0000707, HP:0003474, HP:0001635, HP:0012638, HP:0000939, HP:0033127, HP:0000818, HP:0009830, HP:0011842, HP:0001626, HP:0004348, HP:0000271, HP:0005990, HP:0003111, HP:0000163, HP:0001250, HP:0000153, HP:0001939, HP:0032180, HP:0001315, HP:0003330, HP:0031816, HP:0000164, HP:0001574, HP:0010929, HP:0004349, HP:0000924, HP:0007328, HP:0006292, HP:0000152, HP:0000980, HP:0010832, HP:0100022, HP:0000234, HP:0011121, HP:0011849",28.57%,88.34446573257446
"HP:0001009, HP:0100259, HP:0001953","HP:0000383, HP:0001953, HP:0002519, HP:0008094, HP:0100585","HP:0000924, HP:0100259, HP:0000118, HP:0002813, HP:0000818, HP:0001009, HP:0000819, HP:0002597, HP:0011297, HP:0001953, HP:0033127, HP:0011842, HP:0001626, HP:0011276, HP:0011844, HP:0010442",20.0%,54.49159073829651
"HP:0009125, HP:0002967, HP:0001362, HP:0001324, HP:0031013, HP:0033823, HP:0100684, HP:0001889","HP:0003102, HP:0004851, HP:0007409, HP:0009050, HP:0009752, HP:0100472, HP:0100522, HP:0100684","HP:0011729, HP:0000929, HP:0002795, HP:0009125, HP:0001376, HP:0012252, HP:0003011, HP:0000118, HP:0011804, HP:0002086, HP:0011843, HP:0009810, HP:0001871, HP:0033127, HP:0001903, HP:0001367, HP:0002683, HP:0011842, HP:0010972, HP:0000271, HP:0001972, HP:0000163, HP:0000153, HP:0031983, HP:0009124, HP:0031816, HP:0001362, HP:0031013, HP:0001324, HP:0009811, HP:0034430, HP:0000924, HP:0100684, HP:0001877, HP:0000152, HP:0033822, HP:0033823, HP:0010286, HP:0001889, HP:0000234, HP:0003549, HP:0002967",12.5%,83.21390867233276
"HP:0001324, HP:0012385, HP:0001249, HP:0001999, HP:0002893, HP:0002721","HP:0000271, HP:0001220, HP:0002342, HP:0003139, HP:0008969, HP:0010916, HP:0012342, HP:0100673","HP:0011747, HP:0002721, HP:0011750, HP:0011446, HP:0010978, HP:0012385, HP:0001324, HP:0001249, HP:0003011, HP:0002715, HP:0000118, HP:0011804, HP:0000818, HP:0012503, HP:0000864, HP:0001999, HP:0000707, HP:0000271, HP:0001371, HP:0000152, HP:0012638, HP:0002893, HP:0033127, HP:0034392, HP:0030044, HP:0000234, HP:0003549",12.5%,75.59505248069763
"HP:0004322, HP:0000256, HP:0010886, HP:0001288, HP:0030833, HP:0000324, HP:0001269, HP:0001252, HP:0005986","HP:0000337, HP:0004374, HP:0005988, HP:0009122, HP:0010890, HP:0100641","HP:0001507, HP:0000240, HP:0011442, HP:0030833, HP:0040194, HP:0046506, HP:0000929, HP:0025142, HP:0004374, HP:0001269, HP:0002493, HP:0003011, HP:0003808, HP:0000118, HP:0011804, HP:0005986, HP:0000707, HP:0012531, HP:0012638, HP:0033127, HP:0000324, HP:0001367, HP:0011842, HP:0025669, HP:0000271, HP:0040188, HP:0001288, HP:0010549, HP:0000256, HP:0000924, HP:0010886, HP:0004322, HP:0000002, HP:0001999, HP:0000152, HP:0100022, HP:0000464, HP:0000234, HP:0001252",16.67%,114.35951018333435
"HP:0004122, HP:0010446, HP:0000846, HP:0003448, HP:0005930, HP:0001171, HP:0012378, HP:0001324","HP:0001171, HP:0004122, HP:0005968, HP:0007104, HP:0008259, HP:0010446, HP:0100151","HP:0004122, HP:0011025, HP:0031653, HP:0040129, HP:0012378, HP:0001155, HP:0000834, HP:0040064, HP:0025142, HP:0003011, HP:0030177, HP:0000118, HP:0011804, HP:0011314, HP:0005105, HP:0010446, HP:0000707, HP:0012638, HP:0033127, HP:0000818, HP:0001626, HP:0011842, HP:0011844, HP:0000271, HP:0001171, HP:0003448, HP:0005922, HP:0011733, HP:0005930, HP:0001311, HP:0001324, HP:0000366, HP:0000924, HP:0003134, HP:0002817, HP:0031650, HP:0000152, HP:0031651, HP:0000846, HP:0000234, HP:0000762",42.86%,90.00541257858276
"HP:0001760, HP:0000826, HP:0001409","HP:0000190, HP:0001409, HP:0008204, HP:0010025, HP:0010675, HP:0011823","HP:0000118, HP:0100000, HP:0001409, HP:0000818, HP:0006707, HP:0002597, HP:0008373, HP:0000826, HP:0001626, HP:0002814, HP:0040064, HP:0001760",16.67%,59.83332920074463
"HP:0033400, HP:0002990, HP:0000853, HP:0000230, HP:0000546, HP:0011637, HP:0009027","HP:0000166, HP:0000866, HP:0002362, HP:0005928, HP:0007843, HP:0011159, HP:0011660","HP:0009027, HP:0025032, HP:0011830, HP:0000478, HP:0000546, HP:0011772, HP:0040064, HP:0000479, HP:0002981, HP:0025015, HP:0012372, HP:0003011, HP:0011004, HP:0000118, HP:0011804, HP:0000820, HP:0006704, HP:0011637, HP:0011636, HP:0033127, HP:0000818, HP:0001626, HP:0033400, HP:0002991, HP:0002814, HP:0000271, HP:0000230, HP:0000163, HP:0000153, HP:0001098, HP:0006492, HP:0000168, HP:0011458, HP:0031816, HP:0001324, HP:0002990, HP:0000853, HP:0033353, HP:0003690, HP:0004329, HP:0002597, HP:0000152, HP:0002027, HP:0000234, HP:0025031",0.0%,73.52333807945251
"HP:0003063, HP:0006433, HP:0000567, HP:0040312","HP:0003927, HP:0004027, HP:0005216, HP:0007956, HP:0008095, HP:0008214","HP:0002818, HP:0001098, HP:0003063, HP:0000478, HP:0002973, HP:0000532, HP:0000479, HP:0040064, HP:0000567, HP:0012372, HP:0004329, HP:0000118, HP:0000924, HP:0002817, HP:0040072, HP:0006433, HP:0001369, HP:0040312, HP:0033127, HP:0001367, HP:0011842",0.0%,63.29439997673035
"HP:0000280, HP:0000232, HP:0010442, HP:0001770, HP:0001762, HP:0000256, HP:0000445","HP:0000565, HP:0002897, HP:0003679, HP:0005917, HP:0012341, HP:0012472, HP:0100378","HP:0002813, HP:0000240, HP:0001762, HP:0001770, HP:0040194, HP:0000929, HP:0000232, HP:0040064, HP:0001883, HP:0001159, HP:0001760, HP:0000118, HP:0005105, HP:0000280, HP:0033127, HP:0000159, HP:0011842, HP:0002814, HP:0011844, HP:0000271, HP:0000163, HP:0000153, HP:0000445, HP:0031816, HP:0011297, HP:0000256, HP:0000366, HP:0000178, HP:0010442, HP:0000924, HP:0001999, HP:0000152, HP:0005656, HP:0000234",0.0%,40.670125246047974
"HP:0000456, HP:0001831, HP:0001510, HP:0002098, HP:0100559, HP:0008258, HP:0030348","HP:0000840, HP:0004132, HP:0100044","HP:0001507, HP:0003117, HP:0011732, HP:0001510, HP:0002795, HP:0001991, HP:0002098, HP:0000834, HP:0040064, HP:0001780, HP:0000366, HP:0000456, HP:0002094, HP:0001831, HP:0001760, HP:0000118, HP:0000818, HP:0005105, HP:0000436, HP:0100559, HP:0010938, HP:0002086, HP:0033799, HP:0008258, HP:0000152, HP:0008221, HP:0030347, HP:0002793, HP:0000234, HP:0002814, HP:0000271, HP:0030348",0.0%,77.6797046661377
"HP:0001324, HP:0001742, HP:0005830, HP:0000559, HP:0010442, HP:0003737, HP:0000135, HP:0002721","HP:0000585, HP:0001841, HP:0002929, HP:0003347, HP:0003688, HP:0010345, HP:0010643","HP:0002813, HP:0000135, HP:0011844, HP:0000080, HP:0005830, HP:0000078, HP:0001742, HP:0000481, HP:0002721, HP:0007957, HP:0011297, HP:0000478, HP:0010978, HP:0000559, HP:0040064, HP:0001324, HP:0000366, HP:0012372, HP:0003011, HP:0010442, HP:0001760, HP:0000118, HP:0011804, HP:0008366, HP:0004328, HP:0000924, HP:0000119, HP:0002715, HP:0000152, HP:0033127, HP:0011842, HP:0000234, HP:0002814, HP:0000271, HP:0003737, HP:0003800",0.0%,82.51338624954224
"HP:0009804, HP:0001083, HP:0012848, HP:0001762, HP:0008188, HP:0002216, HP:0003895","HP:0002216, HP:0003888, HP:0010219, HP:0011047, HP:0011102, HP:0011780, HP:0012019","HP:0001762, HP:0002244, HP:0002216, HP:0000478, HP:0011772, HP:0008188, HP:0040064, HP:0001883, HP:0000951, HP:0012372, HP:0001760, HP:0002242, HP:0000118, HP:0011314, HP:0004328, HP:0000517, HP:0000820, HP:0003071, HP:0033127, HP:0003895, HP:0000818, HP:0011842, HP:0002814, HP:0000271, HP:0011844, HP:0000163, HP:0000153, HP:0031816, HP:0012718, HP:0000164, HP:0005930, HP:0001083, HP:0009804, HP:0006483, HP:0001574, HP:0000924, HP:0000152, HP:0011354, HP:0005656, HP:0012848, HP:0007495, HP:0000234, HP:0011121, HP:0025031, HP:0011024",14.29%,63.53540062904358
"HP:0025247, HP:0006089","HP:0004368, HP:0007048, HP:0007550, HP:0009003, HP:0011119, HP:0011763, HP:0012540, HP:0100153","HP:0000118, HP:0007550, HP:0011355, HP:0006089, HP:0000951, HP:0025245, HP:0001574, HP:0011121, HP:0025247, HP:0025276, HP:0000975",12.5%,78.00066709518433
"HP:0001850, HP:0006251, HP:0012378, HP:0000712, HP:0100037, HP:0004361, HP:0000324","HP:0003286, HP:0004361, HP:0004688, HP:0011333, HP:0012003, HP:0012431, HP:0012454, HP:0100037","HP:0003117, HP:0000708, HP:0001850, HP:0011729, HP:0006248, HP:0011446, HP:0012378, HP:0001376, HP:0040064, HP:0025142, HP:0031466, HP:0001574, HP:0011138, HP:0034430, HP:0001760, HP:0004361, HP:0000118, HP:0000818, HP:0006251, HP:0001999, HP:0000707, HP:0011843, HP:0000152, HP:0012638, HP:0000712, HP:0000324, HP:0033127, HP:0001595, HP:0100037, HP:0000234, HP:0002814, HP:0000271",25.0%,99.01107883453369
"HP:0030084, HP:0001156, HP:0009774, HP:0000935, HP:0008256, HP:0000044","HP:0000182, HP:0001188, HP:0003034, HP:0008221, HP:0009875, HP:0010413, HP:0010506","HP:0002813, HP:0000135, HP:0000080, HP:0000078, HP:0030084, HP:0011732, HP:0000044, HP:0100641, HP:0011297, HP:0001155, HP:0000834, HP:0040064, HP:0009774, HP:0005918, HP:0000924, HP:0000118, HP:0000119, HP:0011314, HP:0002817, HP:0001156, HP:0000935, HP:0008256, HP:0033127, HP:0011927, HP:0001167, HP:0000818, HP:0011842, HP:0100631, HP:0011844",0.0%,78.3915684223175
"HP:0010720, HP:0000347, HP:0011382, HP:0010655, HP:0009882","HP:0009148, HP:0010720, HP:0011382, HP:0011781, HP:0100120, HP:0100729","HP:0009118, HP:0009381, HP:0000347, HP:0011376, HP:0000929, HP:0000598, HP:0001155, HP:0000359, HP:0005930, HP:0006265, HP:0040064, HP:0001574, HP:0011138, HP:0011821, HP:0009882, HP:0000924, HP:0000118, HP:0011314, HP:0002817, HP:0031703, HP:0030791, HP:0000152, HP:0001167, HP:0010655, HP:0011382, HP:0011390, HP:0010720, HP:0001595, HP:0011380, HP:0000234, HP:0033127, HP:0011842, HP:0011844, HP:0000277",33.33%,77.95040464401245
"HP:0005930, HP:0001875, HP:0002120, HP:0008251, HP:0007418","HP:0001875, HP:0004768, HP:0006964, HP:0008251, HP:0100092","HP:0012639, HP:0007418, HP:0002120, HP:0011362, HP:0007369, HP:0005930, HP:0001875, HP:0001874, HP:0011772, HP:0001595, HP:0012443, HP:0000853, HP:0001574, HP:0002060, HP:0000924, HP:0000118, HP:0000818, HP:0011314, HP:0001596, HP:0011138, HP:0008251, HP:0011991, HP:0002059, HP:0000707, HP:0000820, HP:0001871, HP:0033127, HP:0001911, HP:0100547, HP:0010974, HP:0011842, HP:0001881, HP:0011844, HP:0002011",40.0%,44.01803398132324
"HP:0001320, HP:0100546, HP:0007705, HP:0010052, HP:0011120, HP:0001765","HP:0001119, HP:0002277, HP:0003154, HP:0007065, HP:0008441, HP:0010094, HP:0011120, HP:0100436","HP:0012639, HP:0034398, HP:0000481, HP:0010057, HP:0011282, HP:0000478, HP:0040064, HP:0025015, HP:0012443, HP:0012372, HP:0001760, HP:0011004, HP:0000118, HP:0100546, HP:0011120, HP:0004328, HP:0005105, HP:0000707, HP:0001626, HP:0002814, HP:0011283, HP:0002011, HP:0000271, HP:0001317, HP:0007360, HP:0010052, HP:0011119, HP:0001780, HP:0000366, HP:0033353, HP:0001320, HP:0001765, HP:0010938, HP:0005344, HP:0002597, HP:0000152, HP:0001321, HP:0007705, HP:0000234, HP:0001844",12.5%,86.78244209289551
"HP:0000871, HP:0002164, HP:0005914, HP:0000605, HP:0010655, HP:0000097, HP:0001510, HP:0002098, HP:0012378, HP:0001324","HP:0000605, HP:0000871, HP:0008653, HP:0009410, HP:0011815, HP:0100053, HP:0100797, HP:0200138","HP:0001507, HP:0000095, HP:0000549, HP:0011747, HP:0002795, HP:0012378, HP:0005916, HP:0001155, HP:0000478, HP:0040064, HP:0025142, HP:0000077, HP:0011138, HP:0003011, HP:0000118, HP:0031263, HP:0011314, HP:0011804, HP:0012373, HP:0012503, HP:0011035, HP:0000096, HP:0000864, HP:0002086, HP:0040075, HP:0000871, HP:0000496, HP:0000818, HP:0033127, HP:0011842, HP:0000605, HP:0002793, HP:0011844, HP:0002094, HP:0005914, HP:0001510, HP:0005922, HP:0005930, HP:0002098, HP:0000097, HP:0001324, HP:0000830, HP:0001597, HP:0001574, HP:0010935, HP:0012210, HP:0000924, HP:0000119, HP:0000079, HP:0002817, HP:0010655, HP:0002164",25.0%,112.79338693618774
"HP:0002301, HP:0000819, HP:0000853, HP:0001373, HP:0002205, HP:0005487, HP:0001864","HP:0000863, HP:0001373, HP:0005987, HP:0006538, HP:0010341, HP:0011223, HP:0012194, HP:0100237","HP:0002813, HP:0011442, HP:0002719, HP:0011772, HP:0004374, HP:0002493, HP:0002301, HP:0001863, HP:0001864, HP:0002715, HP:0000118, HP:0000819, HP:0000820, HP:0000707, HP:0012638, HP:0033127, HP:0005487, HP:0001367, HP:0000818, HP:0011842, HP:0000271, HP:0011844, HP:0030084, HP:0001373, HP:0010978, HP:0011297, HP:0010549, HP:0002205, HP:0000853, HP:0000924, HP:0032101, HP:0000152, HP:0005556, HP:0000290, HP:0000234",12.5%,70.00381731987
"HP:0006297, HP:0010194, HP:0008417, HP:0002797, HP:0000998, HP:0001081","HP:0002865, HP:0003204, HP:0006297, HP:0009633, HP:0010730, HP:0011980, HP:0012792, HP:0100472","HP:0000998, HP:0000925, HP:0011061, HP:0040064, HP:0006297, HP:0011138, HP:0001760, HP:0000118, HP:0005264, HP:0004297, HP:0010194, HP:0012437, HP:0033127, HP:0011842, HP:0002814, HP:0000271, HP:0000163, HP:0000153, HP:0002012, HP:0011362, HP:0003330, HP:0031816, HP:0010173, HP:0000164, HP:0006494, HP:0001081, HP:0001574, HP:0000924, HP:0009121, HP:0008417, HP:0025031, HP:0001392, HP:0002797, HP:0000152, HP:0003468, HP:0000682, HP:0001595, HP:0000234, HP:0008515",12.5%,86.64634490013123
"HP:0034398, HP:0001763, HP:0034274, HP:0010289, HP:0100646, HP:0001970, HP:0025188, HP:0011096, HP:0025238, HP:0001288, HP:0033400, HP:0000225, HP:0012378, HP:0000505","HP:0001763, HP:0001919, HP:0002592, HP:0003130, HP:0009094, HP:0011513, HP:0100411, HP:0100646","HP:0012639, HP:0034398, HP:0025032, HP:0001969, HP:0011830, HP:0012378, HP:0000478, HP:0011772, HP:0040064, HP:0000479, HP:0025142, HP:0003130, HP:0000077, HP:0012372, HP:0001760, HP:0000118, HP:0000091, HP:0012373, HP:0000820, HP:0001970, HP:0000234, HP:0000707, HP:0011843, HP:0000202, HP:0012514, HP:0033127, HP:0012638, HP:0000818, HP:0033400, HP:0012575, HP:0002814, HP:0000271, HP:0000163, HP:0000153, HP:0025238, HP:0001098, HP:0000168, HP:0011458, HP:0031816, HP:0012718, HP:0001288, HP:0010935, HP:0001780, HP:0008046, HP:0000504, HP:0012210, HP:0009763, HP:0011096, HP:0004329, HP:0000119, HP:0010289, HP:0034274, HP:0000079, HP:0000759, HP:0001763, HP:0000225, HP:0000152, HP:0002027, HP:0100022, HP:0100646, HP:0000505, HP:0025188, HP:0025031, HP:0011024",37.5%,131.32034730911255
"HP:0100012, HP:0034398, HP:0002414, HP:0012085, HP:0011001, HP:0001320, HP:0003074","HP:0002333, HP:0005665, HP:0006888, HP:0008255, HP:0010568, HP:0100097, HP:0100586","HP:0012639, HP:0034398, HP:0011014, HP:0003110, HP:0011001, HP:0011282, HP:0002664, HP:0040064, HP:0012443, HP:0001760, HP:0000118, HP:0100012, HP:0000707, HP:0011015, HP:0033127, HP:0002414, HP:0011842, HP:0011793, HP:0004348, HP:0002814, HP:0002011, HP:0011283, HP:0001939, HP:0001317, HP:0012085, HP:0012337, HP:0007360, HP:0003330, HP:0003074, HP:0001780, HP:0012614, HP:0000924, HP:0001320, HP:0010301, HP:0001321, HP:0002143, HP:0011849",0.0%,68.93938994407654
"HP:0004367, HP:0002615, HP:0008188, HP:0000939, HP:0001760, HP:0000124","HP:0002632, HP:0003655, HP:0004499, HP:0004732, HP:0005625, HP:0010631, HP:0011036, HP:0011772","HP:0011025, HP:0003330, HP:0002814, HP:0011772, HP:0008188, HP:0012211, HP:0002615, HP:0040064, HP:0010935, HP:0000077, HP:0001760, HP:0004349, HP:0000924, HP:0000118, HP:0000119, HP:0000079, HP:0030972, HP:0000820, HP:0004367, HP:0000939, HP:0000124, HP:0033127, HP:0000818, HP:0011842, HP:0001626, HP:0004348, HP:0011849",12.5%,82.31015491485596
"HP:0200039, HP:0001385, HP:0000133, HP:0000498, HP:0008462, HP:0012848, HP:0001822, HP:0000013, HP:0000786","HP:0000999, HP:0001128, HP:0006499, HP:0008193, HP:0008462, HP:0010088, HP:0012851","HP:0008462, HP:0000925, HP:0002244, HP:0012243, HP:0000812, HP:0000008, HP:0000133, HP:0040064, HP:0000951, HP:0030669, HP:0000141, HP:0001760, HP:0001822, HP:0002242, HP:0000118, HP:0200039, HP:0010051, HP:0000315, HP:0033127, HP:0011123, HP:0000130, HP:0011842, HP:0002814, HP:0000271, HP:0011844, HP:0008684, HP:0000140, HP:0011122, HP:0000080, HP:0032039, HP:0000078, HP:0012718, HP:0000498, HP:0001385, HP:0001780, HP:0001574, HP:0000013, HP:0003272, HP:0005881, HP:0030012, HP:0000924, HP:0009121, HP:0000119, HP:0002644, HP:0000152, HP:0000492, HP:0012848, HP:0000786, HP:0000234, HP:0025031, HP:0001844, HP:0011024",14.29%,94.5669047832489
"HP:0034398, HP:0002999, HP:0100646, HP:0001288, HP:0001376","HP:0003771, HP:0006397, HP:0010188, HP:0100646","HP:0034398, HP:0011729, HP:0003045, HP:0001376, HP:0011772, HP:0001288, HP:0040064, HP:0001780, HP:0001760, HP:0034430, HP:0002999, HP:0000118, HP:0000924, HP:0002815, HP:0034669, HP:0000820, HP:0000707, HP:0011843, HP:0012638, HP:0033127, HP:0100022, HP:0001367, HP:0000818, HP:0011842, HP:0100646, HP:0002814, HP:0100491",25.0%,65.11395072937012
"HP:0001250, HP:0000499, HP:0005924, HP:0005924, HP:0000835, HP:0000580, HP:0004054, HP:0000843","HP:0000828, HP:0004223, HP:0007665, HP:0007894, HP:0008216, HP:0010247, HP:0011097, HP:0100942","HP:0000580, HP:0007703, HP:0011732, HP:0011001, HP:0000478, HP:0000834, HP:0040064, HP:0000479, HP:0030669, HP:0012372, HP:0000118, HP:0005924, HP:0000707, HP:0000828, HP:0012638, HP:0000315, HP:0033127, HP:0000818, HP:0011842, HP:0000835, HP:0004348, HP:0000271, HP:0000843, HP:0001250, HP:0001098, HP:0011767, HP:0032039, HP:0003330, HP:0000499, HP:0004054, HP:0004329, HP:0000924, HP:0002817, HP:0000152, HP:0000492, HP:0003839, HP:0000234, HP:0011849",12.5%,73.58008646965027
"HP:0001558, HP:0034398, HP:0000479, HP:0011925, HP:0000579","HP:0000579, HP:0001989, HP:0003292, HP:0007917, HP:0008051, HP:0010413, HP:0010417, HP:0011923","HP:0001939, HP:0001098, HP:0034398, HP:0032039, HP:0034057, HP:0001197, HP:0011017, HP:0034059, HP:0001558, HP:0000478, HP:0003287, HP:0000614, HP:0011481, HP:0040064, HP:0000479, HP:0001780, HP:0030669, HP:0012372, HP:0001760, HP:0004329, HP:0000118, HP:0000579, HP:0011925, HP:0001557, HP:0012103, HP:0000152, HP:0000315, HP:0008972, HP:0000234, HP:0011922, HP:0002814, HP:0000271",12.5%,70.86330604553223
"HP:0000256, HP:0001780, HP:0000738, HP:0025575, HP:0000843, HP:0000773, HP:0009164","HP:0000337, HP:0000738, HP:0000843, HP:0003354, HP:0006067, HP:0006615, HP:0011685, HP:0100407","HP:0009164, HP:0006712, HP:0000240, HP:0040194, HP:0005345, HP:0000929, HP:0003019, HP:0040064, HP:0025015, HP:0025575, HP:0001760, HP:0000118, HP:0000707, HP:0000828, HP:0009810, HP:0012638, HP:0033127, HP:0001626, HP:0000818, HP:0000738, HP:0011842, HP:0002814, HP:0000765, HP:0000843, HP:0001367, HP:0011767, HP:0011446, HP:0001780, HP:0000256, HP:0006257, HP:0000772, HP:0033353, HP:0000924, HP:0009121, HP:0002624, HP:5200423, HP:0002597, HP:0000152, HP:0001547, HP:0000234, HP:0000773, HP:0001191",25.0%,76.65934348106384
"HP:0009121, HP:0005873, HP:0006349, HP:0002910","HP:0002472, HP:0002910, HP:0009121, HP:0010084, HP:0011788, HP:0012225","HP:0000153, HP:0001939, HP:0031816, HP:0000164, HP:0006349, HP:0009804, HP:0040064, HP:0001780, HP:0005873, HP:0006483, HP:0430135, HP:0001760, HP:0000924, HP:0009121, HP:0000118, HP:0001829, HP:0002910, HP:0012379, HP:0000152, HP:0034684, HP:0001841, HP:0033127, HP:0011842, HP:0000234, HP:0002814, HP:0000271, HP:0000163",33.33%,58.594963788986206
"HP:0000961, HP:0005547, HP:0010565, HP:0003118, HP:0010442, HP:0001650, HP:0010807","HP:0001063, HP:0001650, HP:0005534, HP:0009250, HP:0010340, HP:0010807, HP:0012030, HP:0012840","HP:0002813, HP:0011025, HP:0031653, HP:0002795, HP:0010565, HP:0031652, HP:0000834, HP:0012252, HP:0000951, HP:0000118, HP:0003118, HP:0002086, HP:0000692, HP:0000234, HP:0001871, HP:0002717, HP:0005483, HP:0033127, HP:0000818, HP:0011842, HP:0001626, HP:0001881, HP:0011844, HP:0000271, HP:0000163, HP:0001600, HP:0000153, HP:0005547, HP:0031816, HP:0011733, HP:0011297, HP:0000164, HP:0010807, HP:0001005, HP:0001574, HP:0025423, HP:0010442, HP:0000924, HP:0000152, HP:0011354, HP:0002087, HP:0001650, HP:0000961, HP:0011121, HP:0001909",25.0%,61.25177478790283
"HP:0100259, HP:0002721, HP:0000859, HP:0000324, HP:0000763, HP:0010312, HP:0000822, HP:0000819","HP:0000719, HP:0000763, HP:0001555, HP:0002717, HP:0010193, HP:0010987, HP:0011332, HP:0012317","HP:0000769, HP:0100259, HP:0002813, HP:0010312, HP:0009830, HP:0011025, HP:0031093, HP:0002721, HP:0011297, HP:0010978, HP:0000763, HP:0000859, HP:0032263, HP:0000847, HP:0001626, HP:0010442, HP:0000924, HP:0000118, HP:0002715, HP:0030972, HP:0000819, HP:0001999, HP:0000707, HP:0000152, HP:0000271, HP:0012638, HP:0000822, HP:0033127, HP:0000324, HP:0000818, HP:0011842, HP:0000234, HP:0040085, HP:0011844",12.5%,86.5391891002655
"HP:0001746, HP:0011537, HP:0008255, HP:0001929, HP:0025736, HP:0000324, HP:0000130, HP:0001156","HP:0000130, HP:0001579, HP:0001929, HP:0008255, HP:0009832, HP:0011537, HP:0100440, HP:3000018","HP:0001743, HP:0002813, HP:0025736, HP:0000857, HP:0012243, HP:0011537, HP:0003256, HP:0000812, HP:0000008, HP:0010451, HP:0000118, HP:0000831, HP:0011314, HP:0008255, HP:0000819, HP:0001928, HP:0005120, HP:0001871, HP:0033127, HP:0001929, HP:0000324, HP:0001626, HP:0000818, HP:0000130, HP:0011842, HP:0001746, HP:0000271, HP:0011844, HP:0002012, HP:0010989, HP:0000078, HP:0011297, HP:0011535, HP:0025408, HP:0001627, HP:0000924, HP:0030680, HP:0000119, HP:0001156, HP:0001999, HP:0000152, HP:0011927, HP:0000234, HP:0025031",50.0%,91.7916042804718
"HP:0000407, HP:0001324, HP:0002619, HP:0000135, HP:0000581, HP:0002656","HP:0000407, HP:0002619, HP:0008050, HP:0008226, HP:0009037, HP:0100116","HP:0000135, HP:0002652, HP:0000080, HP:0032039, HP:0000078, HP:0031704, HP:0000598, HP:0001324, HP:0000365, HP:0025015, HP:0005293, HP:0033353, HP:0003011, HP:0030669, HP:0000924, HP:0000118, HP:0011804, HP:0000581, HP:0000119, HP:0002624, HP:0002597, HP:0000152, HP:0000492, HP:0002619, HP:0000315, HP:0033127, HP:0008050, HP:0002656, HP:0001626, HP:0000364, HP:0000234, HP:0200007, HP:0011842, HP:0000271, HP:0000407",50.0%,36.95241451263428
"HP:0046505, HP:0025238, HP:0001999, HP:0002689, HP:0002797, HP:0001156, HP:0004209, HP:0002656","HP:0000295, HP:0002689, HP:0009187, HP:0009492, HP:0009833, HP:0010245, HP:0010351, HP:0100733","HP:0002813, HP:0002795, HP:0001155, HP:0002689, HP:0012252, HP:0040064, HP:0004097, HP:0000118, HP:0004209, HP:0002086, HP:0009179, HP:0011843, HP:0012513, HP:0012514, HP:0001167, HP:0033127, HP:0011842, HP:0005453, HP:0011844, HP:0000271, HP:0025238, HP:0002652, HP:0000245, HP:0003330, HP:0046505, HP:0011297, HP:0009763, HP:0009120, HP:0000924, HP:0002817, HP:0001156, HP:0001999, HP:0002797, HP:0000152, HP:0002087, HP:0011927, HP:0002656, HP:0000234",12.5%,131.22384905815125
"HP:0004348, HP:0011069, HP:0003282, HP:0000846","HP:0006332, HP:0008161, HP:0010675, HP:0011731","HP:0000153, HP:0001939, HP:0004379, HP:0003330, HP:0031816, HP:0011733, HP:0000164, HP:0000834, HP:0006483, HP:0000924, HP:0000118, HP:0011069, HP:0012379, HP:0003282, HP:0000152, HP:0034684, HP:0000846, HP:0033127, HP:0000818, HP:0011842, HP:0000234, HP:0004348, HP:0000271, HP:0011849, HP:0000163",0.0%,39.01232290267944
"HP:0000836, HP:0011394, HP:0034398, HP:0009777, HP:0000377, HP:0009804","HP:0000394, HP:0005265, HP:0009777, HP:0011053, HP:0011377, HP:0011510, HP:0011782, HP:0100062","HP:0000153, HP:0034398, HP:0000836, HP:0000163, HP:0031816, HP:0000598, HP:0001155, HP:0000164, HP:0009777, HP:0009804, HP:0011391, HP:0040064, HP:0001780, HP:0011394, HP:0006265, HP:0006483, HP:0001760, HP:0000118, HP:0002817, HP:0000356, HP:0031703, HP:0000820, HP:0000377, HP:0000152, HP:0009380, HP:0001167, HP:0011390, HP:0000818, HP:0000359, HP:0000234, HP:0002926, HP:0002814, HP:0000271, HP:0011392",12.5%,81.3382248878479
"HP:0012514, HP:0000230, HP:0002666, HP:0001156, HP:0025259, HP:0000280, HP:0011896, HP:0009775","HP:0000166, HP:0001377, HP:0008509, HP:0009284, HP:0010495, HP:0011896, HP:0100642","HP:0012639, HP:0002813, HP:0100007, HP:0011729, HP:0025259, HP:0011896, HP:0011830, HP:0001376, HP:0001892, HP:0011029, HP:0000118, HP:0001194, HP:0000707, HP:0011843, HP:0000280, HP:0001871, HP:0012514, HP:0033127, HP:0011842, HP:0011844, HP:0000271, HP:0000230, HP:0000163, HP:0000153, HP:0000168, HP:0001197, HP:0009775, HP:0031816, HP:0001387, HP:0011297, HP:0009763, HP:0034430, HP:0000924, HP:0011409, HP:0000759, HP:0001156, HP:0011885, HP:0001999, HP:0000152, HP:0100634, HP:0011927, HP:0002666, HP:0000234",14.29%,67.42515277862549
"HP:0025388, HP:0001829, HP:0030853, HP:0002866, HP:0012905, HP:0003236","HP:0003363, HP:0008794, HP:0010211, HP:0011774, HP:0012544, HP:0012905, HP:0100808","HP:0001507, HP:0001939, HP:0011844, HP:0032180, HP:0025388, HP:0032039, HP:0012905, HP:0002867, HP:0040081, HP:0011772, HP:0000946, HP:0040064, HP:0001780, HP:0030669, HP:0003272, HP:0001760, HP:0000924, HP:0000118, HP:0001829, HP:0000820, HP:0002644, HP:0000152, HP:0000492, HP:0000234, HP:0000271, HP:0010876, HP:0000315, HP:0033127, HP:0030853, HP:0000818, HP:0003236, HP:0011842, HP:0002814, HP:0002866, HP:0011021",14.29%,68.37961959838867
"HP:0011098, HP:0008256, HP:0004054, HP:0006482, HP:0008609, HP:0011218, HP:0034398","HP:0000348, HP:0004695, HP:0006339, HP:0007301, HP:0008231, HP:0009897, HP:0010342, HP:0100577","HP:0034398, HP:0011442, HP:0011218, HP:0011732, HP:0008609, HP:0002186, HP:0011001, HP:0100641, HP:0000929, HP:0000598, HP:0006482, HP:0000834, HP:0040064, HP:0001760, HP:0000118, HP:0031703, HP:0000707, HP:0000370, HP:0012638, HP:0008256, HP:0033127, HP:0000818, HP:0011842, HP:0002683, HP:0004348, HP:0000271, HP:0002814, HP:0000163, HP:0000153, HP:0003330, HP:0031816, HP:0000164, HP:0001780, HP:0004054, HP:0011098, HP:0430000, HP:0000924, HP:0000152, HP:0000234, HP:0100631, HP:0011849",0.0%,98.63503050804138
"HP:0000823, HP:0005743, HP:0003040, HP:0001034, HP:0003256, HP:0002637","HP:0000988, HP:0003040, HP:0008169, HP:0008373, HP:0009928, HP:0012518, HP:0100061, HP:0100749","HP:0001507, HP:0003366, HP:0002813, HP:0003256, HP:0001510, HP:0001000, HP:0025323, HP:0001034, HP:0005743, HP:0000951, HP:0001574, HP:0000823, HP:0000118, HP:0000924, HP:0010574, HP:0007400, HP:0011121, HP:0000953, HP:0030163, HP:0040069, HP:0001928, HP:0002597, HP:0003040, HP:0002637, HP:0002823, HP:0001871, HP:0033401, HP:0033127, HP:0001367, HP:0001626, HP:0011842, HP:0003368, HP:0011844",12.5%,63.89624571800232
"HP:0001156, HP:0000998, HP:0002181, HP:0000822, HP:0000518","HP:0000238, HP:0002224, HP:0002788, HP:0004689, HP:0007976, HP:0009292, HP:0011241, HP:0011741","HP:0011032, HP:0000998, HP:0002813, HP:0012337, HP:0001939, HP:0011025, HP:0011362, HP:0011297, HP:0000478, HP:0002181, HP:0032263, HP:0001574, HP:0012372, HP:0011138, HP:0000924, HP:0000118, HP:0004328, HP:0001156, HP:0000518, HP:0030972, HP:0000517, HP:0000822, HP:0033127, HP:0011927, HP:0001595, HP:0011842, HP:0001626, HP:0011844, HP:0000969",0.0%,58.34081506729126
"HP:0002059, HP:0100030, HP:0001627, HP:0002777, HP:0009804","HP:0002564, HP:0007058, HP:0010420, HP:0010723, HP:0011053, HP:0100029, HP:0100682","HP:0012639, HP:0000153, HP:0031816, HP:0002795, HP:0002777, HP:0007369, HP:0000164, HP:0011772, HP:0008188, HP:0009804, HP:0012252, HP:0006483, HP:0012443, HP:0001627, HP:0002060, HP:0005607, HP:0000118, HP:0030680, HP:0002778, HP:0100028, HP:0002086, HP:0100030, HP:0000820, HP:0002059, HP:0000707, HP:0000152, HP:0000234, HP:0100547, HP:0000818, HP:0001626, HP:0000271, HP:0002011, HP:0000163",0.0%,68.96342778205872
"HP:0004437, HP:0001841, HP:0011987, HP:0003025","HP:0000852, HP:0001841, HP:0002764, HP:0004040, HP:0005323, HP:0012367","HP:0011987, HP:0002813, HP:0011844, HP:0000944, HP:0003330, HP:0011986, HP:0000929, HP:0040064, HP:0001780, HP:0001760, HP:0000924, HP:0000118, HP:0001829, HP:0000234, HP:0000152, HP:0001841, HP:0004437, HP:0033127, HP:0011842, HP:0002683, HP:0002814, HP:0003025, HP:0011849",16.67%,64.71396780014038
"HP:0000778, HP:0041147, HP:0009771, HP:0000716, HP:0000366, HP:0100250, HP:0010442","HP:0000447, HP:0000745, HP:0003357, HP:0004287, HP:0007886, HP:0010142, HP:0100250, HP:0100411","HP:0012639, HP:0002813, HP:0000778, HP:0025736, HP:0025766, HP:0000745, HP:0009771, HP:0001155, HP:0041147, HP:0040064, HP:0100250, HP:0010515, HP:0000118, HP:0011314, HP:0000707, HP:0012638, HP:0001167, HP:0033127, HP:0000818, HP:0011842, HP:0000777, HP:0000271, HP:0002011, HP:0011844, HP:0000716, HP:0011446, HP:0010651, HP:0011297, HP:0000366, HP:0005918, HP:0010442, HP:0000924, HP:0002817, HP:0025780, HP:0000152, HP:0000234",25.0%,77.8953161239624
"HP:0008202, HP:0012877, HP:0006297, HP:0001864, HP:0001156, HP:0002632, HP:0002656","HP:0002632, HP:0002656, HP:0006118, HP:0006282, HP:0008202, HP:0012877, HP:0100342","HP:0002813, HP:0011025, HP:0011747, HP:0011061, HP:0002615, HP:0040086, HP:0006297, HP:0001863, HP:0001864, HP:0000118, HP:0002632, HP:0012503, HP:0030972, HP:0000864, HP:0040075, HP:0033127, HP:0000818, HP:0011842, HP:0001626, HP:0000271, HP:0011844, HP:0000163, HP:0000153, HP:0012874, HP:0002652, HP:0000080, HP:0000078, HP:0030084, HP:0031816, HP:0011297, HP:0000164, HP:0000830, HP:0012875, HP:0000924, HP:0000119, HP:0012877, HP:0001156, HP:0008202, HP:0000152, HP:0000682, HP:0002656, HP:0011927, HP:0000234",57.14%,72.62749171257019
"HP:0000853, HP:0001500, HP:0000243, HP:0008839, HP:0007703, HP:0002910","HP:0000325, HP:0000946, HP:0002724, HP:0007658, HP:0009558, HP:0009798, HP:0010073, HP:0012555","HP:0001939, HP:0001098, HP:0000243, HP:0007703, HP:0000929, HP:0001155, HP:0001500, HP:0011772, HP:0000478, HP:0040064, HP:0000479, HP:0009103, HP:0000853, HP:0012372, HP:0430135, HP:0000924, HP:0000118, HP:0004329, HP:0002910, HP:0002817, HP:0012379, HP:0002683, HP:0000820, HP:0002644, HP:0000152, HP:0034684, HP:0001167, HP:0033127, HP:0008839, HP:0000818, HP:0011842, HP:0000234, HP:0011844",0.0%,80.04898190498352
"HP:0003477, HP:0006482, HP:0000846, HP:0002967, HP:0005905, HP:0002149, HP:0012378, HP:0001324, HP:0002321","HP:0000473, HP:0003874, HP:0006482, HP:0006903, HP:0010142, HP:0011737, HP:0011814","HP:0012639, HP:0000925, HP:0005905, HP:0031704, HP:0012378, HP:0000598, HP:0011389, HP:0006482, HP:0000834, HP:0025142, HP:0003011, HP:0004364, HP:0000118, HP:0011804, HP:0000764, HP:0000707, HP:0001751, HP:0009810, HP:0033127, HP:0000818, HP:0001367, HP:0011842, HP:0000271, HP:0000163, HP:0000153, HP:0001939, HP:0032180, HP:0031816, HP:0003477, HP:0011733, HP:0000164, HP:0430071, HP:0001324, HP:0009811, HP:0002321, HP:0000924, HP:0009121, HP:0000759, HP:0002149, HP:0000152, HP:0010674, HP:0000846, HP:0002157, HP:0000234, HP:0002967",14.29%,86.88881015777588
"HP:0009004, HP:0005930, HP:0006638, HP:0000187, HP:0002797","HP:0000187, HP:0002893, HP:0006638, HP:0009508, HP:0011959, HP:0100457","HP:0000153, HP:0001460, HP:0030236, HP:0003330, HP:0031816, HP:0005930, HP:0006477, HP:0000889, HP:0003011, HP:0000924, HP:0000118, HP:0011805, HP:0011314, HP:0009121, HP:0006710, HP:0006638, HP:0002797, HP:0000152, HP:0000271, HP:0000187, HP:0033127, HP:0000765, HP:0011842, HP:0000234, HP:0011844, HP:0009004, HP:0000163",33.33%,70.181227684021
"HP:0000541, HP:0008151, HP:0009830, HP:0000093, HP:0002353, HP:0000356, HP:0000612","HP:0001088, HP:0003445, HP:0005102, HP:0005542, HP:0008362, HP:0011287, HP:0012231, HP:0012596","HP:0001939, HP:0001098, HP:0003110, HP:0020129, HP:0000541, HP:0003256, HP:0000598, HP:0000478, HP:0030178, HP:0012200, HP:0001311, HP:0000479, HP:0032199, HP:0012372, HP:0004329, HP:0000118, HP:0000553, HP:0000356, HP:0033354, HP:0000612, HP:0001928, HP:0031703, HP:0000707, HP:0000525, HP:0000093, HP:0001871, HP:0012638, HP:0008151, HP:0009830, HP:0002353",0.0%,67.66859126091003
"HP:0002656, HP:0001156, HP:0009916, HP:0000211, HP:0005600","HP:0003898, HP:0006449, HP:0007481, HP:0009916, HP:0010109, HP:0010906, HP:0012313, HP:0012901","HP:0002813, HP:0002652, HP:0000929, HP:0001000, HP:0011297, HP:0000478, HP:0000995, HP:0000951, HP:0009916, HP:0012372, HP:0001574, HP:0011821, HP:0000924, HP:0000118, HP:0000553, HP:0011121, HP:0001156, HP:0000615, HP:0030791, HP:0000234, HP:0000525, HP:0000152, HP:0033127, HP:0011927, HP:0002656, HP:0011842, HP:0000211, HP:0011844, HP:0005600, HP:0000277",12.5%,94.17235207557678
"HP:0003077, HP:0005930, HP:0011886, HP:0002464","HP:0002464, HP:0002669, HP:0003077, HP:0009489, HP:0012122","HP:0001939, HP:0032180, HP:0001276, HP:0011886, HP:0003077, HP:0005930, HP:0430071, HP:0001892, HP:0011029, HP:0001257, HP:0003011, HP:0003808, HP:0000924, HP:0000118, HP:0011804, HP:0011314, HP:0002464, HP:0011885, HP:0001871, HP:0033127, HP:0011842, HP:0003119, HP:0011844",40.0%,45.03440189361572
"HP:0000408, HP:0001288, HP:0008366, HP:0011382, HP:0000068, HP:0010881, HP:0002666","HP:0000070, HP:0000408, HP:0002640, HP:0008366, HP:0010881, HP:0011382, HP:0012353, HP:0100650","HP:0012639, HP:0100007, HP:0001197, HP:0011376, HP:0031704, HP:0000598, HP:0000359, HP:0001288, HP:0040064, HP:0000365, HP:0010936, HP:0001760, HP:0000118, HP:0008366, HP:0000119, HP:0000079, HP:0001194, HP:0000759, HP:0000408, HP:0000068, HP:0031703, HP:0000795, HP:0000707, HP:0100634, HP:0012638, HP:0011382, HP:0100022, HP:0010881, HP:0002666, HP:0000364, HP:0011390, HP:0011380, HP:0002814, HP:0000407",50.0%,85.58902549743652
"HP:0001156, HP:0003250, HP:0003228, HP:0012232, HP:0000574, HP:0000958, HP:0002299","HP:0003250, HP:0004732, HP:0007933, HP:0012232, HP:0012605, HP:0100214","HP:0002813, HP:0011025, HP:0031547, HP:0010719, HP:0012243, HP:0000812, HP:0000008, HP:0000951, HP:0001595, HP:0011138, HP:0003228, HP:0011026, HP:0000118, HP:0010931, HP:0033127, HP:0000574, HP:0003111, HP:0011842, HP:0001626, HP:0030956, HP:0011844, HP:0001939, HP:0032180, HP:0000958, HP:0000078, HP:0003250, HP:0011297, HP:0002299, HP:0001574, HP:0010929, HP:0000534, HP:0000924, HP:0000119, HP:0001156, HP:0010930, HP:0011927, HP:0000142, HP:0003115, HP:0011121, HP:0012232",33.33%,70.68547773361206
"HP:0012871, HP:0025265, HP:0012447, HP:0100581, HP:0008208, HP:0012051","HP:0004336, HP:0008208, HP:0009144, HP:0012051, HP:0012871, HP:0100581, HP:0100940","HP:0012639, HP:0001939, HP:0012337, HP:0012447, HP:0011729, HP:0000078, HP:0025265, HP:0011014, HP:0011766, HP:0012243, HP:0011130, HP:0000045, HP:0001387, HP:0100581, HP:0000032, HP:0012871, HP:0001376, HP:0012051, HP:0010935, HP:0001943, HP:0012210, HP:0000077, HP:0034430, HP:0000118, HP:0000119, HP:0008208, HP:0000811, HP:0000079, HP:0000707, HP:0011843, HP:0000828, HP:0011015, HP:0033127, HP:0000818",57.14%,78.6787838935852
"HP:0100248, HP:0007418, HP:0008070, HP:0007787, HP:0002353, HP:0003637, HP:0005584","HP:0000134, HP:0002298, HP:0003637, HP:0006766, HP:0007889, HP:0010850, HP:0100248","HP:0001939, HP:0007418, HP:0011442, HP:0011362, HP:0100248, HP:0005584, HP:0000478, HP:0030178, HP:0007787, HP:0001311, HP:0010935, HP:0001574, HP:0012372, HP:0011138, HP:0000077, HP:0009726, HP:0000118, HP:0001596, HP:0000119, HP:0004328, HP:0000079, HP:0008070, HP:0000518, HP:0012379, HP:0000517, HP:0000707, HP:0034684, HP:0012638, HP:0003637, HP:0000523, HP:0001595, HP:0004305, HP:0002353",28.57%,71.36777448654175
"HP:0000980, HP:0001324, HP:0001649, HP:0000039, HP:0000822, HP:0003355","HP:0001889, HP:0002050, HP:0003244, HP:0010912, HP:0100735","HP:0001939, HP:0001649, HP:0011025, HP:0003110, HP:0011675, HP:0032263, HP:0001324, HP:0000951, HP:0001574, HP:0010936, HP:0003011, HP:0000118, HP:0011804, HP:0000119, HP:0011121, HP:0000079, HP:0030972, HP:0100627, HP:0033354, HP:0025745, HP:0000795, HP:0000039, HP:0000980, HP:0003355, HP:0000822, HP:0033127, HP:0001626, HP:0030956",0.0%,47.147515058517456
"HP:0002153, HP:0001970, HP:0001901, HP:0000028, HP:0001642","HP:0001898, HP:0001969, HP:0003252, HP:0007941, HP:0010882, HP:0012370, HP:0012598","HP:0001939, HP:0032180, HP:0011025, HP:0000078, HP:0031653, HP:0012243, HP:0001969, HP:0031654, HP:0000032, HP:0010935, HP:0012210, HP:0000077, HP:0001626, HP:0010929, HP:0000118, HP:0000028, HP:0000091, HP:0000119, HP:0000079, HP:0000811, HP:0001877, HP:0001642, HP:0011042, HP:0001970, HP:0001871, HP:0010930, HP:0001901, HP:0002153, HP:0003111, HP:0012575, HP:0000035",14.29%,56.00291395187378
"HP:0012378, HP:0000980, HP:0001159, HP:0002797, HP:0002321, HP:0000028, HP:0000479, HP:0003077, HP:0001915, HP:0033509","HP:0001487, HP:0008640, HP:0010375, HP:0010708, HP:0012133, HP:0012184, HP:0012590, HP:0100708","HP:0012639, HP:0002813, HP:0012243, HP:0011450, HP:0031704, HP:0003077, HP:0012378, HP:0000598, HP:0011389, HP:0000478, HP:0025142, HP:0000479, HP:0000951, HP:0001159, HP:0012372, HP:0005561, HP:0001876, HP:0000118, HP:0000028, HP:0001751, HP:0000707, HP:0001871, HP:0033127, HP:0001915, HP:0011842, HP:0000035, HP:0011844, HP:0002011, HP:0001939, HP:0001098, HP:0032180, HP:0000078, HP:0003330, HP:0011297, HP:0000032, HP:0033993, HP:0430071, HP:0033509, HP:0001574, HP:0000924, HP:0004329, HP:0000119, HP:0002383, HP:0000811, HP:0002797, HP:0000980, HP:0012145, HP:0003119, HP:0011121, HP:0002321",0.0%,95.50785803794861
"HP:0009734, HP:0001382, HP:0010830, HP:0002693, HP:0003074, HP:0100769, HP:0003774","HP:0002693, HP:0003074, HP:0003774, HP:0005186, HP:0006201, HP:0009734, HP:0010459, HP:0011811","HP:0005262, HP:0030060, HP:0011729, HP:0011014, HP:0033747, HP:0000929, HP:0011792, HP:0100769, HP:0003774, HP:0012211, HP:0002664, HP:0000077, HP:0000118, HP:0000083, HP:0000707, HP:0011843, HP:0003474, HP:0011015, HP:0012638, HP:0033127, HP:0030063, HP:0001367, HP:0010830, HP:0002693, HP:0011842, HP:0001939, HP:0012337, HP:0012622, HP:0003074, HP:0010935, HP:0001382, HP:0034430, HP:0030061, HP:0000924, HP:0000119, HP:0000079, HP:0000152, HP:0000234, HP:0009733, HP:0009734",50.0%,84.33292174339294
"HP:0000093, HP:0006482, HP:0010010, HP:0000789, HP:0010934","HP:0000144, HP:0000676, HP:0001966, HP:0010022, HP:0011814, HP:0012596","HP:0001939, HP:0000153, HP:0000080, HP:0000078, HP:0000144, HP:0000789, HP:0003110, HP:0031816, HP:0010934, HP:0010010, HP:0020129, HP:0005922, HP:0005916, HP:0001155, HP:0000164, HP:0006482, HP:0040064, HP:0000118, HP:0000119, HP:0002817, HP:0033354, HP:0000152, HP:0000093, HP:0000234, HP:0000271, HP:0000163",16.67%,60.55178260803223
"HP:0007340, HP:0012615, HP:0000066, HP:0003065, HP:0002493","HP:0003065, HP:0007299, HP:0007522, HP:0012615, HP:0012880, HP:0100525","HP:0001939, HP:0000055, HP:0011442, HP:0000078, HP:0003110, HP:0003045, HP:0012243, HP:0007340, HP:0001324, HP:0000058, HP:0002493, HP:0003690, HP:0003011, HP:0012614, HP:0000924, HP:0000118, HP:0011804, HP:0000119, HP:0000811, HP:0002815, HP:0006498, HP:0034669, HP:0000707, HP:0003065, HP:0012638, HP:0000066, HP:0033127, HP:0001367, HP:0011842, HP:0012615, HP:0100491",33.33%,78.02920508384705
"HP:0001015, HP:0000154, HP:0001324, HP:0001288, HP:0009741, HP:0011227","HP:0000215, HP:0002141, HP:0007457, HP:0008655, HP:0009741, HP:0010547, HP:0011227","HP:0000153, HP:0001939, HP:0032180, HP:0001015, HP:0011227, HP:0000163, HP:0031816, HP:0001288, HP:0011337, HP:0010935, HP:0001324, HP:0025015, HP:0012210, HP:0000077, HP:0033353, HP:0009741, HP:0003011, HP:0000118, HP:0011804, HP:0000119, HP:0000079, HP:0002624, HP:0002597, HP:0000707, HP:0000152, HP:0010876, HP:0012638, HP:0033127, HP:0100022, HP:0032436, HP:0001626, HP:0000234, HP:0000271, HP:0000154",28.57%,58.86137270927429
"HP:0000078, HP:0002063, HP:0001156, HP:0002365, HP:0012864, HP:0000072, HP:0010655","HP:0000812, HP:0002509, HP:0005918, HP:0007362, HP:0008676, HP:0009165, HP:0012348, HP:0012863","HP:0012639, HP:0002813, HP:0001276, HP:0002063, HP:0007362, HP:0012243, HP:0012443, HP:0003011, HP:0003808, HP:0000118, HP:0011804, HP:0012863, HP:0011314, HP:0000707, HP:0033127, HP:0011842, HP:0011844, HP:0002011, HP:0000078, HP:0011297, HP:0000069, HP:0005930, HP:0002365, HP:0010935, HP:0012862, HP:0000924, HP:0000119, HP:0000072, HP:0000079, HP:0001156, HP:0025633, HP:0012864, HP:0010655, HP:0011927, HP:0002363",25.0%,65.46328353881836
"HP:0008046, HP:0000121, HP:0004313, HP:0001156, HP:0200114, HP:0000133, HP:0010696","HP:0000524, HP:0000979, HP:0004432, HP:0005977, HP:0008702, HP:0010242, HP:0010696, HP:0012409","HP:0002813, HP:0004313, HP:0010696, HP:0012243, HP:0000812, HP:0000478, HP:0000133, HP:0000479, HP:0012372, HP:0000077, HP:0002715, HP:0000118, HP:0004328, HP:0000517, HP:0200114, HP:0033127, HP:0001948, HP:0011842, HP:0005368, HP:0011844, HP:0001939, HP:0001098, HP:0012337, HP:0000078, HP:0010978, HP:0011297, HP:0010935, HP:0008046, HP:0012210, HP:0004329, HP:0000924, HP:0000119, HP:0000079, HP:0001156, HP:0004360, HP:0000518, HP:0000121, HP:0011927, HP:0010701",12.5%,74.71253037452698
"HP:0005599, HP:0000846, HP:0001953, HP:0031854, HP:0010784, HP:0000012, HP:0000980, HP:0001324","HP:0004527, HP:0008344, HP:0008635, HP:0009244, HP:0010784, HP:0011537, HP:0011734","HP:0001507, HP:0000078, HP:0012243, HP:0011733, HP:0000812, HP:0005599, HP:0000008, HP:0000834, HP:0001324, HP:0000951, HP:0031854, HP:0001595, HP:0001574, HP:0011138, HP:0010784, HP:0010936, HP:0003011, HP:0000118, HP:0000119, HP:0011804, HP:0000079, HP:0000009, HP:0011121, HP:0009887, HP:0000819, HP:0000980, HP:0000014, HP:0000846, HP:0001953, HP:0033127, HP:0030853, HP:0000818, HP:0000130, HP:0031853, HP:0031105, HP:0000012",14.29%,74.87794351577759
"HP:0100257, HP:0001780, HP:0000142, HP:0004313, HP:0000114, HP:0012591, HP:0002353","HP:0000114, HP:0003139, HP:0006008, HP:0009828, HP:0010931, HP:0011294, HP:0100087, HP:0100672","HP:0001939, HP:0002813, HP:0000078, HP:0004313, HP:0003110, HP:0012243, HP:0000114, HP:0000812, HP:0000008, HP:0012591, HP:0010978, HP:0012211, HP:0030178, HP:0040064, HP:0001780, HP:0010935, HP:0100257, HP:0002353, HP:0000077, HP:0001311, HP:0001760, HP:0000924, HP:0000118, HP:0000119, HP:0002715, HP:0000079, HP:0000707, HP:0005368, HP:0012638, HP:0033127, HP:0000124, HP:0000142, HP:0011842, HP:0002814, HP:0011844, HP:0010701",12.5%,86.66943216323853
"HP:0046505, HP:0004054, HP:0002797, HP:0012249","HP:0000794, HP:0000947, HP:0009645, HP:0010785, HP:0012177, HP:0012250, HP:0100918","HP:0011025, HP:0012249, HP:0003330, HP:0011001, HP:0046505, HP:0004054, HP:0009763, HP:0000924, HP:0000118, HP:0002797, HP:0011843, HP:0012513, HP:0033127, HP:0001626, HP:0011842, HP:0003115, HP:0004348, HP:0030956, HP:0011849",0.0%,62.92494010925293
"HP:0100508, HP:0000819, HP:0001252, HP:0000124, HP:0001156, HP:0000138, HP:0025261, HP:0100033, HP:0001324, HP:0001187","HP:0000863, HP:0004053, HP:0009184, HP:0010530, HP:0010547, HP:0011038, HP:0100508, HP:0100879","HP:0002813, HP:0000708, HP:0011729, HP:0012243, HP:0000812, HP:0000008, HP:0012211, HP:0001376, HP:0001155, HP:0040064, HP:0000722, HP:0000077, HP:0003011, HP:0003808, HP:0000137, HP:0000118, HP:0011804, HP:0006094, HP:0001187, HP:0000819, HP:0025261, HP:0011843, HP:0000707, HP:0012638, HP:0001167, HP:0033127, HP:0000124, HP:0000818, HP:0011842, HP:0031065, HP:0000138, HP:0011844, HP:5200241, HP:0001939, HP:0000078, HP:0032245, HP:0011446, HP:0001387, HP:0011297, HP:0010935, HP:0001324, HP:0100033, HP:0034430, HP:0000924, HP:0000119, HP:0000079, HP:0100508, HP:0002817, HP:0001156, HP:0011927, HP:0001252",12.5%,104.64796447753906
"HP:0000140, HP:0000020, HP:0100799, HP:0000508, HP:0033353","HP:0000009, HP:0000140, HP:0000581, HP:0002490, HP:0007110, HP:0012695, HP:0100799, HP:3000039","HP:0000020, HP:0000080, HP:0000078, HP:0000598, HP:0000478, HP:0100799, HP:0025015, HP:0010936, HP:0030012, HP:0033353, HP:0000118, HP:0000119, HP:0000079, HP:0000009, HP:0012373, HP:0031703, HP:0000508, HP:0002597, HP:0000370, HP:0000014, HP:0001626, HP:0000140",37.5%,64.89366674423218
"HP:0000217, HP:0001954, HP:0000407, HP:0012871, HP:0001947","HP:0000407, HP:0001955, HP:0001994, HP:0100677, HP:0100755","HP:0000153, HP:0001939, HP:0012337, HP:0000078, HP:0012243, HP:0031704, HP:0000598, HP:0000045, HP:0000032, HP:0012211, HP:0012871, HP:0010935, HP:0000365, HP:0000217, HP:0000077, HP:0000118, HP:0000119, HP:0000811, HP:0000079, HP:0000407, HP:0001954, HP:0000152, HP:0001947, HP:0100755, HP:0031815, HP:0000124, HP:0001945, HP:0000364, HP:0000234, HP:0000271, HP:0004370",40.0%,32.60233807563782
"HP:0011109, HP:0000015, HP:0012591, HP:0001552, HP:0001019, HP:0012877","HP:0000246, HP:0001552, HP:0002088, HP:0002879, HP:0007414, HP:0008691, HP:0012591, HP:0012879","HP:0001939, HP:0011122, HP:0000080, HP:0000245, HP:0001019, HP:0000078, HP:0003110, HP:0025487, HP:0002795, HP:0000246, HP:0012591, HP:0001552, HP:0012252, HP:0000951, HP:0012875, HP:0001574, HP:0010936, HP:0000924, HP:0000118, HP:0000119, HP:0012877, HP:0000079, HP:0009121, HP:0001547, HP:0000015, HP:0002086, HP:0002087, HP:0011109, HP:0000014, HP:0100625, HP:0033127, HP:0011123, HP:0000765, HP:0011842, HP:0012874",37.5%,76.30927443504333
"HP:0025300, HP:0000998, HP:0006000, HP:0011443, HP:0040270","HP:0000923, HP:0002275, HP:0004924, HP:0005598, HP:0008697, HP:0009747, HP:0012227, HP:0100118","HP:0011122, HP:0040270, HP:0000998, HP:0001939, HP:0011442, HP:0011443, HP:0025300, HP:0011362, HP:0012337, HP:0011014, HP:0025634, HP:0000069, HP:0010935, HP:0000951, HP:0001574, HP:0011138, HP:0001952, HP:0000118, HP:0000119, HP:0000079, HP:0000707, HP:0012638, HP:0006000, HP:0011123, HP:0001595, HP:0000988",0.0%,92.7974648475647
"HP:0000035, HP:0033839, HP:0000796, HP:0000795, HP:0012545, HP:0003527","HP:0003566, HP:0010480, HP:0012545, HP:0012858","HP:0001939, HP:0003527, HP:0012400, HP:0000078, HP:0003110, HP:0012243, HP:0000032, HP:0025142, HP:0000796, HP:0010936, HP:0000118, HP:0000119, HP:0000811, HP:0000079, HP:0033839, HP:6000531, HP:0033354, HP:0012379, HP:0000795, HP:0012531, HP:0034684, HP:0000035, HP:0012545",25.0%,73.60500979423523
"HP:0000099, HP:0011803, HP:0100543, HP:0005930, HP:0003259, HP:0001622","HP:0000099, HP:0000456, HP:0005267, HP:0006213, HP:0008656, HP:0010238, HP:0012101, HP:0100543","HP:0001939, HP:0000095, HP:0004122, HP:0011844, HP:0032180, HP:0001197, HP:0003259, HP:0001622, HP:0011446, HP:0005930, HP:0430071, HP:0010935, HP:0000366, HP:0012210, HP:0000077, HP:0004364, HP:0000924, HP:0100543, HP:0031263, HP:0000119, HP:0000099, HP:0000079, HP:0000118, HP:0011035, HP:0005105, HP:0011314, HP:0000707, HP:0000152, HP:0012638, HP:0011803, HP:0033127, HP:0002157, HP:0011842, HP:0000234, HP:0000271",25.0%,89.05104613304138
"HP:0011314, HP:0030084, HP:0003394, HP:0006000, HP:0000789, HP:0002721, HP:0002928","HP:0003739, HP:0004431, HP:0005999, HP:0008222, HP:0009808, HP:0010331, HP:0010915, HP:0100498","HP:0001939, HP:0002813, HP:0000080, HP:0000078, HP:0030084, HP:0000789, HP:0011017, HP:0002721, HP:0025634, HP:0011297, HP:0000069, HP:0010978, HP:0003287, HP:0010935, HP:0003011, HP:0000924, HP:0000118, HP:0011804, HP:0011314, HP:0000119, HP:0000079, HP:0002715, HP:0003394, HP:0012103, HP:0006000, HP:0033127, HP:0011842, HP:0002928, HP:0011844, HP:0000144",0.0%,77.69815921783447
"HP:0012872, HP:0001973, HP:0009466, HP:0005918","HP:0003200, HP:0005575, HP:0009463, HP:0010110, HP:0012237, HP:0012872","HP:0000078, HP:0012243, HP:0000812, HP:0001873, HP:0012872, HP:0001872, HP:0001155, HP:0040064, HP:0004097, HP:0005918, HP:0009466, HP:0000118, HP:0000022, HP:0000119, HP:0002817, HP:0011873, HP:0001973, HP:0001871, HP:0001167, HP:0011875",16.67%,88.21872854232788
"HP:0002656, HP:0000520, HP:0001831, HP:0011109, HP:0001004, HP:0200114, HP:0000787, HP:0000097, HP:0000520, HP:0200114, HP:0001324","HP:0000520, HP:0001948, HP:0006026, HP:0010331, HP:0010474, HP:0011109, HP:0012578, HP:0100676","HP:0000095, HP:0100886, HP:0002795, HP:0001991, HP:0000478, HP:0012252, HP:0040064, HP:0012372, HP:0001831, HP:0001760, HP:0000077, HP:0003011, HP:0000118, HP:0031263, HP:0011804, HP:0011035, HP:0002086, HP:0000096, HP:0001004, HP:0200114, HP:0033127, HP:0001948, HP:0011842, HP:0002814, HP:0011032, HP:0001939, HP:0002652, HP:0012337, HP:0000245, HP:0000246, HP:0000520, HP:0000097, HP:0001324, HP:0001780, HP:0010935, HP:0012210, HP:0000787, HP:0000924, HP:0000119, HP:0000079, HP:0004360, HP:0002087, HP:0011109, HP:0002656, HP:0000969",37.5%,86.44517350196838
"HP:0002148, HP:0012862, HP:0004054, HP:0010696, HP:0005549","HP:0000117, HP:0005541, HP:0008677, HP:0009762, HP:0010178, HP:0010925, HP:0012862","HP:0001939, HP:0100529, HP:0032180, HP:0005549, HP:0000078, HP:0003330, HP:0010696, HP:0012243, HP:0011001, HP:0000478, HP:0004054, HP:0012372, HP:0012862, HP:0000924, HP:0000118, HP:0000119, HP:0004328, HP:0000518, HP:0000517, HP:0002148, HP:0033127, HP:0003111, HP:0011842, HP:0004348, HP:0011849",14.29%,81.5860984325409
"HP:0003270, HP:0001217, HP:6001034, HP:0000026, HP:0002157, HP:0012443, HP:0031500, HP:0001944, HP:0012378","HP:0000969, HP:0002997, HP:0003138, HP:0004729, HP:0008720, HP:0009758, HP:0100245, HP:0100547","HP:0012639, HP:0002813, HP:0025032, HP:0012378, HP:0001944, HP:0002664, HP:0025142, HP:0012443, HP:0004364, HP:0000118, HP:0000707, HP:6001034, HP:0001438, HP:0000025, HP:0033127, HP:0011842, HP:0011793, HP:0011844, HP:0002011, HP:0012874, HP:0001939, HP:0011032, HP:0032180, HP:0012337, HP:0003270, HP:0000080, HP:0000078, HP:0011458, HP:0001217, HP:0011297, HP:0430071, HP:0031500, HP:0031459, HP:0000924, HP:0000119, HP:0002157, HP:0000026, HP:0025031",0.0%,93.3020601272583
"HP:0009843, HP:0100490, HP:0000561, HP:0003241, HP:0000127, HP:0001272, HP:0001347","HP:0000080, HP:0000127, HP:0007350, HP:0009442, HP:0010239, HP:0012082, HP:0100915, HP:0200102","HP:0012639, HP:0003110, HP:0012243, HP:0002298, HP:0003241, HP:0011282, HP:0001155, HP:0000127, HP:0040064, HP:0002550, HP:0009767, HP:0034681, HP:0011138, HP:0009843, HP:0012443, HP:0000118, HP:0001272, HP:0031826, HP:0001347, HP:0000707, HP:0012638, HP:0001167, HP:0011283, HP:0012785, HP:0002011, HP:0001939, HP:0001317, HP:0011362, HP:0000078, HP:0012591, HP:0001574, HP:0005918, HP:0000119, HP:0000811, HP:0002817, HP:0100490, HP:0000561, HP:0100022, HP:0001595, HP:0001220",12.5%,75.177325963974
"HP:0008222, HP:0100749, HP:0002094, HP:0000316, HP:0002321, HP:0001324, HP:0007418, HP:0002652","HP:0000289, HP:0000868, HP:0004639, HP:0010886, HP:0011361, HP:0012499","HP:0007418, HP:0100886, HP:0000789, HP:0002795, HP:0031704, HP:0000598, HP:0011389, HP:0000478, HP:0025142, HP:0012372, HP:0011138, HP:0003011, HP:0000118, HP:0011804, HP:0002086, HP:0001751, HP:0012531, HP:0033127, HP:0002793, HP:0011842, HP:0002094, HP:0008222, HP:0002652, HP:0000080, HP:0000078, HP:0011362, HP:0000316, HP:0001324, HP:0001574, HP:0000924, HP:0000119, HP:0001596, HP:0100749, HP:0001595, HP:0002321, HP:0000144",0.0%,86.10275101661682
"HP:0400008, HP:0007343, HP:0001765, HP:0002656, HP:0002656, HP:0007902","HP:0003537, HP:0004451, HP:0007585, HP:0007902, HP:0009228, HP:0009507, HP:0100094, HP:0100608","HP:0012639, HP:0002652, HP:0000080, HP:0034398, HP:0000078, HP:0000478, HP:0007902, HP:0040064, HP:0001780, HP:0012443, HP:0030012, HP:0001760, HP:0012372, HP:0000924, HP:0000118, HP:0000119, HP:0004329, HP:0001765, HP:0004327, HP:0000707, HP:0007343, HP:0400008, HP:0100547, HP:0002656, HP:0033127, HP:0011842, HP:0002814, HP:0002011, HP:0000140",12.5%,85.4256341457367
"HP:0012155, HP:0005285, HP:0000457, HP:0100539, HP:0004288, HP:0002186","HP:0000141, HP:0003683, HP:0005285, HP:0008643, HP:0009531, HP:0012155, HP:0100539","HP:0011032, HP:0001939, HP:0012337, HP:0011442, HP:0005285, HP:0000422, HP:0002186, HP:0000478, HP:0100539, HP:0011119, HP:0040064, HP:0000366, HP:0000457, HP:0000118, HP:0005105, HP:0012373, HP:0012155, HP:0010938, HP:0005924, HP:0002817, HP:0000707, HP:0000152, HP:0004288, HP:0003839, HP:0012638, HP:0000282, HP:0000234, HP:0000271, HP:0000969",42.86%,79.99352812767029
"HP:0410030, HP:0040009, HP:0001159, HP:0003355, HP:0000876, HP:0006493","HP:0000178, HP:0000876, HP:0003166, HP:0005588, HP:0005768, HP:0009817, HP:0011739","HP:0002813, HP:0040009, HP:0003110, HP:0000876, HP:0000951, HP:0001159, HP:0000118, HP:0040069, HP:0410030, HP:0033127, HP:0000159, HP:0011842, HP:0011844, HP:0025745, HP:0000271, HP:0000140, HP:0000153, HP:0001939, HP:0000163, HP:0000962, HP:0000080, HP:0000078, HP:0031816, HP:0006493, HP:0011297, HP:0011368, HP:0001574, HP:0030012, HP:0000924, HP:0000119, HP:0001072, HP:0033354, HP:0000152, HP:0003355, HP:0000234, HP:0011121",14.29%,60.453548192977905
"HP:0000093, HP:0006482, HP:0010010, HP:0000789, HP:0010934","HP:0000144, HP:0000676, HP:0001966, HP:0010022, HP:0011814, HP:0012596","HP:0001939, HP:0000153, HP:0000080, HP:0000078, HP:0000144, HP:0000789, HP:0003110, HP:0031816, HP:0010934, HP:0010010, HP:0020129, HP:0005922, HP:0005916, HP:0001155, HP:0000164, HP:0006482, HP:0040064, HP:0000118, HP:0000119, HP:0002817, HP:0033354, HP:0000152, HP:0000093, HP:0000234, HP:0000271, HP:0000163",16.67%,60.3466420173645
"HP:0001156, HP:0001083, HP:0003354, HP:0004411, HP:0000798, HP:0002280","HP:0003354, HP:0004411, HP:0009282, HP:0011427, HP:0011961, HP:0012019, HP:0100568","HP:0004411, HP:0002813, HP:0010900, HP:0000929, HP:0000478, HP:0003112, HP:0003354, HP:0012372, HP:0000118, HP:0004354, HP:0004328, HP:0005105, HP:0000517, HP:0000025, HP:0008669, HP:0033127, HP:0011842, HP:0002693, HP:0000271, HP:0011844, HP:0012874, HP:0001939, HP:0002280, HP:0032180, HP:0000080, HP:0000078, HP:0000932, HP:0011297, HP:0430071, HP:0001083, HP:0005445, HP:0000366, HP:0000924, HP:0000119, HP:0000798, HP:0010899, HP:0001156, HP:0000152, HP:0000419, HP:0011927, HP:0000234, HP:0033107",28.57%,68.07291078567505
"HP:0001067, HP:0002650, HP:0012780, HP:0002656, HP:0001939, HP:0012876","HP:0001939, HP:0002943, HP:0007414, HP:0007524, HP:0009671, HP:0011850, HP:0012780, HP:0012876","HP:0001939, HP:0002652, HP:0000080, HP:0000078, HP:0001067, HP:0000925, HP:0002650, HP:0002664, HP:0000951, HP:0012875, HP:0001574, HP:0000924, HP:0000118, HP:0009121, HP:0000119, HP:0012780, HP:0010674, HP:0033127, HP:0002656, HP:0011842, HP:0011793, HP:0008069, HP:0012874, HP:0012876",37.5%,75.71106433868408
"HP:0000027, HP:0000370, HP:0001363, HP:0012198, HP:0006695, HP:0006721","HP:0000798, HP:0002645, HP:0004339, HP:0004452, HP:0006705, HP:0006721, HP:0100494, HP:0100896","HP:0000080, HP:0000078, HP:0006721, HP:0000929, HP:0012718, HP:0002488, HP:0000598, HP:0001363, HP:0004390, HP:0006695, HP:0001627, HP:0002242, HP:0000118, HP:0000119, HP:0030680, HP:0001671, HP:0012198, HP:0011024, HP:0031703, HP:0002683, HP:0000370, HP:0000152, HP:0001871, HP:0000025, HP:0008669, HP:0000027, HP:0005266, HP:0001626, HP:0000234, HP:0001881, HP:0025031, HP:0001909, HP:0012874",12.5%,88.77244281768799
"HP:0005930, HP:0002097, HP:0011875, HP:0000366, HP:0003218, HP:0005345","HP:0000868, HP:0003743, HP:0005288, HP:0005345, HP:0006536, HP:0010927, HP:0012525, HP:0100219","HP:0001939, HP:0003218, HP:0003110, HP:0005345, HP:0002795, HP:0001872, HP:0005930, HP:0002088, HP:0012252, HP:0000366, HP:0025015, HP:0033353, HP:0000924, HP:0000118, HP:0011314, HP:0031980, HP:0002097, HP:0002624, HP:0002086, HP:0033354, HP:0002597, HP:0000234, HP:0000271, HP:0000152, HP:0001871, HP:0033127, HP:0001626, HP:0011842, HP:0011875, HP:0011844",12.5%,52.063164710998535
"HP:0010655, HP:0100825, HP:0003401, HP:0000141","HP:0000183, HP:0000869, HP:0003986, HP:0006470, HP:0010024, HP:0012002, HP:0100504","HP:0000153, HP:0000080, HP:0000078, HP:0003401, HP:0033747, HP:0031816, HP:0005930, HP:0000141, HP:0030012, HP:0000924, HP:0000118, HP:0000119, HP:0011314, HP:0000140, HP:0000707, HP:0000152, HP:0000271, HP:0003474, HP:0012638, HP:0010655, HP:0033127, HP:0000159, HP:0011842, HP:0000234, HP:0011844, HP:0100825, HP:0000163",0.0%,62.588430404663086
"HP:0000891, HP:0200023, HP:0001942, HP:0030853, HP:0000998","HP:0000891, HP:0001696, HP:0001995, HP:0009937, HP:0010537, HP:0200023","HP:0001939, HP:0000998, HP:0012337, HP:0001507, HP:0000080, HP:0000078, HP:0011362, HP:0001941, HP:0005815, HP:0200023, HP:0000772, HP:0001942, HP:0001595, HP:0001574, HP:0000924, HP:0009121, HP:0000118, HP:0000119, HP:0011138, HP:0000891, HP:0004360, HP:0033127, HP:0040307, HP:0030853, HP:0000765, HP:0001547, HP:0011842, HP:0100639, HP:0012874",33.33%,63.58333659172058
"HP:0000140, HP:0000020, HP:0100799, HP:0000508, HP:0033353","HP:0000009, HP:0000140, HP:0000581, HP:0002490, HP:0007110, HP:0012695, HP:0100799, HP:3000039","HP:0000020, HP:0000080, HP:0000078, HP:0000598, HP:0000478, HP:0100799, HP:0025015, HP:0010936, HP:0030012, HP:0033353, HP:0000118, HP:0000119, HP:0000079, HP:0000009, HP:0012373, HP:0031703, HP:0000508, HP:0002597, HP:0000370, HP:0000014, HP:0001626, HP:0000140",37.5%,65.09093976020813
"HP:0006695, HP:0011468, HP:0008643, HP:0008271, HP:0000700, HP:0100639, HP:0001889, HP:0011468","HP:0000700, HP:0000802, HP:0003145, HP:0003784, HP:0011558, HP:0011796, HP:0012900","HP:0011468, HP:0011792, HP:0002664, HP:0006695, HP:0000118, HP:0001671, HP:0005346, HP:0005324, HP:0001871, HP:0033127, HP:0000700, HP:0001903, HP:0001626, HP:0011842, HP:0010972, HP:0002763, HP:0002898, HP:0000271, HP:0011794, HP:0012874, HP:0000153, HP:0000163, HP:0001972, HP:0000080, HP:0000078, HP:0031816, HP:0000164, HP:0008643, HP:0008271, HP:0001627, HP:0000924, HP:0030680, HP:0000119, HP:0001877, HP:0000152, HP:0040307, HP:0100639, HP:0001889, HP:0000234",14.29%,74.42629218101501
"HP:0003552, HP:0012864, HP:6000574, HP:0009740, HP:0004944, HP:0001288","HP:0000198, HP:0002061, HP:0008669, HP:0010967, HP:0100602, HP:0100858","HP:0001939, HP:0000153, HP:0009740, HP:0000078, HP:0012243, HP:0031816, HP:0001288, HP:0004944, HP:0025015, HP:0001626, HP:0002617, HP:0012862, HP:0003011, HP:0033353, HP:0000118, HP:0011804, HP:0000119, HP:0012863, HP:6000231, HP:0002597, HP:0000707, HP:0000152, HP:0003552, HP:0034684, HP:0012638, HP:0012864, HP:0033127, HP:0010286, HP:0100022, HP:0000197, HP:0000234, HP:0000271, HP:6000574, HP:0000163",0.0%,62.24062752723694
"HP:0012378, HP:0004324, HP:0000103, HP:0001959, HP:0000939, HP:0007552, HP:0008734, HP:0000347, HP:0000278","HP:0000135, HP:0000855, HP:0007627","HP:0001959, HP:0001507, HP:0008734, HP:0000708, HP:0009118, HP:0012243, HP:0000929, HP:0012378, HP:0012211, HP:0025142, HP:0000103, HP:0012590, HP:0011036, HP:0000077, HP:0011821, HP:0000118, HP:0000707, HP:0012638, HP:0000939, HP:0033127, HP:0011842, HP:0004348, HP:5200241, HP:0000277, HP:0030082, HP:0009124, HP:0000078, HP:0000347, HP:0003330, HP:0007552, HP:0011446, HP:0001001, HP:0000032, HP:0000050, HP:0010935, HP:0004323, HP:0004349, HP:0000924, HP:0000119, HP:0000079, HP:0040202, HP:0000811, HP:0030791, HP:0000152, HP:0004324, HP:0000234, HP:0000278, HP:0003549, HP:0011849",0.0%,88.25439691543579
"HP:0003287, HP:0002656, HP:0100495, HP:0010316, HP:0010587, HP:0000135","HP:0000026, HP:0006992, HP:0011551, HP:0011925, HP:0100091, HP:0100121, HP:0100495","HP:0001939, HP:0000135, HP:0010316, HP:0002652, HP:0000080, HP:0000078, HP:0011017, HP:0010587, HP:0005930, HP:0006705, HP:0003287, HP:0001702, HP:0001626, HP:0001627, HP:0100495, HP:0000924, HP:0000118, HP:0030680, HP:0011314, HP:0000119, HP:0100494, HP:0012103, HP:0001871, HP:0033127, HP:0001911, HP:0002656, HP:0010974, HP:0011842, HP:0001654, HP:0001881, HP:0011844",14.29%,71.0906286239624
"HP:0004791, HP:0100255, HP:0003074, HP:0003198, HP:0000028, HP:0001605, HP:0001369","HP:0001604, HP:0003649, HP:0003851, HP:0004791, HP:0008209, HP:0009169, HP:0012870, HP:3000008","HP:0002813, HP:0011014, HP:0011442, HP:0012243, HP:0002031, HP:0003011, HP:0000118, HP:0000028, HP:0011015, HP:0000707, HP:0012638, HP:0033127, HP:0011842, HP:0001367, HP:0000035, HP:0011844, HP:0003198, HP:0001939, HP:0012337, HP:0000078, HP:0000944, HP:0100255, HP:0003074, HP:0012718, HP:0000032, HP:0001605, HP:0004791, HP:0000924, HP:0011805, HP:0000119, HP:0000811, HP:0003470, HP:0001369, HP:0025031, HP:0011024",12.5%,94.75737190246582
"HP:0001406, HP:0000952, HP:0007750, HP:0007750, HP:0000218, HP:0012877, HP:0000020","HP:0000189, HP:0000514, HP:0002617, HP:0006342, HP:0007798, HP:0012877, HP:0200150","HP:0000478, HP:0001406, HP:0000479, HP:0000951, HP:0012372, HP:0010936, HP:0000118, HP:0004297, HP:0000174, HP:0000218, HP:0000014, HP:0000493, HP:0000952, HP:0000271, HP:0000163, HP:0000153, HP:0002012, HP:0001098, HP:0012874, HP:0000020, HP:0000080, HP:0000078, HP:0031816, HP:0007750, HP:0001005, HP:0001574, HP:0012875, HP:0008060, HP:0004329, HP:0000119, HP:0012877, HP:0000079, HP:0000009, HP:0001396, HP:0001392, HP:0000152, HP:0011354, HP:0000234, HP:0001103, HP:0011121, HP:0025031",14.29%,113.18493247032166
"HP:0001052, HP:0012622, HP:0100832, HP:0010442, HP:0000729","HP:0000329, HP:0000753, HP:0003238, HP:0005335, HP:0005572, HP:0006459, HP:0007710, HP:0010066","HP:0001052, HP:0002813, HP:0011844, HP:0000708, HP:0012622, HP:0011355, HP:0011446, HP:0025783, HP:0011297, HP:0000478, HP:0000729, HP:0012211, HP:0010935, HP:0003764, HP:0000951, HP:0000504, HP:0001574, HP:0000077, HP:0010442, HP:0000924, HP:0000118, HP:0000119, HP:0000079, HP:0000083, HP:0012373, HP:0000707, HP:0100832, HP:0012638, HP:0033127, HP:0011842, HP:0011121",0.0%,64.72085571289062
"HP:0003419, HP:0001288, HP:0000016, HP:0002650, HP:0009004, HP:0000853, HP:0010538, HP:0100007","HP:0005106, HP:0009798, HP:0010861, HP:0100520, HP:0100697, HP:0100857","HP:0012639, HP:0100007, HP:0030236, HP:0000925, HP:0000929, HP:0002650, HP:0011772, HP:0002679, HP:0010936, HP:0003011, HP:0000118, HP:0003418, HP:0000820, HP:0000707, HP:0000014, HP:0012638, HP:0000016, HP:0033127, HP:0000818, HP:0011842, HP:0009004, HP:0001460, HP:0001288, HP:0003419, HP:0000853, HP:0000924, HP:0009121, HP:0000119, HP:0011805, HP:0000079, HP:0000009, HP:0000759, HP:0010538, HP:0000152, HP:0010674, HP:0100022, HP:0000234",0.0%,85.82668781280518
"HP:0009734, HP:0001382, HP:0010830, HP:0002693, HP:0003074, HP:0100769, HP:0003774","HP:0002693, HP:0003074, HP:0003774, HP:0005186, HP:0006201, HP:0009734, HP:0010459, HP:0011811","HP:0005262, HP:0030060, HP:0011729, HP:0011014, HP:0033747, HP:0000929, HP:0011792, HP:0100769, HP:0003774, HP:0012211, HP:0002664, HP:0000077, HP:0000118, HP:0000083, HP:0000707, HP:0011843, HP:0003474, HP:0011015, HP:0012638, HP:0033127, HP:0030063, HP:0001367, HP:0010830, HP:0002693, HP:0011842, HP:0001939, HP:0012337, HP:0012622, HP:0003074, HP:0010935, HP:0001382, HP:0034430, HP:0030061, HP:0000924, HP:0000119, HP:0000079, HP:0000152, HP:0000234, HP:0009733, HP:0009734",50.0%,83.57838654518127
"HP:0012251, HP:0008069, HP:0007872, HP:0012390, HP:0002890, HP:0001363","HP:0005486, HP:0007872, HP:0011798, HP:0012251, HP:0012289, HP:0012390, HP:0100031","HP:0034915, HP:0011025, HP:0002890, HP:0012249, HP:0004378, HP:0001028, HP:0000929, HP:0100742, HP:0011772, HP:0012251, HP:0007872, HP:0001363, HP:0100031, HP:0000951, HP:0001574, HP:0000118, HP:0000818, HP:0002683, HP:0002597, HP:0000820, HP:0000152, HP:0008069, HP:0001626, HP:0012390, HP:0000234, HP:0003115, HP:0030956, HP:0025031",57.14%,69.50966596603394
"HP:0010493, HP:0012475, HP:0009718, HP:0010868","HP:0000065, HP:0000736, HP:0005363, HP:0006040, HP:0007704, HP:0009718, HP:3000077","HP:0012475, HP:0010493, HP:0009718, HP:0030060, HP:0011442, HP:0011443, HP:0004313, HP:0001251, HP:0005922, HP:0011792, HP:0005916, HP:0001155, HP:0010978, HP:0002664, HP:0040064, HP:0010868, HP:0002715, HP:0000118, HP:0009592, HP:0030061, HP:0010867, HP:0002817, HP:0000707, HP:0012638, HP:0030063, HP:0005368, HP:0009733, HP:0010701",14.29%,92.74934363365173
"HP:0001067, HP:0003394, HP:0031931, HP:0031607, HP:0000982, HP:0000932, HP:0000739, HP:0012378","HP:0000639, HP:0000931, HP:0007553, HP:0009538, HP:0100672, HP:0100697","HP:0031607, HP:0001067, HP:0000929, HP:0000739, HP:0012378, HP:0012547, HP:0000478, HP:0000972, HP:0007556, HP:0025142, HP:0000951, HP:0003011, HP:5200230, HP:0000118, HP:0011804, HP:0012373, HP:0000707, HP:0001438, HP:0012638, HP:0033127, HP:0000496, HP:0002693, HP:0008069, HP:0000962, HP:0000982, HP:0000932, HP:0011446, HP:0011368, HP:0001574, HP:0031931, HP:0001072, HP:0003394, HP:5200423, HP:0000152, HP:0000234, HP:0011121, HP:0025031, HP:5200401",0.0%,70.72044086456299
"HP:0000384, HP:0000498, HP:0004437, HP:0034769, HP:0000072","HP:0002790, HP:0004451, HP:0005520, HP:0008676, HP:0010607, HP:0012315, HP:0012367","HP:0032039, HP:0000309, HP:0000929, HP:0002795, HP:0000069, HP:0002088, HP:0000498, HP:0000383, HP:0012252, HP:0010935, HP:0030669, HP:0000384, HP:0000118, HP:0000119, HP:0000072, HP:0006530, HP:0000079, HP:0002086, HP:0002683, HP:0025633, HP:0000152, HP:0000271, HP:0000492, HP:0000315, HP:0004437, HP:0034769, HP:0000234, HP:0004426",0.0%,42.39957094192505
"HP:0030823, HP:0100569, HP:0003306","HP:0000265, HP:0008442, HP:0012857, HP:0100243","HP:0000591, HP:0003336, HP:0000925, HP:0003330, HP:0030823, HP:0000478, HP:0012372, HP:0000924, HP:0000118, HP:0009121, HP:0003306, HP:0033127, HP:0011842, HP:0100569, HP:0011849",0.0%,48.31054615974426
"HP:0000929, HP:0001719, HP:0004755, HP:0011875, HP:0009734, HP:0100525, HP:0001649, HP:0002666, HP:0000822, HP:0000739","HP:0000929, HP:0001676, HP:0009734, HP:0010479, HP:0011556, HP:0011693, HP:0011869","HP:0012639, HP:0100007, HP:0011563, HP:0011025, HP:0030060, HP:0010478, HP:0000929, HP:0000739, HP:0011792, HP:0001872, HP:0002664, HP:0011675, HP:0010936, HP:5200230, HP:0000118, HP:0011545, HP:0030972, HP:0000234, HP:0000707, HP:0001871, HP:0000014, HP:0000822, HP:0012638, HP:0030063, HP:0001626, HP:0004755, HP:0030956, HP:0001649, HP:0025487, HP:0001710, HP:0011446, HP:0032263, HP:0001719, HP:0001627, HP:0030061, HP:0030680, HP:0000119, HP:0000079, HP:0000759, HP:5200423, HP:0000152, HP:0100634, HP:0002666, HP:0011875, HP:0100525, HP:0009733, HP:0009734, HP:5200401",28.57%,73.68615770339966
"HP:0000929, HP:0000243, HP:0001324, HP:0010868, HP:0000496, HP:0200058, HP:0002797, HP:0430048, HP:0002514, HP:0003355","HP:0002514, HP:0002676, HP:0003355, HP:0003750, HP:0007944, HP:0010131, HP:0011714, HP:0200059","HP:0012639, HP:0011442, HP:0003110, HP:0430048, HP:0000929, HP:0011792, HP:0200058, HP:0000478, HP:0002664, HP:0012443, HP:0003011, HP:0010766, HP:0000118, HP:0011804, HP:0012373, HP:0000707, HP:0002514, HP:0012638, HP:0033127, HP:0000496, HP:0001251, HP:0011842, HP:0002683, HP:0025745, HP:0002011, HP:0001939, HP:0000243, HP:0011443, HP:0003330, HP:0100242, HP:0001324, HP:0010868, HP:0002060, HP:0000924, HP:0030448, HP:0010867, HP:0033354, HP:0002797, HP:0000152, HP:0003355, HP:0100547, HP:0000234",25.0%,116.73785185813904
"HP:0003474, HP:0003196, HP:0006872, HP:0001633, HP:0006465, HP:0009797, HP:0004054","HP:0000370, HP:0000460, HP:0001360, HP:0006051, HP:0010835, HP:0011571, HP:0011794, HP:0100912","HP:0009797, HP:0012639, HP:0008609, HP:0011001, HP:0000598, HP:0006705, HP:0012443, HP:0007364, HP:0000118, HP:0011314, HP:0005105, HP:0031703, HP:0000707, HP:0003474, HP:0000370, HP:0000234, HP:0012638, HP:0033127, HP:0001626, HP:0011842, HP:0004348, HP:0011844, HP:0000271, HP:0002011, HP:0003330, HP:0000366, HP:0004054, HP:0001627, HP:0006872, HP:0002060, HP:0030680, HP:0000924, HP:0003196, HP:0006465, HP:0000152, HP:0100547, HP:0001654, HP:0001633, HP:0011849",12.5%,72.50810313224792
"HP:0010442, HP:0002652, HP:0000772, HP:0009830, HP:0030692, HP:0005930, HP:0001631, HP:0000256","HP:0000244, HP:0000943, HP:0003384, HP:0009515, HP:0009734, HP:0010112, HP:0011556, HP:0012307","HP:0012639, HP:0002813, HP:0002652, HP:0000240, HP:0000765, HP:0040194, HP:0000929, HP:0011297, HP:0005930, HP:0000256, HP:0030692, HP:0000772, HP:0012443, HP:0001631, HP:0010442, HP:0000924, HP:0000118, HP:0009121, HP:0011314, HP:0001547, HP:0030680, HP:0001627, HP:0005120, HP:0000707, HP:0000152, HP:0000234, HP:0012638, HP:0033127, HP:0009830, HP:0011842, HP:0001626, HP:0011844, HP:0002011",0.0%,60.9349730014801
"HP:0012780, HP:0001332, HP:0012622, HP:0000612, HP:0007734, HP:0003974, HP:0001642","HP:0000112, HP:0004373, HP:0005093, HP:0007734, HP:0007748, HP:0009478, HP:0010882, HP:0012780","HP:0001332, HP:0011025, HP:0031653, HP:0007734, HP:0006503, HP:0000478, HP:0012211, HP:0003953, HP:0002664, HP:0000614, HP:0040064, HP:0030669, HP:0000077, HP:0012372, HP:0000118, HP:0000553, HP:0000083, HP:0012780, HP:0000707, HP:0012638, HP:0000315, HP:0006496, HP:0001626, HP:0011793, HP:0000271, HP:0032039, HP:0012622, HP:0031654, HP:0011482, HP:0003974, HP:0010935, HP:0000119, HP:0000079, HP:0002817, HP:0000612, HP:0001642, HP:0000525, HP:0000152, HP:0100022, HP:0000234",25.0%,80.97952079772949
"HP:0001000, HP:0002099, HP:0000961, HP:0002691, HP:0100012","HP:0000196, HP:0001636, HP:0002134, HP:0005469, HP:0007494, HP:0009919, HP:0012653","HP:0000929, HP:0002795, HP:0002691, HP:0002099, HP:0001000, HP:0002664, HP:0000951, HP:0001005, HP:0001574, HP:0000118, HP:0002086, HP:0100012, HP:0002683, HP:0000152, HP:0011354, HP:0000961, HP:0000234, HP:0011793, HP:0011121",0.0%,65.53840708732605
"HP:0001067, HP:0040261, HP:0001636, HP:0012088","HP:0009792, HP:0011653, HP:0012088, HP:0012252, HP:0100698, HP:3000033","HP:0001939, HP:0011563, HP:0001067, HP:0003110, HP:0001710, HP:0033072, HP:0040261, HP:3000033, HP:0000366, HP:0000951, HP:0001574, HP:0001626, HP:0040257, HP:0001627, HP:0000118, HP:0030680, HP:0011545, HP:0000152, HP:0008069, HP:0012088, HP:0000234, HP:0001636, HP:0000271, HP:0001739",33.33%,68.41939401626587
"HP:0009027, HP:0100502, HP:0006482, HP:0001319, HP:0005547, HP:0002861, HP:0004382, HP:0009027, HP:0100502","HP:0004382, HP:0005534, HP:0006346, HP:0009027, HP:0012058, HP:0012767, HP:0100502","HP:0009027, HP:0004382, HP:0040126, HP:0011792, HP:0001252, HP:0006705, HP:0006482, HP:0002664, HP:0004340, HP:0003011, HP:0003808, HP:0000118, HP:0011804, HP:0002861, HP:0100502, HP:0001871, HP:0033127, HP:0001654, HP:0001626, HP:0001881, HP:0000271, HP:0000163, HP:0001939, HP:0000153, HP:0004341, HP:0005547, HP:0032245, HP:0031816, HP:0001319, HP:0000164, HP:0001324, HP:0003690, HP:0001627, HP:0030680, HP:0100508, HP:0000152, HP:0000234, HP:0001633, HP:0001909",42.86%,104.46996641159058
"HP:0006695, HP:0011468, HP:0008643, HP:0008271, HP:0000700, HP:0100639, HP:0001889, HP:0011468","HP:0000700, HP:0000802, HP:0003145, HP:0003784, HP:0011558, HP:0011796, HP:0012900","HP:0011468, HP:0011792, HP:0002664, HP:0006695, HP:0000118, HP:0001671, HP:0005346, HP:0005324, HP:0001871, HP:0033127, HP:0000700, HP:0001903, HP:0001626, HP:0011842, HP:0010972, HP:0002763, HP:0002898, HP:0000271, HP:0011794, HP:0012874, HP:0000153, HP:0000163, HP:0001972, HP:0000080, HP:0000078, HP:0031816, HP:0000164, HP:0008643, HP:0008271, HP:0001627, HP:0000924, HP:0030680, HP:0000119, HP:0001877, HP:0000152, HP:0040307, HP:0100639, HP:0001889, HP:0000234",14.29%,74.66430163383484
"HP:0001159, HP:0001167, HP:0030431, HP:0001347, HP:0100584, HP:0005930","HP:0006685, HP:0007054, HP:0010001, HP:0010251, HP:0010260, HP:0012807, HP:0100777, HP:0200111","HP:0002813, HP:0011297, HP:0005930, HP:0001155, HP:0002664, HP:0030431, HP:0040064, HP:0001159, HP:0010622, HP:0001627, HP:0000924, HP:0000118, HP:0030680, HP:0011314, HP:0004306, HP:0002817, HP:0031826, HP:0001347, HP:0000707, HP:0012638, HP:0001167, HP:0033127, HP:0100584, HP:0100022, HP:0001626, HP:0011842, HP:0011793, HP:0011844",0.0%,64.53199076652527
"HP:0002861, HP:0002656, HP:0001159, HP:0007678, HP:0010310, HP:0003202, HP:0010913","HP:0000564, HP:0003724, HP:0005655, HP:0006505, HP:0009962, HP:0010913, HP:0011852, HP:0100826","HP:0002813, HP:0011792, HP:0002664, HP:0000614, HP:0011481, HP:0007678, HP:0001159, HP:0030669, HP:0003112, HP:0003011, HP:0000118, HP:0004354, HP:0002861, HP:0010892, HP:0000315, HP:0033127, HP:0011842, HP:0000271, HP:0011844, HP:0010912, HP:0003202, HP:0011032, HP:0001939, HP:0002652, HP:0012337, HP:0010310, HP:0032039, HP:0002202, HP:0032180, HP:0010913, HP:0011297, HP:0430071, HP:0000924, HP:0011805, HP:0000579, HP:0000152, HP:0002656, HP:0000234, HP:0033107, HP:0000969",12.5%,68.93526291847229
"HP:0000929, HP:0001719, HP:0004755, HP:0011875, HP:0009734, HP:0100525, HP:0001649, HP:0002666, HP:0000822, HP:0000739","HP:0000929, HP:0001676, HP:0009734, HP:0010479, HP:0011556, HP:0011693, HP:0011869","HP:0012639, HP:0100007, HP:0011563, HP:0011025, HP:0030060, HP:0010478, HP:0000929, HP:0000739, HP:0011792, HP:0001872, HP:0002664, HP:0011675, HP:0010936, HP:5200230, HP:0000118, HP:0011545, HP:0030972, HP:0000234, HP:0000707, HP:0001871, HP:0000014, HP:0000822, HP:0012638, HP:0030063, HP:0001626, HP:0004755, HP:0030956, HP:0001649, HP:0025487, HP:0001710, HP:0011446, HP:0032263, HP:0001719, HP:0001627, HP:0030061, HP:0030680, HP:0000119, HP:0000079, HP:0000759, HP:5200423, HP:0000152, HP:0100634, HP:0002666, HP:0011875, HP:0100525, HP:0009733, HP:0009734, HP:5200401",28.57%,73.4093599319458
"HP:0001339, HP:0000277, HP:0008188, HP:0002894, HP:0002683, HP:0001263, HP:0000821","HP:0000851, HP:0006818, HP:0010985, HP:0100757, HP:3000044, HP:3000055","HP:0012639, HP:0002012, HP:0002894, HP:0000929, HP:0001732, HP:0011772, HP:0008188, HP:0001263, HP:0011821, HP:0000118, HP:0025031, HP:0000821, HP:0030791, HP:0000820, HP:0000707, HP:0000152, HP:0000234, HP:0012638, HP:0001339, HP:0012759, HP:0000818, HP:0002536, HP:0002683, HP:0002926, HP:0002269, HP:0002011, HP:0012758, HP:0000277",0.0%,59.938302993774414
"HP:0012378, HP:0001824, HP:0000951, HP:0002094, HP:0001962, HP:0001324, HP:0030833, HP:0030863, HP:0000232, HP:0001159, HP:0001395, HP:0012029","HP:0000232, HP:0000454, HP:0001395, HP:0003288, HP:0005506, HP:0011939, HP:0012029, HP:0100646","HP:0001507, HP:0002813, HP:0004325, HP:0011025, HP:0030833, HP:0046506, HP:0002795, HP:0012378, HP:0011675, HP:0000232, HP:0025142, HP:0000951, HP:0001159, HP:0003011, HP:0000118, HP:0011804, HP:0002086, HP:0030863, HP:0012029, HP:0012531, HP:0410042, HP:0033127, HP:0001962, HP:0002793, HP:0001626, HP:0002094, HP:0000159, HP:0011842, HP:0030956, HP:0000271, HP:0011844, HP:0000163, HP:0000153, HP:0002012, HP:0001395, HP:0031816, HP:0011297, HP:0002098, HP:0001324, HP:0001574, HP:0004323, HP:0000178, HP:0000924, HP:0000818, HP:0001392, HP:0000152, HP:0001824, HP:0000234, HP:0025031",37.5%,120.29354524612427
"HP:0001744, HP:0000853, HP:0002683, HP:0004349, HP:0000822","HP:0000848, HP:0000939, HP:0001748, HP:0004491, HP:0005994","HP:0011025, HP:0003330, HP:0000929, HP:0011772, HP:0032263, HP:0001626, HP:0000853, HP:0004349, HP:0000924, HP:0000118, HP:0025031, HP:0030972, HP:0000820, HP:0000234, HP:0000152, HP:0003271, HP:0001438, HP:0000822, HP:0033127, HP:0000818, HP:0011842, HP:0002683, HP:0004348, HP:0001744, HP:0011849",0.0%,44.77491307258606
"HP:0006297, HP:0010194, HP:0008417, HP:0002797, HP:0000998, HP:0001081","HP:0002865, HP:0003204, HP:0006297, HP:0009633, HP:0010730, HP:0011980, HP:0012792, HP:0100472","HP:0000998, HP:0000925, HP:0011061, HP:0040064, HP:0006297, HP:0011138, HP:0001760, HP:0000118, HP:0005264, HP:0004297, HP:0010194, HP:0012437, HP:0033127, HP:0011842, HP:0002814, HP:0000271, HP:0000163, HP:0000153, HP:0002012, HP:0011362, HP:0003330, HP:0031816, HP:0010173, HP:0000164, HP:0006494, HP:0001081, HP:0001574, HP:0000924, HP:0009121, HP:0008417, HP:0025031, HP:0001392, HP:0002797, HP:0000152, HP:0003468, HP:0000682, HP:0001595, HP:0000234, HP:0008515",12.5%,87.47139596939087
"HP:0025388, HP:0001829, HP:0030853, HP:0002866, HP:0012905, HP:0003236","HP:0003363, HP:0008794, HP:0010211, HP:0011774, HP:0012544, HP:0012905, HP:0100808","HP:0001507, HP:0001939, HP:0011844, HP:0032180, HP:0025388, HP:0032039, HP:0012905, HP:0002867, HP:0040081, HP:0011772, HP:0000946, HP:0040064, HP:0001780, HP:0030669, HP:0003272, HP:0001760, HP:0000924, HP:0000118, HP:0001829, HP:0000820, HP:0002644, HP:0000152, HP:0000492, HP:0000234, HP:0000271, HP:0010876, HP:0000315, HP:0033127, HP:0030853, HP:0000818, HP:0003236, HP:0011842, HP:0002814, HP:0002866, HP:0011021",14.29%,68.1410059928894
"HP:0007712, HP:0000979, HP:0006347, HP:0002612, HP:0010663","HP:0000820, HP:0001135, HP:0002612, HP:0009417, HP:0011081, HP:0012691, HP:0100585","HP:0006347, HP:0000153, HP:0002012, HP:0012639, HP:0002612, HP:0001395, HP:0000163, HP:0031816, HP:0002011, HP:0000164, HP:0006482, HP:0001892, HP:0012443, HP:0000118, HP:0000691, HP:0001933, HP:0010662, HP:0001392, HP:0000152, HP:0000271, HP:0410042, HP:0001871, HP:0000707, HP:0100547, HP:0000234, HP:0000979, HP:0010663, HP:0025031, HP:0007712",14.29%,78.46333312988281
"HP:0100877, HP:0002997, HP:0002591, HP:0003749, HP:0000267, HP:0011467","HP:0001549, HP:0003749, HP:0004037, HP:0011326, HP:0011466, HP:0011783, HP:0100739","HP:0002012, HP:0000708, HP:0002997, HP:0000929, HP:0011446, HP:0003325, HP:0002591, HP:0100877, HP:0000267, HP:0010935, HP:0003749, HP:0100738, HP:0001324, HP:0000107, HP:0000077, HP:0012210, HP:0003011, HP:0000118, HP:0000119, HP:0011804, HP:0000079, HP:0040202, HP:0005264, HP:0004297, HP:0002683, HP:0000707, HP:0000152, HP:0001392, HP:0012638, HP:0012437, HP:0033127, HP:0011467, HP:0000234, HP:5200241, HP:0025031, HP:0011466",28.57%,79.23097729682922
"HP:0000303, HP:0034368, HP:0012109, HP:0000819, HP:0009812, HP:0000556","HP:0000307, HP:0002297, HP:0004904, HP:0004975, HP:0007937, HP:0009813, HP:0010474, HP:0012109","HP:0012109, HP:0001098, HP:0000501, HP:0000929, HP:0000303, HP:0000069, HP:0000478, HP:0000556, HP:0010935, HP:0040064, HP:0000479, HP:0012372, HP:0011821, HP:0004329, HP:0000118, HP:0000119, HP:0000818, HP:0000079, HP:0012373, HP:0002817, HP:0000819, HP:0030791, HP:0009812, HP:0000152, HP:0025633, HP:0006496, HP:0034368, HP:0000234, HP:0000277",12.5%,64.51958179473877
"HP:0010719, HP:0007033, HP:0002721, HP:0004415, HP:0002307","HP:0002307, HP:0002552, HP:0004960, HP:0010795, HP:0012176, HP:3000060","HP:0012639, HP:0001317, HP:0000153, HP:0010719, HP:0002721, HP:0004415, HP:0002795, HP:0011282, HP:0010978, HP:0030966, HP:0002088, HP:0004930, HP:0012252, HP:0001574, HP:0012443, HP:0011138, HP:0007033, HP:0004414, HP:0002715, HP:0000118, HP:0003781, HP:0002086, HP:0000707, HP:0000152, HP:0000271, HP:0002307, HP:0100755, HP:0031815, HP:0001595, HP:0000234, HP:0011283, HP:0002011",16.67%,54.75250482559204
"HP:0033434, HP:0001892, HP:0002656, HP:0009772, HP:0003737, HP:0009772, HP:0002197, HP:0000356","HP:0002392, HP:0003191, HP:0003548, HP:0009174, HP:0011248, HP:0011869, HP:0100919, HP:0100926","HP:0009772, HP:0004286, HP:0011001, HP:0000598, HP:0001892, HP:0003011, HP:0000118, HP:0011804, HP:0005105, HP:0031703, HP:0000707, HP:0001871, HP:0012638, HP:0033127, HP:0002197, HP:0011842, HP:0004348, HP:0000271, HP:0003800, HP:0001250, HP:0033434, HP:0002652, HP:0003330, HP:0004281, HP:0000366, HP:0004054, HP:0003737, HP:0000924, HP:0000356, HP:0000152, HP:0000419, HP:0002656, HP:0000234, HP:0011849",0.0%,66.03268313407898
"HP:0010885, HP:0006482, HP:0009466","HP:0002015, HP:0004121, HP:0004866, HP:0006344, HP:0009780, HP:0011871, HP:0100086","HP:0010885, HP:0000153, HP:0031816, HP:0001155, HP:0000164, HP:0006482, HP:0040064, HP:0004097, HP:0009466, HP:0000118, HP:0002817, HP:0011843, HP:0000152, HP:0001167, HP:0033127, HP:0000234, HP:0000271, HP:0000163",0.0%,87.41632413864136
"HP:0002716, HP:0001873, HP:0001878, HP:0001156, HP:0002153, HP:0004942, HP:0000458","HP:0000458, HP:0001873, HP:0002153, HP:0004804, HP:0004954, HP:0008940, HP:0010107, HP:0100780","HP:0001679, HP:0002813, HP:0100763, HP:0001872, HP:0025015, HP:0011004, HP:0000118, HP:0001878, HP:0000234, HP:0011895, HP:0001871, HP:0033127, HP:0004942, HP:0001903, HP:0003111, HP:0001626, HP:0011842, HP:0011844, HP:0000271, HP:0001939, HP:0032180, HP:0011297, HP:0001873, HP:0000458, HP:0002733, HP:0000366, HP:0002716, HP:0033353, HP:0010929, HP:0000924, HP:0001156, HP:0001877, HP:0011042, HP:0002597, HP:0011873, HP:0000152, HP:0010930, HP:0002153, HP:0011927, HP:0011875, HP:0004408",37.5%,58.363423109054565
"HP:0001260, HP:0001873, HP:0012385, HP:0002797, HP:0001118, HP:0003319, HP:0000220","HP:0000220, HP:0003319, HP:0007886, HP:0007935, HP:0009469, HP:0010417, HP:0011098, HP:0012526","HP:0000925, HP:0001872, HP:0000478, HP:0012385, HP:0012372, HP:0025792, HP:0000118, HP:0004328, HP:0003319, HP:0000174, HP:0000517, HP:0000707, HP:0000234, HP:0001371, HP:0001871, HP:0012638, HP:0100736, HP:0033127, HP:0030044, HP:0011842, HP:0000271, HP:0000163, HP:0000153, HP:0003330, HP:0031816, HP:4000072, HP:0011446, HP:0001873, HP:0001260, HP:0000220, HP:0000924, HP:0034434, HP:0009121, HP:0000518, HP:0002797, HP:0001118, HP:0011873, HP:0000152, HP:0034392, HP:0011875, HP:0002167, HP:0003549",25.0%,70.00261497497559
"HP:0000410, HP:0005274, HP:0100855, HP:0004423, HP:0009772, HP:0001873","HP:0002697, HP:0004854, HP:0005274, HP:0009785, HP:0011474, HP:0100929","HP:0005274, HP:0009772, HP:0004286, HP:0000929, HP:0031704, HP:0011001, HP:0000598, HP:0001872, HP:0002084, HP:0040064, HP:0001468, HP:0000118, HP:0005105, HP:0000436, HP:0100855, HP:0000405, HP:0001871, HP:0033127, HP:0000364, HP:0011842, HP:0004348, HP:0000271, HP:0003330, HP:0004281, HP:0000410, HP:0001873, HP:0000366, HP:0000365, HP:0004423, HP:0009784, HP:0001457, HP:0004054, HP:0011875, HP:0000924, HP:0002817, HP:0010938, HP:0001446, HP:0000152, HP:0011815, HP:0011873, HP:0000234, HP:0011849",16.67%,62.15606641769409
"HP:0005930, HP:0002097, HP:0011875, HP:0000366, HP:0003218, HP:0005345","HP:0000868, HP:0003743, HP:0005288, HP:0005345, HP:0006536, HP:0010927, HP:0012525, HP:0100219","HP:0001939, HP:0003218, HP:0003110, HP:0005345, HP:0002795, HP:0001872, HP:0005930, HP:0002088, HP:0012252, HP:0000366, HP:0025015, HP:0033353, HP:0000924, HP:0000118, HP:0011314, HP:0031980, HP:0002097, HP:0002624, HP:0002086, HP:0033354, HP:0002597, HP:0000234, HP:0000271, HP:0000152, HP:0001871, HP:0033127, HP:0001626, HP:0011842, HP:0011875, HP:0011844",12.5%,52.170469522476196
"HP:0001010, HP:0006482, HP:0002797, HP:0003540, HP:0007343, HP:0002140, HP:0012542, HP:0000778","HP:0002637, HP:0007443, HP:0008401, HP:0009814, HP:0010351, HP:0010515, HP:0011080, HP:0011871","HP:0012639, HP:0000778, HP:0001872, HP:0001805, HP:0006482, HP:0000951, HP:0011869, HP:0012443, HP:0011138, HP:0010515, HP:0000118, HP:0002140, HP:0030402, HP:0007343, HP:0000707, HP:0001871, HP:0001010, HP:0033127, HP:0000818, HP:0011842, HP:0001000, HP:0100659, HP:0000777, HP:0000271, HP:0002011, HP:0000163, HP:0000153, HP:0001297, HP:0003330, HP:0031816, HP:0000164, HP:0001597, HP:0001574, HP:0000924, HP:0002797, HP:0000152, HP:0003540, HP:0012542, HP:0100547, HP:0000234, HP:0011121",12.5%,66.1116886138916
"HP:0034398, HP:0000126, HP:0030319, HP:0000841","HP:0000297, HP:0000841, HP:0010838, HP:0011507, HP:0011881, HP:0100171, HP:0100581","HP:0034398, HP:0000301, HP:0010946, HP:0010935, HP:0001780, HP:0040064, HP:0000847, HP:0012210, HP:0000077, HP:0011799, HP:0010944, HP:0001760, HP:0000118, HP:0000119, HP:0000818, HP:0000841, HP:0000079, HP:0030319, HP:0000152, HP:0000126, HP:0000234, HP:0002814, HP:0000271",14.29%,85.39419293403625
"HP:0002913, HP:0009804, HP:0010655, HP:0002597, HP:0001363, HP:0100006","HP:0000674, HP:0002597, HP:0002913, HP:0004375, HP:0011322, HP:0012526, HP:0012706, HP:0100075","HP:0001939, HP:0000153, HP:0100006, HP:0011844, HP:0012639, HP:0003110, HP:0031816, HP:0000929, HP:0000164, HP:0005930, HP:0002913, HP:0009804, HP:0001363, HP:0006483, HP:0000924, HP:0000118, HP:0011314, HP:0033354, HP:0002683, HP:0002597, HP:0000707, HP:0000152, HP:0010655, HP:0033127, HP:0001626, HP:0011842, HP:0000234, HP:0000271, HP:0002011, HP:0000163",25.0%,79.50415897369385
"HP:0001836, HP:0011875, HP:0004552, HP:0009125, HP:0010164","HP:0003809, HP:0004552, HP:0010333, HP:0011547, HP:0011875, HP:0100226, HP:0100788","HP:0000987, HP:0005830, HP:0009124, HP:0011355, HP:0004552, HP:0009125, HP:0001872, HP:0040064, HP:0001780, HP:0000951, HP:0001574, HP:0001760, HP:0010164, HP:0000118, HP:0008366, HP:0001871, HP:0033127, HP:0003549, HP:0001836, HP:0010160, HP:0011875, HP:0002814, HP:0011121",28.57%,87.74205994606018
"HP:0000992, HP:0000953, HP:0002891, HP:0001156, HP:0001324, HP:0003065","HP:0001571, HP:0002891, HP:0003065, HP:0007537, HP:0009617, HP:0009787, HP:0011112, HP:0012529","HP:0002813, HP:0012243, HP:0000812, HP:0000008, HP:0000951, HP:0003011, HP:0002891, HP:0000118, HP:0011804, HP:0000992, HP:0000953, HP:0034669, HP:0033127, HP:0000130, HP:0011842, HP:0001000, HP:0001367, HP:0011844, HP:0031105, HP:0100491, HP:0000078, HP:0003045, HP:0011297, HP:0001324, HP:0001574, HP:0010784, HP:0000924, HP:0000119, HP:0002815, HP:0001156, HP:0006498, HP:0011354, HP:0003065, HP:0011927, HP:0011121",25.0%,64.66481733322144
"HP:0000494, HP:0010828, HP:0007957, HP:0010583, HP:0025261, HP:0001362","HP:0001902, HP:0005498, HP:0007332, HP:0007874, HP:0008392, HP:0008511, HP:0009426, HP:0100128","HP:0011442, HP:0011729, HP:0000481, HP:0000929, HP:0000478, HP:0001376, HP:0030669, HP:0012372, HP:0000118, HP:0010583, HP:0011314, HP:0004328, HP:0001336, HP:0025261, HP:0000707, HP:0011843, HP:0012638, HP:0000315, HP:0033127, HP:0000494, HP:0011842, HP:0002683, HP:0011844, HP:0000271, HP:0032039, HP:0003739, HP:0007957, HP:0001362, HP:0001387, HP:0005930, HP:0034430, HP:0010828, HP:0000924, HP:0200006, HP:0000152, HP:0000492, HP:0008050, HP:0000234, HP:0004305",0.0%,89.90426301956177
"HP:0032391, HP:0001853, HP:0000763, HP:0002126, HP:0007773, HP:0001156, HP:0001324","HP:0001489, HP:0002282, HP:0002936, HP:0004813, HP:0006821, HP:0009150, HP:0100209, HP:3000006","HP:0012639, HP:0002813, HP:0011297, HP:0032391, HP:0009136, HP:0000763, HP:0002282, HP:0000478, HP:0040064, HP:0001324, HP:0012372, HP:0001760, HP:0003011, HP:0004329, HP:0000118, HP:0000924, HP:0011804, HP:0002126, HP:0001156, HP:0004327, HP:0007773, HP:0000707, HP:0001853, HP:0012638, HP:0033127, HP:0011927, HP:0011842, HP:0009830, HP:0002536, HP:0002269, HP:0002814, HP:0011844, HP:0002011",12.5%,54.01742362976074
"HP:0000153, HP:0000518, HP:0001892, HP:0002046, HP:0011220, HP:0002991","HP:0000150, HP:0000153, HP:0001134, HP:0002046, HP:0003540, HP:0004425, HP:0010593","HP:0000153, HP:0001939, HP:0012337, HP:0000478, HP:0001892, HP:0040064, HP:0002046, HP:0002981, HP:0012372, HP:0011220, HP:0000118, HP:0004328, HP:0000518, HP:0000517, HP:0000152, HP:0001871, HP:0000290, HP:0002991, HP:0000234, HP:0002814, HP:0000271, HP:0004370",28.57%,63.14911389350891
"HP:0012531, HP:0100540, HP:0002659, HP:0011314","HP:0001975, HP:0003884, HP:0010117, HP:0012375","HP:0011844, HP:0032039, HP:0002659, HP:0025142, HP:0030669, HP:0000924, HP:0000118, HP:0011314, HP:0012531, HP:0100540, HP:0000152, HP:0000492, HP:0011843, HP:0000315, HP:0033127, HP:0011842, HP:0000234, HP:0000271",0.0%,59.273688316345215
"HP:0008771, HP:0001156, HP:0000518, HP:0001901, HP:0000863, HP:0010669","HP:0001898, HP:0003265, HP:0008589, HP:0009333, HP:0010693, HP:0011752, HP:3000018","HP:0002813, HP:0034261, HP:0010669, HP:0000929, HP:0000598, HP:0011297, HP:0000478, HP:0000863, HP:0012372, HP:0011821, HP:0000873, HP:0000924, HP:0000118, HP:0002692, HP:0004328, HP:0001156, HP:0008771, HP:0000518, HP:0031703, HP:0001877, HP:0000517, HP:0000152, HP:0001871, HP:0001901, HP:0033127, HP:0011927, HP:0000818, HP:0011842, HP:0000234, HP:0011844",0.0%,68.08219194412231
"HP:0011372, HP:0000375, HP:0012385, HP:0001363, HP:0010049, HP:0001890","HP:0000375, HP:0004844, HP:0008772, HP:0009539, HP:0010036, HP:0012316, HP:0012800","HP:0011844, HP:0030044, HP:0000929, HP:0000598, HP:0003026, HP:0012385, HP:0010049, HP:0000375, HP:0001363, HP:0000924, HP:0000118, HP:0008774, HP:0011314, HP:0001878, HP:0008771, HP:0031703, HP:0001877, HP:0011372, HP:0002683, HP:0000152, HP:0001371, HP:0011895, HP:0001871, HP:0033127, HP:0001890, HP:0011390, HP:0034392, HP:0000359, HP:0000234, HP:0011842, HP:0001903, HP:0003549",14.29%,75.9253511428833
"HP:0005791, HP:0012549, HP:0010583, HP:0010587, HP:0011252, HP:0002353, HP:0003215, HP:0001897","HP:0003215, HP:0004031, HP:0004819, HP:0009498, HP:0010263, HP:0011205, HP:0011254, HP:0012549","HP:0001897, HP:0003110, HP:0000598, HP:0030178, HP:0030669, HP:0012072, HP:0000118, HP:0010583, HP:0011314, HP:0031703, HP:0000707, HP:0000935, HP:0001871, HP:0012638, HP:0000315, HP:0033127, HP:0001903, HP:0011842, HP:0010972, HP:0012549, HP:0002353, HP:0000271, HP:0011844, HP:0001939, HP:0032039, HP:0032943, HP:0010587, HP:0005930, HP:0001311, HP:0000502, HP:0000924, HP:0011252, HP:0000356, HP:0001877, HP:0005791, HP:0000152, HP:0003215, HP:0000377, HP:0001992, HP:0000234, HP:0040156",25.0%,73.92357277870178
"HP:0005561, HP:0000518, HP:0002671, HP:0002910, HP:0010442, HP:0012378","HP:0007795, HP:0010000, HP:0010615, HP:0011250, HP:0012131, HP:0012544","HP:0001939, HP:0002813, HP:0011844, HP:0012378, HP:0011297, HP:0000478, HP:0025142, HP:0000951, HP:0001574, HP:0005561, HP:0012372, HP:0430135, HP:0010442, HP:0000924, HP:0000118, HP:0004328, HP:0002910, HP:0000518, HP:0012379, HP:0000517, HP:0034684, HP:0001871, HP:0033127, HP:0002671, HP:0011842, HP:0008069",0.0%,73.32855582237244
"HP:0030154, HP:0001903, HP:0002656, HP:0000046, HP:0007968","HP:0001972, HP:0005233, HP:0008569, HP:0008707, HP:0009922, HP:0010241, HP:0100210","HP:0002012, HP:0002652, HP:0000078, HP:0012243, HP:0000046, HP:0000045, HP:0000032, HP:0000478, HP:0012372, HP:0000924, HP:0005264, HP:0000118, HP:0000119, HP:0000811, HP:0004329, HP:0004327, HP:0001877, HP:0004297, HP:0001392, HP:0030154, HP:0001871, HP:0012437, HP:0033127, HP:0007968, HP:0001903, HP:0002656, HP:0011842, HP:0025031",0.0%,69.20410966873169
"HP:0034585, HP:0005233, HP:0001857, HP:0000365","HP:0001362, HP:0005233, HP:0010431, HP:0011375, HP:0100169","HP:0002012, HP:0031704, HP:0000598, HP:0001991, HP:0002814, HP:0011391, HP:0040064, HP:0001780, HP:0000365, HP:0005035, HP:0001831, HP:0001760, HP:0000364, HP:0001857, HP:0000118, HP:0005264, HP:0005233, HP:0031703, HP:0004297, HP:0001392, HP:0012437, HP:0011390, HP:0000359, HP:0011396, HP:0025031, HP:0011466, HP:0034585",20.0%,68.32937812805176
"HP:0001746, HP:0003048, HP:0009145, HP:0500153","HP:0003083, HP:0005900, HP:0006566, HP:0008554, HP:0009145, HP:0010451, HP:0010908","HP:0001743, HP:0002012, HP:0001939, HP:0032180, HP:0003048, HP:0009145, HP:0010902, HP:0430071, HP:0010451, HP:0003112, HP:0025015, HP:0033353, HP:0025408, HP:0011004, HP:0000924, HP:0500153, HP:0000118, HP:0004354, HP:0010909, HP:0002597, HP:0032153, HP:0033127, HP:0001367, HP:0001626, HP:0011842, HP:0001746, HP:0025031, HP:0033107",28.57%,81.94437074661255
"HP:0010442, HP:0000510, HP:0011252, HP:0012680, HP:0002893, HP:0001635","HP:0000555, HP:0001161, HP:0009805, HP:0011254, HP:0011510, HP:0011763, HP:0012688","HP:0012680, HP:0002813, HP:0001098, HP:0011025, HP:0011747, HP:0011750, HP:0000598, HP:0011297, HP:0000478, HP:0000556, HP:0000479, HP:0012372, HP:0010442, HP:0000924, HP:0000118, HP:0011252, HP:0004329, HP:0012503, HP:0000356, HP:0031703, HP:0000510, HP:0000864, HP:0000377, HP:0001635, HP:0002893, HP:0033127, HP:0000818, HP:0011842, HP:0001626, HP:0011844",0.0%,82.57235503196716
"HP:0001159, HP:0000407, HP:0011718, HP:0005731, HP:0010766, HP:0003457","HP:0003457, HP:0008625, HP:0010400, HP:0010423, HP:0011986, HP:0012525, HP:3000043","HP:0002813, HP:0003330, HP:0031704, HP:0002795, HP:0003103, HP:0000598, HP:0011297, HP:0002088, HP:0004930, HP:0012252, HP:0000365, HP:0001159, HP:0000364, HP:0010766, HP:0000924, HP:0000118, HP:0011804, HP:0003011, HP:0005731, HP:0003457, HP:0002086, HP:0011718, HP:0033127, HP:0011842, HP:0011844, HP:0000407",14.29%,78.26874351501465
"HP:0100295, HP:0011372, HP:0001156, HP:0002875, HP:0001939","HP:0001939, HP:0003554, HP:0003584, HP:0008320, HP:0008771, HP:0009046, HP:0100393","HP:0001939, HP:0002813, HP:0002795, HP:0000598, HP:0011297, HP:0004303, HP:0003011, HP:0000924, HP:0000118, HP:0011805, HP:0008774, HP:0001156, HP:0002875, HP:0100295, HP:0008771, HP:0011372, HP:0031703, HP:0002086, HP:0033127, HP:0011927, HP:0002793, HP:0011842, HP:0002094, HP:0011844",28.57%,65.71972823143005
"HP:0033434, HP:0001892, HP:0002656, HP:0009772, HP:0003737, HP:0002197, HP:0000356","HP:0002392, HP:0003191, HP:0003548, HP:0009174, HP:0011248, HP:0011869, HP:0100919, HP:0100926","HP:0001250, HP:0033434, HP:0002652, HP:0009772, HP:0004286, HP:0003330, HP:0004281, HP:0011001, HP:0000598, HP:0001892, HP:0000366, HP:0004054, HP:0003011, HP:0000924, HP:0000118, HP:0011804, HP:0005105, HP:0011849, HP:0000356, HP:0031703, HP:0000707, HP:0000152, HP:0000419, HP:0001871, HP:0012638, HP:0033127, HP:0002197, HP:0002656, HP:0011842, HP:0000234, HP:0004348, HP:0000271, HP:0003737, HP:0003800",0.0%,56.591774225234985
"HP:0000410, HP:0005274, HP:0100855, HP:0004423, HP:0009772, HP:0001873","HP:0002697, HP:0004854, HP:0005274, HP:0009785, HP:0011474, HP:0100929","HP:0005274, HP:0009772, HP:0004286, HP:0000929, HP:0031704, HP:0011001, HP:0000598, HP:0001872, HP:0002084, HP:0040064, HP:0001468, HP:0000118, HP:0005105, HP:0000436, HP:0100855, HP:0000405, HP:0001871, HP:0033127, HP:0000364, HP:0011842, HP:0004348, HP:0000271, HP:0003330, HP:0004281, HP:0000410, HP:0001873, HP:0000366, HP:0000365, HP:0004423, HP:0009784, HP:0001457, HP:0004054, HP:0011875, HP:0000924, HP:0002817, HP:0010938, HP:0001446, HP:0000152, HP:0011815, HP:0011873, HP:0000234, HP:0011849",16.67%,61.53610372543335
"HP:0008897, HP:0100774, HP:0009826, HP:0002894, HP:0000410, HP:0004322","HP:0000410, HP:0008850, HP:0009826, HP:0010098, HP:0011001, HP:0011876, HP:0012142","HP:0001507, HP:0002012, HP:0002894, HP:0001732, HP:0000410, HP:0001510, HP:0100774, HP:0031704, HP:0000598, HP:0008897, HP:0000365, HP:0009815, HP:0000364, HP:0000924, HP:0000118, HP:0004322, HP:0000002, HP:0009115, HP:0000405, HP:0009826, HP:0033127, HP:0011842, HP:0025031",28.57%,74.89033007621765
"HP:0002164, HP:0007343, HP:0001873, HP:0000377, HP:0001156, HP:0010442","HP:0001598, HP:0002444, HP:0004689, HP:0004809, HP:0009898, HP:0010424, HP:0100115","HP:0012639, HP:0002813, HP:0011844, HP:0000598, HP:0001872, HP:0001873, HP:0011297, HP:0001597, HP:0001574, HP:0012443, HP:0011138, HP:0010442, HP:0000924, HP:0000118, HP:0001156, HP:0000356, HP:0031703, HP:0000707, HP:0007343, HP:0000377, HP:0011873, HP:0001871, HP:0033127, HP:0100547, HP:0011927, HP:0011842, HP:0011875, HP:0002164, HP:0002011",0.0%,76.80544686317444
"HP:0009380, HP:0002888, HP:0002120, HP:0007716, HP:0100309, HP:0012532","HP:0007460, HP:0009170, HP:0010993, HP:0012055, HP:0100309, HP:0100836","HP:0007716, HP:0012639, HP:0002120, HP:0002888, HP:0030060, HP:0009733, HP:0007369, HP:0011792, HP:0001155, HP:0002170, HP:0002664, HP:0006265, HP:0040064, HP:0001892, HP:0011029, HP:0025142, HP:0012443, HP:0002060, HP:0030061, HP:0000118, HP:0002817, HP:0002861, HP:0002059, HP:0000707, HP:0012531, HP:0012532, HP:0009380, HP:0001167, HP:0001871, HP:0100547, HP:0030063, HP:0100309, HP:0002011",16.67%,112.37974667549133
"HP:0000822, HP:0007109, HP:0001974, HP:0000772, HP:0010442, HP:0001283","HP:0000875, HP:0000907, HP:0001868, HP:0002483, HP:0005676, HP:0007109, HP:0011818, HP:0011893","HP:0012639, HP:0011893, HP:0002813, HP:0011025, HP:0000765, HP:0002352, HP:0011297, HP:0002518, HP:0032263, HP:0001324, HP:0000772, HP:0012443, HP:0003011, HP:0010442, HP:0001283, HP:0000118, HP:0002060, HP:0000924, HP:0009121, HP:0001547, HP:0011804, HP:0030972, HP:0001974, HP:0000707, HP:0001871, HP:0007109, HP:0000822, HP:0033127, HP:0100547, HP:0001626, HP:0011842, HP:0001881, HP:0011844, HP:0002011",25.0%,75.45429587364197
"HP:0002487, HP:0001605, HP:0000598, HP:0001159, HP:0001831, HP:0011467","HP:0001609, HP:0002451, HP:0008073, HP:0009244, HP:0010825, HP:0011235, HP:0011467, HP:0100371","HP:0002813, HP:0002012, HP:0011442, HP:0000598, HP:0011297, HP:0002487, HP:0001991, HP:0001605, HP:0040064, HP:0001780, HP:0001159, HP:0001831, HP:0001760, HP:0000924, HP:0000118, HP:0003470, HP:0005264, HP:0004297, HP:0000707, HP:0001392, HP:0012638, HP:0012437, HP:0033127, HP:0100022, HP:0011467, HP:0011842, HP:0002814, HP:0011844, HP:0025031, HP:0011466",12.5%,66.52728629112244
"HP:0003474, HP:0002138, HP:0003215, HP:0000836, HP:0001649, HP:0001337","HP:0000600, HP:0000836, HP:0003215, HP:0004944, HP:0011226, HP:0011730, HP:0100699","HP:0001939, HP:0001649, HP:0001337, HP:0011442, HP:0011025, HP:0000836, HP:0003110, HP:0032943, HP:0002170, HP:0001892, HP:0011675, HP:0011029, HP:0012072, HP:0002138, HP:0004305, HP:0000118, HP:0000820, HP:0000707, HP:0003474, HP:0003215, HP:0001992, HP:0001871, HP:0012638, HP:0000818, HP:0001626, HP:0002926, HP:0040156, HP:0030956",28.57%,77.80599117279053
"HP:0002024, HP:0002570, HP:0012378, HP:0000854, HP:0001627, HP:0003467, HP:0000110","HP:0001480, HP:0002570, HP:0003467, HP:0006781, HP:0009354, HP:0010958, HP:0011583, HP:0012406","HP:0002630, HP:0025032, HP:0000925, HP:0012378, HP:0002570, HP:0011772, HP:0003467, HP:0025142, HP:0100031, HP:0000854, HP:0010935, HP:0012210, HP:0000077, HP:0001627, HP:0000924, HP:0000118, HP:0030680, HP:0009121, HP:0000119, HP:0000079, HP:0000820, HP:0033127, HP:0003413, HP:0002024, HP:0000818, HP:0011842, HP:0001626, HP:0025031, HP:0000110",25.0%,114.035480260849
"HP:0002098, HP:0000836, HP:0007373, HP:0000093, HP:0001719, HP:0009803, HP:0012582","HP:0001719, HP:0002790, HP:0004331, HP:0007373, HP:0010173, HP:0011782, HP:0012586, HP:0012595","HP:0012639, HP:0011563, HP:0000836, HP:0003110, HP:0002795, HP:0001155, HP:0040064, HP:0009803, HP:0009767, HP:0000077, HP:0012757, HP:0002450, HP:0000118, HP:0011545, HP:0002086, HP:0000820, HP:0000707, HP:0012582, HP:0001167, HP:0002793, HP:0001626, HP:0000818, HP:0002094, HP:0002926, HP:0001939, HP:0007373, HP:0020129, HP:0001710, HP:0002098, HP:0010935, HP:0012210, HP:0001719, HP:0001627, HP:0005918, HP:0030680, HP:0000119, HP:0000079, HP:0002817, HP:0033354, HP:0000093, HP:0000110",25.0%,69.78716135025024
"HP:0010558, HP:0000183, HP:0000610, HP:0006070, HP:0002119, HP:0030968","HP:0000162, HP:0000610, HP:0006070, HP:0010559, HP:0010772, HP:0011790, HP:0012402, HP:0200128","HP:0012639, HP:0000182, HP:0000929, HP:0002795, HP:0005916, HP:0001155, HP:0000478, HP:0002088, HP:0012252, HP:0040064, HP:0012372, HP:0012443, HP:0010558, HP:0000118, HP:0000553, HP:0002118, HP:0002086, HP:0000707, HP:0030968, HP:0002693, HP:0000271, HP:0002011, HP:0000153, HP:0000932, HP:0000157, HP:0005922, HP:0004930, HP:0002817, HP:0000183, HP:0000152, HP:0006070, HP:0000610, HP:0011911, HP:0011718, HP:0000234, HP:0002119, HP:0030810",25.0%,105.48257875442505
"HP:0001250, HP:0003202, HP:0010663, HP:0002917, HP:0003396","HP:0003560, HP:0004590, HP:0005567, HP:0011097, HP:0012691, HP:0100565","HP:0001250, HP:0012639, HP:0001939, HP:0032180, HP:0002143, HP:0012443, HP:0100561, HP:0003011, HP:0010929, HP:0002917, HP:0000118, HP:0011805, HP:0004921, HP:0010662, HP:0003396, HP:0010927, HP:0000707, HP:0012638, HP:0033127, HP:0100547, HP:0003111, HP:0010663, HP:0002011, HP:0003202",0.0%,49.218114376068115
"HP:0010819, HP:0100749, HP:0001770, HP:0001258, HP:0100037, HP:0002121","HP:0001258, HP:0002069, HP:0006649, HP:0007207, HP:0010191, HP:0010720, HP:0011170, HP:0100584","HP:0001250, HP:0002813, HP:0001276, HP:0001770, HP:0001258, HP:0011297, HP:0020219, HP:0025142, HP:0001257, HP:0001159, HP:0001574, HP:0002061, HP:0011138, HP:0003011, HP:0003808, HP:0000924, HP:0000118, HP:0010819, HP:0011804, HP:0000707, HP:0012531, HP:0034353, HP:0100749, HP:0002121, HP:0012638, HP:0033127, HP:0002197, HP:0011842, HP:0001595, HP:0100037, HP:0011844",12.5%,66.6545307636261
"HP:0001163, HP:0001991, HP:0000568, HP:0100892, HP:0001677, HP:0001250","HP:0002349, HP:0003715, HP:0005292, HP:0006904, HP:0010020, HP:0011480, HP:0100044, HP:0100892","HP:0001250, HP:0000766, HP:0008056, HP:0001163, HP:0001991, HP:0000478, HP:0000568, HP:0001677, HP:0100892, HP:0001780, HP:0040064, HP:0025015, HP:0012372, HP:0033353, HP:0001760, HP:0002621, HP:0000924, HP:0000118, HP:0009121, HP:0011004, HP:0002634, HP:0002597, HP:0000707, HP:0012638, HP:0033127, HP:0000765, HP:0011842, HP:0001626, HP:0002814",12.5%,68.59462475776672
"HP:0000982, HP:0003547, HP:0001289, HP:0003422","HP:0003537, HP:0003724, HP:0007548, HP:0008439, HP:0012006","HP:0000962, HP:0000982, HP:0000925, HP:0001435, HP:0011446, HP:0000972, HP:0040064, HP:0007556, HP:0000951, HP:0011368, HP:0001574, HP:0003547, HP:0000924, HP:0000118, HP:0100543, HP:0009121, HP:0001072, HP:0002817, HP:0001446, HP:0000707, HP:0003422, HP:0012638, HP:0003468, HP:0033127, HP:0011842, HP:0001289, HP:0011121",0.0%,48.461610555648804
"HP:0002633, HP:0012385, HP:0003040, HP:0000220, HP:0000523, HP:0001324","HP:0002633, HP:0010029, HP:0010821, HP:0100017, HP:0100469, HP:3000073","HP:0000153, HP:0031816, HP:0000478, HP:0012385, HP:0001324, HP:0025015, HP:0002633, HP:0012372, HP:0033353, HP:0003011, HP:0000220, HP:0000118, HP:0000924, HP:0011804, HP:0004328, HP:0000518, HP:0000174, HP:0002597, HP:0000234, HP:0000152, HP:0003040, HP:0001371, HP:0000271, HP:0000517, HP:0100736, HP:0033127, HP:0034392, HP:0000523, HP:0030044, HP:0011842, HP:0001626, HP:0001367, HP:0003549, HP:0000163",16.67%,69.20693588256836
"HP:0002121, HP:0003737, HP:0001159, HP:0003327, HP:0010732","HP:0000571, HP:0001427, HP:0003327, HP:0010710, HP:0010732, HP:0011150, HP:0011600","HP:0001250, HP:0002813, HP:0032039, HP:0010732, HP:0011297, HP:0001324, HP:0001159, HP:0030669, HP:0003011, HP:0000924, HP:0000118, HP:0011804, HP:0000707, HP:0000152, HP:0000492, HP:0000271, HP:0002121, HP:0012638, HP:0033127, HP:0002197, HP:0000315, HP:0011842, HP:0000234, HP:0003327, HP:0011844, HP:0003737, HP:0003800",28.57%,57.323169469833374
"HP:0001250, HP:0002119, HP:0002953, HP:0001263, HP:0001347, HP:0001324, HP:0001252, HP:0001288, HP:0003202","HP:0003560, HP:0006956, HP:0007334, HP:0011343, HP:0011941","HP:0001250, HP:0012639, HP:0012758, HP:0000925, HP:0001288, HP:0001324, HP:0001263, HP:0012443, HP:0003011, HP:0002953, HP:0000924, HP:0000118, HP:0002118, HP:0009121, HP:0011804, HP:0003808, HP:0011805, HP:0031826, HP:0001347, HP:0000707, HP:0012638, HP:0003468, HP:0033127, HP:0100022, HP:0012759, HP:0011842, HP:0002119, HP:0002011, HP:0001252, HP:0003202",0.0%,51.48375964164734
"HP:0000953, HP:0007957, HP:0001831, HP:0010016, HP:0000107, HP:0000211, HP:0000773, HP:0002121","HP:0000003, HP:0005587, HP:0005793, HP:0006712, HP:0007809, HP:0011147, HP:0012901, HP:0200050","HP:0006712, HP:0000481, HP:0000929, HP:0005916, HP:0001991, HP:0000478, HP:0001155, HP:0040064, HP:0000951, HP:0000107, HP:0000077, HP:0012372, HP:0001831, HP:0001760, HP:0011821, HP:0000118, HP:0004328, HP:0000953, HP:0000234, HP:0000707, HP:0002121, HP:0012638, HP:0033127, HP:0002197, HP:0000765, HP:0011842, HP:0001000, HP:0002814, HP:0000277, HP:0001250, HP:0007957, HP:0005922, HP:0010935, HP:0010016, HP:0001780, HP:0001574, HP:0012210, HP:0000772, HP:0000924, HP:0009121, HP:0000119, HP:0000079, HP:0002817, HP:0030791, HP:0000152, HP:0010014, HP:0005913, HP:0001547, HP:0000211, HP:0011121, HP:0000773",12.5%,63.92952108383179
"HP:0000505, HP:0001324, HP:0012378, HP:0100749, HP:0003834, HP:0003701, HP:0001315","HP:0001444, HP:0004403, HP:0005687, HP:0006949, HP:0007727, HP:0011171, HP:0100285","HP:0001315, HP:0003043, HP:0012378, HP:0000478, HP:0025142, HP:0001324, HP:0000504, HP:0003011, HP:0003701, HP:0000118, HP:0011804, HP:0000924, HP:0009121, HP:0012373, HP:0003834, HP:0031826, HP:0000707, HP:0012531, HP:0100749, HP:0012638, HP:0033127, HP:0100022, HP:0000765, HP:0011842, HP:0000505",0.0%,77.64514636993408
"HP:0001634, HP:0000389, HP:0001156, HP:0000738, HP:0004054, HP:0002460","HP:0004222, HP:0008955, HP:0009797, HP:0010409, HP:0011622, HP:0012002","HP:0002813, HP:0008609, HP:0011001, HP:0000598, HP:0006705, HP:0002460, HP:0001634, HP:0000388, HP:0003011, HP:0000118, HP:0011804, HP:0031703, HP:0000707, HP:0000370, HP:0012638, HP:0033127, HP:0001626, HP:0000738, HP:0011842, HP:0004348, HP:0011844, HP:0003330, HP:0011446, HP:0011297, HP:0001324, HP:0004054, HP:0001627, HP:0000924, HP:0030680, HP:0001156, HP:0000389, HP:5200423, HP:0011927, HP:0001654, HP:0001633, HP:0011849",0.0%,45.462499380111694
"HP:0034398, HP:0001537, HP:0000982, HP:0001901, HP:0002970, HP:0005873, HP:0005930, HP:0000982, HP:0004971","HP:0000972, HP:0001544, HP:0002979, HP:0005039, HP:0005316, HP:0012132, HP:0100234, HP:0100416","HP:0001537, HP:0034398, HP:0002795, HP:0001551, HP:0002088, HP:0000972, HP:0040064, HP:0007556, HP:0000951, HP:0002981, HP:0012252, HP:0001760, HP:0004298, HP:0000118, HP:0011314, HP:0002979, HP:0001829, HP:0002086, HP:0001871, HP:0002970, HP:0001841, HP:0001901, HP:0033127, HP:0011842, HP:0002814, HP:0011844, HP:0000962, HP:0000982, HP:0004971, HP:0030966, HP:0005930, HP:0004930, HP:0001780, HP:0005873, HP:0011368, HP:0001574, HP:0004414, HP:0000924, HP:0001072, HP:0001877, HP:0011121, HP:0025031",25.0%,74.93316793441772
"HP:0000973, HP:0008368, HP:0001539, HP:0000826, HP:0011856","HP:0001551, HP:0007392, HP:0010073, HP:0011856, HP:0012411","HP:0100000, HP:0000708, HP:0001850, HP:0004299, HP:0011446, HP:0010647, HP:0010866, HP:0040064, HP:0100738, HP:0000951, HP:0001574, HP:0001760, HP:0004298, HP:0000118, HP:0000818, HP:0008368, HP:0040202, HP:0000973, HP:0000707, HP:5200241, HP:0008373, HP:0012638, HP:0000826, HP:0011856, HP:0001539, HP:0002814, HP:0011121, HP:0025031, HP:0008067",20.0%,42.98542642593384
"HP:0000238, HP:0000998, HP:0001582, HP:0010885, HP:0030084, HP:0011836, HP:0001159, HP:0001999, HP:0000327, HP:0000347","HP:0000474, HP:0008785, HP:0009327, HP:0009428, HP:0009563, HP:0010782, HP:0011913, HP:0200135","HP:0010885, HP:0000998, HP:0012639, HP:0002813, HP:0009118, HP:0000929, HP:0010647, HP:0040064, HP:0000951, HP:0001159, HP:0012443, HP:0011138, HP:0001760, HP:0011821, HP:0000118, HP:0002118, HP:0000707, HP:0000973, HP:0000238, HP:0000327, HP:0011843, HP:0001582, HP:0033127, HP:0011842, HP:0002814, HP:0011844, HP:0002011, HP:0000271, HP:0000277, HP:0001850, HP:0011362, HP:0030084, HP:0008365, HP:0000347, HP:0011297, HP:0001574, HP:0000924, HP:0030791, HP:0001999, HP:0000152, HP:0000326, HP:0001595, HP:0000234, HP:0011836, HP:0011121, HP:0008067",0.0%,92.16235017776489
"HP:0002721, HP:0000175, HP:0033400, HP:0010442, HP:0008090","HP:0000175, HP:0005407, HP:0007862, HP:0009656, HP:0011848, HP:0100403","HP:0000153, HP:0002813, HP:0011844, HP:0025032, HP:0002721, HP:0031816, HP:0011458, HP:0008090, HP:0010978, HP:0011297, HP:0033400, HP:0040064, HP:0001760, HP:0010442, HP:0002715, HP:0000118, HP:0000924, HP:0000175, HP:0000174, HP:0000152, HP:0002027, HP:0033127, HP:0011842, HP:0000234, HP:0002814, HP:0000271, HP:0025031, HP:0000163",16.67%,62.99473571777344
"HP:0012841, HP:0002659, HP:0009601, HP:0000704, HP:0006492","HP:0001102, HP:0003023, HP:0003982, HP:0006308, HP:0009777, HP:0011037","HP:0000153, HP:0001098, HP:0000704, HP:0006492, HP:0031816, HP:0001155, HP:0000478, HP:0000164, HP:0002659, HP:0001172, HP:0040064, HP:0008046, HP:0000479, HP:0002981, HP:0012372, HP:0004329, HP:0000118, HP:0002817, HP:0009601, HP:0011843, HP:0000152, HP:0012841, HP:0033127, HP:0001167, HP:0002991, HP:0000234, HP:0002814, HP:0000271, HP:0000163",0.0%,54.2101194858551
"HP:0002659, HP:0001156, HP:0003202, HP:0001156, HP:0000581, HP:0003189, HP:0006976","HP:0000343, HP:0000492, HP:0002305, HP:0003023, HP:0009228, HP:0009421, HP:0100558","HP:0006976, HP:0002813, HP:0003189, HP:0032039, HP:0011297, HP:0002659, HP:0000366, HP:0030669, HP:0003011, HP:0001298, HP:0000924, HP:0000118, HP:0011805, HP:0000581, HP:0005105, HP:0001156, HP:0000707, HP:0011843, HP:0000152, HP:0000492, HP:0000271, HP:0012638, HP:0000315, HP:0033127, HP:0011927, HP:0008050, HP:0011842, HP:0000234, HP:0200007, HP:0011844, HP:0003202",14.29%,53.16305208206177
"HP:0000639, HP:0020110, HP:0001172, HP:0003422, HP:0001742","HP:0005855, HP:0008416, HP:0009603, HP:0010544, HP:0010643, HP:0012766","HP:0020110, HP:0001742, HP:0000925, HP:0012547, HP:0001155, HP:0000478, HP:0001172, HP:0040064, HP:0000366, HP:0000924, HP:0000118, HP:0009121, HP:0000639, HP:0012373, HP:0002817, HP:0003422, HP:0000152, HP:0001167, HP:0033127, HP:0000496, HP:0003468, HP:0011842, HP:0000234, HP:0000271",0.0%,51.84247183799744
"HP:0001166, HP:0003547, HP:6000890, HP:0000939, HP:0001387, HP:0000652, HP:0002205","HP:0000652, HP:0002756, HP:0003059, HP:0003121, HP:0006155, HP:0006538, HP:0010798, HP:0011413","HP:0001238, HP:0000652, HP:0011729, HP:0002719, HP:0001155, HP:0001376, HP:0040064, HP:0006439, HP:0030669, HP:0002715, HP:0000118, HP:0003059, HP:0011843, HP:6000890, HP:0001166, HP:0001167, HP:0000939, HP:0033127, HP:0000315, HP:0011842, HP:0004348, HP:0003547, HP:0000271, HP:0032039, HP:0003330, HP:0001435, HP:0000625, HP:0001387, HP:0010978, HP:0002973, HP:0011226, HP:0002205, HP:0034430, HP:0004349, HP:0000924, HP:0002817, HP:0001446, HP:0032101, HP:0000152, HP:0000492, HP:0000234, HP:0011849",25.0%,71.35460448265076
"HP:0005599, HP:0000846, HP:0001953, HP:0031854, HP:0010784, HP:0000012, HP:0000980, HP:0001324","HP:0004527, HP:0008344, HP:0008635, HP:0009244, HP:0010784, HP:0011537, HP:0011734","HP:0001507, HP:0000078, HP:0012243, HP:0011733, HP:0000812, HP:0005599, HP:0000008, HP:0000834, HP:0001324, HP:0000951, HP:0031854, HP:0001595, HP:0001574, HP:0011138, HP:0010784, HP:0010936, HP:0003011, HP:0000118, HP:0000119, HP:0011804, HP:0000079, HP:0000009, HP:0011121, HP:0009887, HP:0000819, HP:0000980, HP:0000014, HP:0000846, HP:0001953, HP:0033127, HP:0030853, HP:0000818, HP:0000130, HP:0031853, HP:0031105, HP:0000012",14.29%,74.85318398475647
"HP:0003128, HP:6000152, HP:0000121, HP:0012532, HP:0001270","HP:0006152, HP:0008327, HP:0010405, HP:0011746, HP:0011997","HP:0001939, HP:0012337, HP:0011732, HP:0001941, HP:0000834, HP:0010935, HP:0025142, HP:0012210, HP:0000077, HP:0000118, HP:0000119, HP:0000849, HP:0000079, HP:6000152, HP:0001270, HP:0004360, HP:0000707, HP:0012531, HP:0012532, HP:0012638, HP:0000121, HP:0012759, HP:0000818, HP:0003128, HP:0012758",0.0%,79.72388768196106
"HP:6000155, HP:0000505, HP:0002072, HP:0002223, HP:0004472, HP:0000738, HP:0001829","HP:0002223, HP:0004472, HP:0007592, HP:0011169, HP:0012002, HP:0100314, HP:0100420, HP:0100576","HP:0012639, HP:0002072, HP:6000155, HP:0004472, HP:0011442, HP:0011362, HP:0002298, HP:0004493, HP:0011446, HP:0000478, HP:0005465, HP:0040064, HP:0001780, HP:0000504, HP:0001595, HP:0001574, HP:0011138, HP:0012757, HP:0004305, HP:0001760, HP:0000118, HP:0001829, HP:0012373, HP:0002223, HP:5200423, HP:0000707, HP:0000152, HP:0012638, HP:0000738, HP:0000234, HP:0000505, HP:0002814, HP:0000271",25.0%,71.205148935318
"HP:0007185, HP:0012668, HP:0000998, HP:0011139, HP:0001627, HP:0003712, HP:0002656","HP:0002230, HP:0002564, HP:0005294, HP:0008981, HP:0011139, HP:0012668, HP:0100089","HP:0000998, HP:0002652, HP:0011025, HP:0011362, HP:0030236, HP:0012718, HP:0011446, HP:0004372, HP:0003712, HP:0001595, HP:0001574, HP:0011138, HP:0001627, HP:0003011, HP:0000924, HP:0000118, HP:0030680, HP:0011805, HP:0002577, HP:0011139, HP:0001279, HP:0000707, HP:0012668, HP:0012638, HP:0007185, HP:0033127, HP:0002656, HP:0001626, HP:0011842, HP:0025031, HP:0011024",28.57%,66.72327852249146
"HP:0100840, HP:0000499, HP:0002863, HP:0002818, HP:0000360, HP:0005162","HP:0000360, HP:0000499, HP:0004005, HP:0005162, HP:0006934, HP:0011584, HP:0012148, HP:0100840","HP:0002818, HP:0032039, HP:0004377, HP:0011025, HP:0031704, HP:0000598, HP:0002973, HP:0040064, HP:0000360, HP:0000499, HP:0001574, HP:0030669, HP:0011138, HP:0000534, HP:0001626, HP:0000118, HP:0002817, HP:0040072, HP:0030872, HP:0000234, HP:0000152, HP:0000492, HP:0000271, HP:0001871, HP:0000315, HP:0001595, HP:0000364, HP:0100840, HP:0005162, HP:0002863",50.0%,72.4866840839386
"HP:0000511, HP:0005930, HP:0100133, HP:0010959, HP:0011757, HP:0000256","HP:0000037, HP:0000623, HP:0001355, HP:0009220, HP:0010885, HP:0010959, HP:0011756, HP:0100133","HP:0000240, HP:0000549, HP:0100133, HP:0040194, HP:0000929, HP:0002795, HP:0010959, HP:0000478, HP:0002088, HP:0009888, HP:0012252, HP:0000511, HP:0011138, HP:0032445, HP:0000118, HP:0011314, HP:0012373, HP:0012503, HP:0002086, HP:0000864, HP:0011753, HP:0033127, HP:0000496, HP:0000818, HP:0011842, HP:0000605, HP:0011844, HP:0011757, HP:0005930, HP:0000256, HP:0001574, HP:0000924, HP:0005948, HP:0011751, HP:0000152, HP:0001595, HP:0000234",25.0%,76.65535950660706
"HP:0001808, HP:0100255, HP:0002656, HP:0011096, HP:0003411, HP:0010442","HP:0001800, HP:0004018, HP:0006384, HP:0006881, HP:0009993, HP:0100221","HP:0012639, HP:0002813, HP:0002652, HP:0003366, HP:0003411, HP:0000944, HP:0100255, HP:0011297, HP:0001597, HP:0003130, HP:0001574, HP:0011138, HP:0010442, HP:0000924, HP:0000118, HP:0011096, HP:0000759, HP:0040069, HP:0000707, HP:0002823, HP:0033127, HP:0002656, HP:0011842, HP:0001808, HP:0011844",0.0%,61.022876024246216
"HP:0008527, HP:0031801, HP:0000408, HP:0001680, HP:0003287, HP:0001324, HP:3000049, HP:0012521","HP:0001730, HP:0011917, HP:0012049, HP:0012087, HP:0012305, HP:0012521, HP:3000013, HP:3000049","HP:0001679, HP:0001939, HP:0001098, HP:0000587, HP:0011017, HP:0031704, HP:0000598, HP:0000478, HP:0003287, HP:0001324, HP:0000365, HP:0001608, HP:0025015, HP:0033353, HP:0003011, HP:0011004, HP:0004329, HP:0000118, HP:0011804, HP:0008058, HP:0031801, HP:0012372, HP:0000408, HP:0002597, HP:0012521, HP:0012103, HP:0033127, HP:0001626, HP:0000364, HP:0001680, HP:3000049, HP:0000407, HP:0008527",25.0%,113.57904386520386
"HP:0012896, HP:0012049, HP:0007502, HP:0006824, HP:0001155, HP:0001852, HP:0000135","HP:0001833, HP:0002377, HP:0003959, HP:0005926, HP:0007502, HP:0011963, HP:0012049, HP:0012896","HP:0000135, HP:0000962, HP:0012049, HP:0000080, HP:0000078, HP:0001852, HP:0001155, HP:0030178, HP:0001311, HP:0006824, HP:0040064, HP:0001780, HP:0000951, HP:0011368, HP:0001608, HP:0001574, HP:0001760, HP:0012896, HP:0007502, HP:0000118, HP:0000119, HP:0001618, HP:0001072, HP:0002817, HP:0031910, HP:0000707, HP:0012638, HP:0430106, HP:0002814, HP:0011121",37.5%,58.59463667869568
"HP:0000800, HP:0000912, HP:0001622, HP:0007700, HP:0002170","HP:0000557, HP:0002170, HP:0005100, HP:0006631, HP:0012582","HP:0001197, HP:0000800, HP:0001622, HP:0002170, HP:0000478, HP:0001892, HP:0010935, HP:0011029, HP:0000782, HP:0000107, HP:0000077, HP:0012210, HP:0012372, HP:0000924, HP:0000912, HP:0000118, HP:0000119, HP:0000079, HP:0009121, HP:0004328, HP:0001871, HP:0033127, HP:0000765, HP:0011842, HP:0007700",20.0%,33.24584460258484
"HP:0001324, HP:0001788, HP:0000098, HP:0100661, HP:0002119, HP:0001087, HP:0001156, HP:0011004, HP:0040233","HP:0003100, HP:0005100, HP:0008007, HP:0008357, HP:0009440, HP:0100661, HP:0100952, HP:3000056","HP:0001507, HP:0001087, HP:0012639, HP:0002813, HP:0000501, HP:0003256, HP:0000478, HP:0031911, HP:0025015, HP:0012443, HP:0003011, HP:0011004, HP:0000118, HP:0011804, HP:0002118, HP:0012373, HP:0001928, HP:0000707, HP:0001871, HP:0012638, HP:0001788, HP:0033127, HP:0001787, HP:0001626, HP:0011842, HP:0008357, HP:0011844, HP:0002011, HP:0001197, HP:0100661, HP:0010990, HP:0000098, HP:0011297, HP:0001324, HP:0033353, HP:0000924, HP:0001156, HP:0000002, HP:0031910, HP:0040233, HP:0002597, HP:0011927, HP:0002119",25.0%,123.3502037525177
"HP:0002813, HP:0001156, HP:0003712, HP:0001159, HP:0003651, HP:0030760","HP:0001443, HP:0003153, HP:0003640, HP:0006108, HP:0009741, HP:0010397, HP:0100405","HP:0002813, HP:0000077, HP:0030236, HP:0011297, HP:0010935, HP:0001159, HP:0003712, HP:0025015, HP:0033353, HP:0003011, HP:0002621, HP:0000924, HP:0030760, HP:0000118, HP:0011805, HP:0011004, HP:0000119, HP:0000079, HP:0001156, HP:0012210, HP:0002634, HP:0002597, HP:0033127, HP:0011927, HP:0001626, HP:0011842, HP:0003651, HP:0011844",0.0%,65.4092230796814
"HP:0001083, HP:0001156, HP:0030084, HP:0008069, HP:0002668, HP:0001629, HP:0003074, HP:0002099","HP:0001083, HP:0008069, HP:0009373, HP:0010077, HP:0011015, HP:0011576, HP:0012653, HP:0100636","HP:0012639, HP:0002813, HP:0100007, HP:0011014, HP:0002795, HP:0000478, HP:0000951, HP:0012372, HP:0000118, HP:0001671, HP:0004328, HP:0010438, HP:0002086, HP:0000517, HP:0000707, HP:0011015, HP:0033127, HP:0001626, HP:0011842, HP:0002668, HP:0011844, HP:0008069, HP:0001939, HP:0012337, HP:0030084, HP:0003074, HP:0002099, HP:0011297, HP:0001083, HP:0001629, HP:0001574, HP:0001627, HP:0000924, HP:0030680, HP:0000759, HP:0001156, HP:0100634, HP:0011927",37.5%,55.26549029350281
