phenotype1,phenotype2,phenotype3,phenotype4
NULL,7,14,75
NULL,10,20,78
NULL,14,75,127
NULL,20,78,202
NULL,44,127,223
NULL,75,132,224
NULL,77,202,225
NULL,78,223,235
NULL,79,225,264
NULL,80,234,316
NULL,127,235,356
NULL,132,240,364
NULL,134,291,365
NULL,135,309,464
NULL,143,366,465
NULL,144,370,476
NULL,202,372,480
NULL,223,377,481
NULL,224,458,483
NULL,225,465,490
NULL,234,476,491
NULL,235,480,496
NULL,240,481,499
NULL,264,483,534
NULL,291,490,539
NULL,301,491,540
NULL,306,496,545
NULL,309,498,549
NULL,315,501,551
NULL,316,504,554
NULL,356,505,559
NULL,359,508,588
NULL,360,512,589
NULL,364,517,630
NULL,365,534,657
NULL,366,539,662
NULL,370,540,667
NULL,372,549,682
NULL,377,551,703
NULL,458,559,759
NULL,464,567,763
NULL,465,573,775
NULL,473,588,790
NULL,476,589,809
NULL,480,593,811
NULL,481,597,821
NULL,483,606,823
NULL,490,610,828
NULL,491,612,829
NULL,496,616,831
NULL,498,622,837
NULL,499,632,839
NULL,501,667,841
NULL,504,682,843
NULL,505,703,845
NULL,508,708,846
NULL,509,821,847
NULL,512,823,848
NULL,517,824,849
NULL,534,828,7
NULL,539,829,10
NULL,540,831,14
NULL,545,834,20
NULL,549,837,80
NULL,551,843,134
NULL,554,845,135
NULL,559,847,144
NULL,567,848,240
NULL,568,849,291
NULL,573,852,301
NULL,588,7,309
NULL,589,10,360
NULL,591,44,370
NULL,593,134,372
NULL,597,135,458
NULL,601,143,498
NULL,606,144,501
NULL,610,224,504
NULL,612,264,512
NULL,616,301,517
NULL,617,315,567
NULL,622,316,573
NULL,630,360,591
NULL,632,364,593
NULL,649,464,601
NULL,657,499,610
NULL,662,545,771
NULL,667,554,776
NULL,682,568,812
NULL,703,591,840
NULL,708,601,852
NULL,743,617,44
NULL,759,630,77
NULL,763,776,306
NULL,764,790,366
NULL,771,809,377
NULL,775,840,505
NULL,776,841,568
NULL,790,846,597
NULL,809,77,606
NULL,811,80,612
NULL,812,306,616
NULL,815,356,617
NULL,821,359,708
NULL,823,365,743
NULL,824,473,764
NULL,828,649,815
NULL,829,662,824
NULL,831,743,315
NULL,834,759,473
NULL,837,771,622
NULL,839,811,632
NULL,840,812,834
NULL,841,839,79
NULL,843,509,359
NULL,845,657,132
NULL,846,764,508
NULL,847,775,234
NULL,848,815,649
NULL,849,821,509
NULL,852,823,512
2,14,824,525
2,20,828,528
2,26,831,534
2,44,836,539
2,69,840,540
2,77,841,553
2,78,842,554
2,79,202,568
2,80,223,588
2,132,224,589
2,134,225,597
2,135,235,622
2,143,240,630
2,144,290,632
2,202,291,633
2,223,306,649
2,224,315,657
2,225,316,662
2,234,356,708
2,235,360,771
2,240,364,775
2,264,366,776
2,290,370,790
2,291,377,812
2,306,407,815
2,309,465,816
2,315,472,819
2,316,498,820
2,356,499,821
2,360,505,824
2,364,509,831
2,365,512,836
2,366,525,840
2,370,528,841
2,372,534,842
2,377,539,843
2,407,540,845
2,465,542,846
2,472,545,847
2,473,549,848
2,475,551,849
2,476,553,14
2,480,554,20
2,481,567,26
2,483,573,132
2,490,588,134
2,491,597,135
2,496,606,143
2,498,612,225
2,499,616,235
2,501,622,240
2,505,630,291
2,509,633,306
2,512,657,309
2,525,662,315
2,528,682,316
2,534,703,356
2,539,708,360
2,540,764,364
2,542,771,365
2,545,776,366
2,549,777,370
2,551,778,372
2,553,790,377
2,554,812,465
2,559,815,472
2,567,816,473
2,568,819,475
2,570,849,499
2,573,14,501
2,588,26,505
2,589,77,509
2,597,78,549
2,601,79,610
2,606,80,667
2,610,132,682
2,612,134,703
2,616,143,828
2,622,144,829
2,630,264,44
2,632,309,69
2,633,365,77
2,649,372,144
2,657,475,223
2,662,476,224
2,667,480,264
2,682,481,290
2,703,483,491
2,708,490,496
2,763,496,512
2,764,501,542
2,771,559,545
2,775,568,606
2,776,601,612
2,777,610,823
2,778,632,202
2,790,649,234
2,812,667,480
2,815,820,481
2,816,821,490
2,819,843,498
2,820,845,551
2,821,846,567
2,823,847,601
2,824,848,616
2,826,852,573
2,828,20,763
2,829,44,777
2,831,69,778
2,836,135,826
2,840,234,852
2,841,473,80
2,842,491,476
2,843,589,483
2,845,775,559
2,846,823,764
2,847,829,778
2,848,831,790
2,849,570,812
2,852,826,820
6,14,828,821
6,20,829,823
6,26,834,824
6,44,839,826
6,69,841,828
6,75,842,831
6,77,843,834
6,78,846,836
6,79,223,837
6,80,225,839
6,98,234,840
6,127,240,841
6,132,291,842
6,134,301,843
6,143,370,846
6,144,372,847
6,202,377,848
6,223,464,852
6,224,465,14
6,225,470,20
6,234,480,69
6,235,481,75
6,240,490,78
6,264,491,79
6,271,501,80
6,290,504,98
6,291,505,132
6,301,512,134
6,306,528,202
6,309,534,223
6,315,539,224
6,316,540,225
6,356,542,234
6,360,549,235
6,364,551,240
6,365,553,301
6,366,554,306
6,370,567,315
6,372,568,364
6,377,570,365
6,464,588,366
6,465,589,370
6,470,591,372
6,473,592,470
6,475,593,499
6,476,597,501
6,480,606,504
6,481,610,505
6,483,612,509
6,490,617,512
6,491,630,528
6,496,632,540
6,499,633,542
6,501,682,549
6,504,703,554
6,505,708,567
6,509,820,568
6,512,821,573
6,528,823,589
6,534,826,593
6,539,831,601
6,540,836,606
6,542,840,610
6,549,845,630
6,551,847,632
6,553,848,662
6,554,852,667
6,559,20,682
6,567,26,703
6,568,78,708
6,570,80,764
6,573,98,775
6,588,127,776
6,589,132,777
6,591,134,778
6,592,144,790
6,593,202,795
6,597,224,809
6,601,235,811
6,606,264,815
6,610,290,816
6,612,306,819
6,613,356,845
6,617,360,77
6,622,365,127
6,630,366,143
6,632,473,271
6,633,475,290
6,649,476,291
6,662,483,309
6,667,496,356
6,682,499,377
6,703,559,465
6,708,573,473
6,759,601,475
6,764,622,476
6,771,649,480
6,775,662,481
6,776,667,490
6,777,759,491
6,778,764,496
6,790,771,534
6,795,776,551
6,809,777,570
6,811,812,591
6,812,824,622
6,815,837,649
6,816,849,759
6,819,14,26
6,820,44,144
6,821,69,264
6,823,75,316
6,824,271,360
6,826,315,464
6,828,316,539
6,829,364,559
6,831,509,588
6,834,775,592
6,836,778,597
6,837,809,771
6,839,815,820
6,840,816,829
6,841,819,483
6,842,77,553
6,843,309,633
6,845,613,662
6,846,790,812
6,847,795,44
6,848,811,612
6,849,812,617
6,852,815,622
7,NULL,821,630
7,14,829,633
7,20,831,649
7,26,836,662
7,44,840,667
7,69,842,682
7,75,846,703
7,77,847,708
7,78,848,759
7,80,849,764
7,98,852,771
7,127,NULL,775
7,132,20,776
7,134,26,815
7,144,44,816
7,153,69,823
7,202,75,824
7,223,78,829
7,224,98,831
7,225,127,835
7,234,316,836
7,235,364,837
7,240,365,839
7,264,370,842
7,271,372,843
7,290,377,845
7,291,407,847
7,301,464,848
7,309,468,852
7,315,470,26
7,316,472,44
7,360,473,77
7,364,475,78
7,365,476,98
7,366,480,127
7,370,483,132
7,372,491,134
7,377,496,144
7,407,499,202
7,464,504,223
7,468,505,224
7,470,509,225
7,472,512,235
7,473,525,271
7,475,528,290
7,476,539,291
7,480,540,301
7,481,549,309
7,483,554,315
7,491,559,360
7,496,567,364
7,498,588,470
7,499,589,476
7,504,592,509
7,505,593,512
7,509,601,540
7,512,606,545
7,525,610,549
7,528,612,551
7,534,617,559
7,539,622,567
7,540,633,593
7,545,662,601
7,549,667,606
7,551,682,610
7,553,703,622
7,554,708,777
7,559,759,778
7,567,771,790
7,573,775,821
7,588,776,834
7,589,777,840
7,591,778,846
7,592,790,849
7,593,795,20
7,601,809,69
7,606,811,75
7,610,815,240
7,612,816,264
7,613,841,372
7,617,843,377
7,622,845,407
7,630,14,464
7,633,77,473
7,649,132,475
7,662,134,480
7,667,144,481
7,682,202,483
7,703,224,505
7,708,225,525
7,759,235,528
7,764,240,553
7,771,290,554
7,775,291,573
7,776,301,592
7,777,309,612
7,778,315,828
7,790,360,841
7,795,366,14
7,809,481,80
7,811,498,316
7,815,534,365
7,816,545,366
7,819,551,370
7,820,553,468
7,821,573,499
7,823,591,588
7,824,630,809
7,828,764,NULL
7,829,820,234
7,831,823,472
7,834,824,491
7,835,828,496
7,836,80,534
7,837,153,539
7,839,223,589
7,840,649,591
7,841,834,795
7,842,835,811
7,843,234,819
7,845,271,613
7,846,819,504
7,847,837,820
7,848,264,821
7,849,839,153
7,852,840,617
10,NULL,841,622
10,14,843,630
10,20,845,632
10,26,846,667
10,44,847,682
10,69,848,703
10,75,849,708
10,77,852,759
10,78,NULL,771
10,80,20,777
10,127,26,819
10,132,44,820
10,134,69,821
10,135,75,823
10,144,127,824
10,153,132,828
10,202,134,829
10,223,202,831
10,224,235,834
10,225,240,836
10,234,364,839
10,235,365,841
10,240,366,842
10,264,377,847
10,290,407,848
10,291,421,20
10,301,465,26
10,306,468,44
10,309,470,69
10,315,475,75
10,316,499,78
10,356,501,127
10,360,504,134
10,364,505,144
10,365,508,235
10,366,509,240
10,370,520,264
10,372,525,290
10,377,528,291
10,407,534,301
10,421,551,309
10,465,553,315
10,468,573,360
10,470,588,364
10,472,589,365
10,473,593,366
10,475,597,370
10,476,601,372
10,480,610,377
10,481,612,407
10,483,616,465
10,490,622,470
10,491,632,473
10,496,633,476
10,498,649,490
10,499,662,491
10,501,703,496
10,504,708,520
10,505,759,525
10,508,771,528
10,509,823,542
10,520,824,545
10,525,828,559
10,528,829,567
10,534,831,568
10,539,836,589
10,540,837,592
10,542,839,593
10,545,840,606
10,549,842,610
10,551,14,612
10,553,77,616
10,554,78,633
10,559,80,662
10,567,135,776
10,568,144,778
10,573,153,790
10,588,223,795
10,589,224,811
10,591,291,816
10,592,301,826
10,593,309,840
10,597,315,843
10,601,316,845
10,606,356,846
10,610,360,852
10,612,370,NULL
10,613,372,132
10,616,476,153
10,617,490,224
10,622,496,225
10,630,498,306
10,632,540,316
10,633,542,356
10,649,549,468
10,662,554,481
10,667,559,483
10,682,567,498
10,703,568,499
10,708,591,505
10,759,592,508
10,763,606,551
10,771,630,553
10,775,667,554
10,776,682,573
10,777,763,588
10,778,776,597
10,790,777,601
10,795,809,649
10,809,815,837
10,811,816,849
10,815,821,14
10,816,834,77
10,819,225,202
10,820,234,472
10,821,264,475
10,823,306,480
10,824,472,539
10,826,473,540
10,828,481,549
10,829,491,815
10,831,539,223
10,834,545,501
10,836,775,504
10,837,778,534
10,839,790,591
10,840,795,809
10,841,811,421
10,842,819,763
10,843,820,80
10,845,826,135
10,846,480,509
10,847,483,775
10,848,613,841
10,849,617,234
10,852,290,240
14,NULL,301,365
14,2,306,366
14,6,309,377
14,7,360,407
14,10,364,465
14,26,365,470
14,69,366,473
14,75,372,476
14,98,377,480
14,127,421,496
14,134,464,501
14,143,465,505
14,144,470,520
14,153,472,525
14,202,473,528
14,223,475,539
14,224,476,540
14,240,480,545
14,264,481,551
14,271,490,573
14,290,496,606
14,301,498,612
14,306,499,616
14,309,501,630
14,360,520,632
14,364,525,662
14,365,528,703
14,366,534,708
14,372,539,759
14,377,540,771
14,407,542,790
14,421,553,811
14,464,597,816
14,465,601,819
14,468,610,829
14,470,612,831
14,472,622,836
14,473,630,841
14,475,632,843
14,476,633,845
14,480,662,846
14,481,667,NULL
14,490,703,2
14,496,708,6
14,498,771,7
14,499,775,10
14,501,776,69
14,505,790,127
14,512,795,134
14,520,809,143
14,525,811,144
14,528,816,153
14,534,819,202
14,539,821,223
14,540,824,224
14,542,828,240
14,545,829,301
14,549,831,306
14,551,835,364
14,553,836,372
14,554,839,481
14,567,841,490
14,570,2,534
14,573,6,542
14,588,10,549
14,591,26,553
14,597,69,554
14,601,75,567
14,606,98,588
14,610,127,591
14,612,143,597
14,616,153,775
14,622,202,776
14,630,223,809
14,632,224,812
14,633,240,815
14,662,264,848
14,667,290,26
14,703,407,75
14,708,505,290
14,759,512,309
14,763,551,464
14,771,554,499
14,775,573,512
14,776,588,601
14,790,591,610
14,795,606,622
14,809,616,667
14,811,759,824
14,812,763,828
14,815,834,98
14,816,843,271
14,819,846,360
14,821,848,795
14,824,NULL,821
14,828,7,834
14,829,134,839
14,831,144,475
14,834,271,633
14,835,549,662
14,836,567,472
14,839,570,763
14,841,812,498
14,843,815,501
14,845,545,505
14,846,845,520
14,848,846,525
20,NULL,847,534
20,2,848,540
20,6,849,549
20,7,852,554
20,10,NULL,559
20,78,2,567
20,80,6,589
20,98,7,593
20,127,10,597
20,132,98,601
20,134,202,606
20,144,224,612
20,153,235,616
20,202,264,622
20,223,290,667
20,224,291,682
20,225,301,703
20,234,365,764
20,235,366,775
20,264,465,777
20,271,470,790
20,290,473,795
20,291,475,809
20,301,480,811
20,306,481,812
20,309,490,815
20,315,491,816
20,316,505,823
20,364,512,824
20,365,525,828
20,366,528,829
20,370,534,831
20,372,540,835
20,377,545,836
20,407,573,841
20,421,589,842
20,464,593,843
20,465,597,845
20,470,601,846
20,473,606,847
20,475,610,848
20,476,612,849
20,480,613,6
20,481,616,10
20,490,630,78
20,491,649,127
20,496,662,132
20,498,682,202
20,504,743,223
20,505,764,224
20,509,824,225
20,512,828,235
20,525,829,271
20,528,834,290
20,534,836,301
20,539,837,315
20,540,839,316
20,545,841,364
20,549,843,365
20,554,846,366
20,559,78,372
20,567,80,377
20,573,127,465
20,589,134,470
20,593,144,476
20,597,153,480
20,601,223,481
20,606,225,490
20,610,306,491
20,612,309,496
20,613,364,525
20,616,370,539
20,617,372,610
20,622,377,632
20,630,407,662
20,632,464,743
20,649,498,771
20,657,504,778
20,662,539,819
20,667,549,820
20,682,554,834
20,703,567,839
20,708,622,840
20,743,632,852
20,759,667,7
20,763,708,80
20,764,776,98
20,771,778,134
20,775,823,144
20,776,831,153
20,777,840,234
20,778,842,264
20,790,845,306
20,795,132,309
20,809,234,370
20,811,315,421
20,812,316,498
20,815,421,630
20,816,559,763
20,819,657,2
20,820,703,291
20,823,759,464
20,824,771,473
20,828,777,475
20,829,790,504
20,831,795,505
20,834,809,512
20,835,811,528
20,836,812,545
20,837,815,708
20,839,819,759
20,840,820,776
20,841,271,837
20,842,476,509
20,843,496,NULL
20,845,509,407
20,846,775,465
20,847,816,617
20,848,617,682
20,849,835,573
20,852,836,649
26,2,841,662
26,6,842,667
26,7,843,703
26,10,845,708
26,14,846,759
26,69,847,820
26,75,848,823
26,77,849,836
26,127,852,839
26,132,2,841
26,134,6,842
26,144,7,845
26,202,10,846
26,224,14,848
26,225,69,849
26,235,75,6
26,240,77,7
26,264,127,10
26,290,144,14
26,291,202,75
26,301,224,77
26,306,225,127
26,309,235,132
26,315,240,144
26,316,264,224
26,356,290,225
26,359,291,496
26,364,306,499
26,365,309,501
26,366,315,504
26,370,364,505
26,372,365,508
26,377,465,512
26,407,481,520
26,421,491,525
26,464,501,528
26,465,504,534
26,470,505,540
26,473,508,542
26,475,512,545
26,476,520,549
26,481,525,551
26,483,534,554
26,490,539,559
26,491,540,567
26,496,545,606
26,498,549,649
26,499,551,743
26,501,553,812
26,504,554,815
26,505,559,819
26,508,567,852
26,512,573,2
26,520,593,69
26,525,606,134
26,528,610,240
26,534,612,264
26,539,616,301
26,540,622,306
26,542,649,309
26,545,667,315
26,549,703,316
26,551,708,356
26,553,759,364
26,554,815,365
26,559,819,366
26,567,823,370
26,570,836,377
26,573,132,473
26,588,134,476
26,591,316,588
26,592,356,601
26,593,359,612
26,597,366,824
26,601,370,831
26,606,372,202
26,610,377,290
26,612,407,372
26,616,470,465
26,622,473,470
26,649,475,573
26,662,490,592
26,667,499,593
26,703,528,597
26,708,542,622
26,743,570,475
26,759,588,481
26,812,591,553
26,815,662,610
26,819,743,834
26,820,812,843
26,823,820,847
26,824,834,235
26,831,301,464
26,834,421,291
26,836,476,490
26,839,483,498
26,841,496,539
26,842,498,616
26,843,592,491
26,845,597,483
26,846,601,591
26,847,824,407
26,848,464,483
26,849,831,490
26,852,839,491
44,NULL,840,496
44,2,842,498
44,6,843,499
44,7,845,505
44,10,847,509
44,75,852,512
44,77,NULL,539
44,127,6,540
44,132,7,549
44,134,10,551
44,144,75,553
44,153,127,554
44,223,132,567
44,225,134,588
44,234,370,593
44,235,377,601
44,240,421,606
44,264,468,612
44,291,472,630
44,301,473,632
44,306,475,633
44,309,476,649
44,315,481,657
44,316,501,667
44,364,504,682
44,365,505,708
44,366,508,743
44,370,512,771
44,372,520,775
44,377,549,776
44,421,567,777
44,464,592,790
44,465,593,795
44,468,612,811
44,472,630,812
44,473,632,815
44,475,633,820
44,476,649,821
44,481,657,824
44,483,662,828
44,490,667,829
44,496,682,839
44,498,708,840
44,499,743,841
44,501,759,842
44,504,771,847
44,505,775,848
44,508,776,849
44,509,831,NULL
44,512,836,6
44,520,839,10
44,528,841,75
44,539,849,77
44,540,2,132
44,542,144,153
44,549,153,235
44,551,225,240
44,553,235,264
44,554,240,291
44,559,291,364
44,567,301,372
44,570,306,475
44,588,309,481
44,591,315,508
44,592,316,542
44,593,364,610
44,601,365,616
44,606,366,662
44,610,372,703
44,612,464,759
44,616,465,778
44,617,499,816
44,622,509,823
44,630,528,836
44,632,542,843
44,633,551,845
44,649,554,852
44,657,570,2
44,662,588,7
44,667,591,127
44,682,601,144
44,703,606,225
44,708,703,301
44,743,777,306
44,759,778,315
44,763,790,465
44,771,795,472
44,775,821,476
44,776,823,501
44,777,824,504
44,778,828,520
44,790,829,528
44,795,848,559
44,809,223,591
44,811,264,763
44,812,490,831
44,815,539,134
44,816,540,223
44,820,610,309
44,821,616,316
44,823,622,365
44,824,809,366
44,826,820,370
44,828,483,377
44,829,496,490
44,831,553,592
44,836,559,622
44,839,763,809
44,840,811,464
44,841,816,234
44,842,826,421
44,843,77,468
44,845,498,473
44,847,617,490
44,848,812,496
44,849,234,504
44,852,240,505
69,2,264,525
69,6,290,528
69,7,301,534
69,10,306,539
69,14,309,540
69,26,315,542
69,98,316,545
69,127,356,549
69,132,364,551
69,134,365,553
69,135,464,588
69,144,465,593
69,153,470,597
69,202,472,601
69,223,473,606
69,224,475,610
69,225,476,612
69,234,481,616
69,235,490,622
69,240,491,630
69,264,499,632
69,290,501,633
69,301,504,667
69,306,505,682
69,309,508,708
69,315,512,743
69,316,520,771
69,356,525,775
69,364,528,776
69,365,539,795
69,366,540,809
69,370,542,820
69,372,551,821
69,377,553,824
69,407,588,834
69,421,592,839
69,464,601,841
69,465,606,842
69,470,616,843
69,472,632,845
69,473,633,846
69,475,649,852
69,476,657,134
69,480,667,144
69,481,682,223
69,483,703,224
69,490,708,225
69,491,743,301
69,496,759,306
69,498,776,309
69,499,777,316
69,501,778,356
69,504,790,365
69,505,795,366
69,508,809,370
69,509,834,372
69,512,839,377
69,520,841,407
69,525,842,421
69,528,843,464
69,534,846,465
69,539,847,470
69,540,848,473
69,542,849,481
69,545,852,483
69,549,2,490
69,551,6,491
69,553,7,496
69,554,10,499
69,559,26,504
69,588,98,508
69,591,127,512
69,592,132,649
69,593,153,657
69,597,202,703
69,601,224,790
69,606,240,811
69,610,366,812
69,612,372,815
69,616,377,829
69,622,407,836
69,630,421,840
69,632,480,847
69,633,496,848
69,649,509,849
69,657,534,153
69,662,549,202
69,667,593,235
69,682,597,264
69,703,610,290
69,708,612,315
69,743,622,472
69,759,771,480
69,763,811,520
69,771,812,559
69,775,824,662
69,776,828,759
69,777,829,831
69,778,831,2
69,790,836,7
69,795,840,10
69,809,14,127
69,811,134,364
69,812,135,554
69,815,144,823
69,820,225,828
69,821,234,6
69,823,235,26
69,824,370,98
69,828,498,240
69,829,545,475
69,831,554,476
69,834,559,498
69,836,591,777
69,839,662,778
69,840,775,132
69,841,820,501
69,842,821,505
69,843,823,509
69,845,223,592
69,846,483,593
69,847,630,763
69,848,845,14
69,849,846,591
69,852,847,234
75,NULL,848,235
75,6,852,240
75,7,NULL,264
75,10,14,290
75,14,26,301
75,26,127,306
75,44,132,315
75,80,143,370
75,127,144,372
75,132,153,377
75,134,223,464
75,135,240,465
75,143,372,468
75,144,377,490
75,153,464,504
75,202,465,509
75,223,468,525
75,224,470,534
75,225,472,540
75,235,475,549
75,240,476,551
75,264,480,553
75,290,481,554
75,291,496,567
75,301,499,573
75,306,504,592
75,309,505,593
75,315,508,597
75,316,509,601
75,356,512,606
75,360,525,610
75,364,534,612
75,365,540,616
75,370,549,632
75,372,553,657
75,377,554,662
75,407,589,703
75,458,597,795
75,464,612,809
75,465,613,847
75,468,632,10
75,470,633,14
75,472,649,44
75,475,657,80
75,476,662,143
75,480,703,202
75,481,708,224
75,490,743,309
75,496,763,458
75,498,777,512
75,499,778,520
75,504,795,528
75,505,809,589
75,508,811,591
75,509,839,622
75,512,841,633
75,520,842,649
75,525,846,708
75,528,847,743
75,534,6,759
75,540,7,764
75,549,10,771
75,551,44,775
75,553,80,811
75,554,134,812
75,567,202,815
75,573,224,816
75,589,225,819
75,591,235,821
75,592,290,834
75,593,291,841
75,597,301,842
75,601,306,846
75,606,309,849
75,610,315,NULL
75,612,316,6
75,613,520,134
75,616,567,225
75,617,591,291
75,622,593,360
75,632,601,364
75,633,606,365
75,649,610,472
75,657,616,476
75,662,622,496
75,667,759,499
75,703,764,776
75,708,771,778
75,743,812,823
75,759,815,828
75,763,816,127
75,764,821,132
75,771,823,223
75,775,831,316
75,776,834,356
75,777,836,470
75,778,840,481
75,795,264,667
75,809,356,777
75,811,360,831
75,812,364,836
75,815,365,840
75,816,370,852
75,819,407,7
75,821,490,144
75,823,498,153
75,824,528,407
75,826,573,475
75,828,667,505
75,829,776,848
75,831,829,480
75,834,135,509
75,836,551,829
75,839,592,26
75,840,617,80
75,841,775,617
75,842,824,839
75,846,826,841
75,847,828,498
75,848,829,824
75,849,836,826
75,852,458,831
77,NULL,464,840
77,2,472,841
77,6,473,842
77,7,475,843
77,10,476,846
77,26,481,848
77,44,496,852
77,202,499,NULL
77,224,504,6
77,225,505,7
77,235,508,10
77,240,509,44
77,264,512,202
77,290,520,224
77,291,525,225
77,301,528,235
77,306,534,240
77,309,539,315
77,315,551,364
77,360,553,464
77,364,554,470
77,365,559,472
77,370,588,473
77,377,589,499
77,464,630,501
77,468,649,505
77,470,657,508
77,472,667,512
77,473,682,520
77,475,703,525
77,476,743,528
77,480,759,539
77,481,771,540
77,491,775,551
77,496,776,554
77,499,795,559
77,501,809,567
77,504,811,592
77,505,812,601
77,508,815,606
77,509,840,649
77,512,842,657
77,520,843,662
77,525,847,667
77,528,848,682
77,534,852,703
77,539,NULL,708
77,540,6,771
77,551,7,776
77,553,10,778
77,554,26,820
77,559,44,821
77,567,224,823
77,588,225,835
77,589,235,836
77,592,291,847
77,597,309,2
77,601,315,26
77,606,360,290
77,610,364,306
77,612,365,309
77,616,480,360
77,617,491,365
77,622,501,370
77,630,597,377
77,632,606,475
77,633,610,476
77,649,612,481
77,657,622,534
77,662,632,553
77,667,777,588
77,682,778,589
77,703,816,610
77,708,819,612
77,743,820,616
77,759,823,622
77,771,834,633
77,775,836,849
77,776,839,301
77,777,841,480
77,778,846,491
77,795,202,496
77,809,240,504
77,811,290,759
77,812,370,777
77,815,377,795
77,816,468,811
77,819,470,839
77,820,540,264
77,821,567,291
77,823,592,632
77,834,601,743
77,835,616,809
77,836,662,812
77,839,708,815
77,840,821,816
77,841,849,509
77,842,2,597
77,843,301,630
77,846,306,775
77,847,633,819
77,848,649,834
77,849,264,842
77,852,617,843
78,NULL,622,846
78,2,630,848
78,6,632,849
78,7,633,852
78,10,662,NULL
78,20,667,2
78,98,682,6
78,127,703,7
78,202,708,10
78,223,743,20
78,224,771,98
78,235,775,127
78,240,776,202
78,264,795,223
78,291,809,224
78,301,816,240
78,306,819,356
78,309,820,365
78,316,821,499
78,356,823,505
78,364,824,509
78,365,828,512
78,370,829,520
78,372,834,525
78,377,836,528
78,458,839,534
78,464,842,539
78,465,846,540
78,468,852,549
78,470,6,551
78,472,7,553
78,473,10,554
78,475,20,559
78,476,98,567
78,480,127,568
78,481,202,597
78,490,223,601
78,491,224,606
78,499,235,617
78,501,240,622
78,505,291,630
78,508,301,632
78,509,306,633
78,512,309,662
78,517,356,743
78,520,364,759
78,525,365,771
78,528,370,776
78,534,372,790
78,539,377,809
78,540,464,816
78,549,465,819
78,551,470,820
78,553,472,823
78,554,473,824
78,559,475,828
78,567,476,836
78,568,480,235
78,589,499,264
78,591,505,291
78,597,508,301
78,601,509,306
78,606,512,316
78,610,520,364
78,612,528,370
78,613,540,464
78,616,553,470
78,617,559,490
78,622,567,501
78,630,591,508
78,632,597,610
78,633,601,775
78,657,610,821
78,662,613,372
78,667,616,377
78,682,617,458
78,703,790,472
78,708,835,475
78,743,849,476
78,759,NULL,491
78,771,2,589
78,775,264,612
78,776,316,616
78,790,481,667
78,795,490,682
78,809,491,703
78,816,501,829
78,819,525,835
78,820,534,839
78,821,539,842
78,823,549,465
78,824,554,657
78,828,568,708
78,829,606,309
78,834,657,480
78,835,759,795
78,836,848,481
78,839,458,473
78,842,551,481
78,846,589,468
78,848,612,591
78,849,517,622
78,852,468,834
79,NULL,473,837
79,2,475,225
79,6,476,235
79,202,480,366
79,223,491,370
79,225,496,372
79,235,501,407
79,264,520,465
79,366,568,473
79,370,589,508
79,372,597,509
79,407,610,528
79,464,632,568
79,465,657,588
79,472,703,589
79,473,708,601
79,475,759,606
79,476,764,612
79,480,812,616
79,491,819,630
79,496,831,662
79,501,834,667
79,505,837,703
79,508,NULL,759
79,509,2,831
79,512,6,834
79,520,202,839
79,525,223,840
79,528,225,841
79,539,235,842
79,553,264,2
79,568,366,6
79,588,370,223
79,589,372,464
79,597,464,520
79,601,465,539
79,606,505,553
79,610,508,622
79,612,509,475
79,616,512,476
79,622,525,480
79,630,539,491
79,632,553,496
79,657,588,505
79,662,601,610
79,667,606,764
79,703,612,812
79,708,630,819
79,759,839,NULL
79,763,841,472
79,764,842,501
79,812,472,512
79,819,528,657
79,831,616,202
79,834,662,525
79,837,622,597
79,839,667,622
79,840,407,630
79,841,763,708
79,842,764,264
80,NULL,776,291
80,2,777,309
80,6,790,316
80,7,795,364
80,10,809,470
80,20,811,473
80,75,812,475
80,98,816,481
80,143,828,483
80,153,834,490
80,202,835,491
80,223,836,496
80,225,837,498
80,234,839,520
80,235,841,525
80,240,842,528
80,271,843,539
80,291,845,540
80,301,846,549
80,306,847,551
80,309,848,553
80,316,849,559
80,356,852,567
80,360,NULL,588
80,364,2,601
80,366,6,606
80,370,7,610
80,372,10,612
80,377,20,616
80,407,75,617
80,421,98,622
80,458,202,633
80,464,223,662
80,465,225,667
80,468,235,703
80,470,240,708
80,472,271,776
80,473,291,795
80,475,306,809
80,476,309,811
80,480,356,812
80,481,360,816
80,483,366,820
80,490,370,821
80,491,372,824
80,496,377,828
80,498,465,834
80,499,470,836
80,501,472,837
80,505,473,839
80,508,475,848
80,509,476,849
80,512,481,852
80,520,490,75
80,525,491,98
80,528,499,143
80,534,508,240
80,539,512,271
80,540,528,301
80,549,540,356
80,551,588,360
80,553,589,407
80,554,597,476
80,559,601,499
80,567,606,501
80,570,633,505
80,588,657,512
80,589,662,554
80,591,667,597
80,592,682,763
80,597,703,777
80,601,708,823
80,606,759,835
80,610,820,840
80,612,821,841
80,616,823,842
80,617,840,NULL
80,622,143,2
80,630,301,6
80,633,316,7
80,657,364,20
80,662,407,306
80,667,458,372
80,682,464,534
80,703,468,589
80,708,480,630
80,743,496,790
80,759,501,843
80,763,520,847
80,764,525,202
80,776,549,225
80,777,554,366
80,790,559,377
80,795,567,458
80,809,570,657
80,811,591,682
80,812,592,743
80,816,610,845
80,820,612,846
80,821,622,10
80,823,630,223
80,824,743,370
80,828,763,464
80,834,153,465
80,835,234,764
80,836,483,790
80,837,498,235
80,839,505,468
80,840,509,480
80,841,534,759
80,842,539,153
80,843,551,234
80,845,553,472
80,846,616,592
80,847,764,591
80,848,824,597
80,849,828,508
80,852,834,520
98,6,836,534
98,7,837,539
98,14,839,542
98,20,840,545
98,69,843,549
98,78,849,553
98,80,852,559
98,132,6,567
98,134,7,573
98,144,14,588
98,153,20,593
98,202,69,597
98,224,78,601
98,225,80,606
98,234,372,613
98,235,421,633
98,240,464,662
98,264,470,667
98,271,472,708
98,290,475,759
98,291,476,775
98,306,480,776
98,309,481,777
98,315,483,778
98,316,508,790
98,356,509,820
98,364,520,821
98,365,542,823
98,366,545,824
98,370,553,826
98,372,554,829
98,377,559,831
98,421,568,834
98,464,613,845
98,465,622,848
98,468,630,852
98,470,632,6
98,472,682,7
98,473,703,14
98,475,708,20
98,476,771,69
98,480,775,78
98,481,776,80
98,483,778,144
98,490,790,153
98,491,795,202
98,496,812,225
98,498,816,235
98,499,819,240
98,501,820,290
98,504,821,291
98,508,823,306
98,509,841,316
98,512,846,356
98,520,847,364
98,525,848,365
98,528,132,370
98,534,144,377
98,539,153,464
98,540,224,465
98,542,225,470
98,545,235,472
98,549,240,475
98,553,306,481
98,554,309,483
98,559,316,508
98,567,356,509
98,568,364,512
98,570,365,568
98,573,366,610
98,588,377,612
98,591,512,617
98,592,540,632
98,593,549,764
98,597,573,795
98,601,588,816
98,606,593,819
98,610,597,836
98,612,601,849
98,613,662,224
98,617,667,366
98,622,759,372
98,630,763,490
98,632,764,491
98,633,777,496
98,662,815,520
98,667,824,540
98,682,829,554
98,703,831,622
98,708,834,703
98,759,842,771
98,763,264,570
98,764,271,842
98,771,315,846
98,775,465,847
98,776,468,132
98,777,490,134
98,778,491,309
98,790,496,315
98,795,498,501
98,812,499,525
98,815,501,682
98,816,504,837
98,819,534,840
98,820,539,841
98,821,591,843
98,823,606,264
98,824,633,271
98,826,845,473
98,829,202,480
98,831,234,815
98,834,290,468
98,836,370,499
98,837,473,504
98,839,525,234
98,840,528,476
98,841,567,528
98,842,570,534
98,843,610,591
98,845,612,630
98,846,291,632
98,847,592,662
98,848,134,708
98,849,826,839
98,852,829,592
127,NULL,831,606
127,6,837,610
127,7,839,633
127,10,840,662
127,14,841,667
127,20,842,703
127,26,843,708
127,44,845,743
127,69,846,771
127,75,847,775
127,78,852,776
127,144,NULL,790
127,153,7,795
127,202,14,809
127,223,20,811
127,224,26,812
127,225,44,815
127,235,69,820
127,240,75,821
127,264,78,823
127,290,153,824
127,301,202,826
127,306,223,829
127,309,225,831
127,315,235,835
127,316,240,837
127,356,264,847
127,359,290,144
127,360,309,202
127,364,315,223
127,365,356,225
127,366,360,235
127,370,365,240
127,372,464,301
127,377,468,306
127,421,470,315
127,464,483,370
127,465,490,377
127,468,501,473
127,470,504,475
127,472,505,480
127,473,509,481
127,475,520,504
127,480,525,505
127,481,528,512
127,483,540,549
127,490,549,573
127,491,551,588
127,496,553,622
127,498,559,630
127,499,567,632
127,501,568,682
127,504,573,759
127,505,588,764
127,509,589,839
127,512,591,842
127,520,597,843
127,525,617,845
127,528,622,849
127,540,632,NULL
127,542,633,6
127,549,649,7
127,551,662,10
127,553,667,14
127,554,682,20
127,559,703,26
127,567,708,44
127,568,759,78
127,570,763,264
127,573,776,290
127,588,777,356
127,589,778,364
127,591,790,372
127,592,809,464
127,593,811,465
127,597,816,470
127,601,819,472
127,606,820,483
127,610,821,496
127,612,823,498
127,617,848,499
127,622,849,520
127,630,6,528
127,632,10,540
127,633,144,542
127,649,224,554
127,657,306,567
127,662,316,589
127,667,359,592
127,682,364,597
127,703,366,601
127,708,370,828
127,743,372,841
127,759,377,846
127,763,465,69
127,764,473,224
127,771,475,309
127,775,480,490
127,776,481,525
127,777,491,568
127,778,496,763
127,790,498,777
127,795,499,836
127,809,512,848
127,811,554,75
127,812,570,366
127,815,606,421
127,816,612,468
127,819,630,491
127,820,743,501
127,821,764,553
127,823,771,559
127,824,775,593
127,826,795,612
127,828,812,657
127,829,815,778
127,831,472,816
127,835,542,819
127,836,601,316
127,837,610,360
127,839,657,365
127,840,824,649
127,841,826,852
127,842,828,570
127,843,593,617
127,845,829,551
127,846,836,553
127,847,301,153
127,848,592,202
127,849,593,840
127,852,835,842
132,NULL,837,847
132,2,840,849
132,6,841,852
132,7,842,20
132,10,848,26
132,20,849,98
132,26,852,144
132,44,NULL,225
132,69,2,235
132,75,6,240
132,98,20,291
132,144,26,306
132,153,44,309
132,202,98,315
132,223,225,316
132,224,301,370
132,225,306,377
132,235,309,465
132,240,315,470
132,291,364,472
132,301,365,480
132,306,370,483
132,309,377,491
132,315,464,512
132,316,512,520
132,356,520,553
132,364,540,559
132,365,549,588
132,370,551,589
132,372,559,591
132,377,567,601
132,464,568,632
132,465,588,649
132,468,589,662
132,470,592,667
132,472,593,682
132,473,601,703
132,475,606,708
132,476,610,743
132,480,616,764
132,481,622,771
132,483,630,778
132,490,632,790
132,491,633,809
132,496,667,811
132,499,682,816
132,501,708,819
132,504,759,820
132,505,771,821
132,508,775,823
132,509,845,824
132,512,847,828
132,520,10,829
132,525,69,839
132,528,75,840
132,540,144,841
132,542,153,10
132,549,202,69
132,551,224,75
132,553,240,153
132,559,356,301
132,567,372,364
132,568,470,365
132,570,475,509
132,573,476,525
132,588,481,540
132,589,483,542
132,591,508,549
132,592,509,551
132,593,528,568
132,601,542,573
132,606,553,630
132,610,573,776
132,612,591,795
132,613,7,848
132,616,235,NULL
132,617,291,6
132,622,465,44
132,630,468,223
132,632,472,224
132,633,473,481
132,649,480,499
132,657,490,504
132,662,491,505
132,667,501,567
132,682,504,593
132,703,505,606
132,708,525,759
132,743,612,777
132,759,649,836
132,764,662,845
132,771,703,372
132,775,316,501
132,776,496,508
132,777,499,528
132,778,570,633
132,790,657,815
132,795,777,842
132,809,795,7
132,811,815,202
132,815,823,356
132,816,824,464
132,819,836,473
132,820,839,475
132,821,223,490
132,823,743,592
132,824,764,622
132,828,776,837
132,829,778,2
132,836,790,476
132,837,811,570
132,839,820,588
132,840,828,610
132,841,829,612
132,842,617,775
132,845,816,616
132,847,819,657
132,848,821,662
132,849,809,667
132,852,811,468
134,NULL,812,473
134,2,815,475
134,6,816,480
134,7,819,481
134,10,820,490
134,14,821,498
134,20,834,504
134,26,839,505
134,44,841,512
134,69,845,525
134,75,NULL,540
134,98,6,549
134,202,7,551
134,223,10,553
134,224,20,554
134,225,26,567
134,235,44,588
134,291,75,589
134,301,225,606
134,306,235,630
134,309,315,632
134,315,316,633
134,316,525,649
134,356,528,662
134,360,539,667
134,364,542,703
134,365,545,743
134,366,551,759
134,370,554,764
134,372,567,771
134,377,568,775
134,458,588,809
134,464,589,811
134,465,610,812
134,470,622,815
134,472,708,820
134,473,743,826
134,475,771,828
134,476,775,834
134,480,776,840
134,481,777,841
134,483,790,842
134,490,795,843
134,491,809,847
134,496,811,848
134,498,826,2
134,501,828,6
134,504,829,7
134,505,835,14
134,508,848,44
134,512,849,69
134,520,852,98
134,525,2,202
134,528,14,223
134,539,69,224
134,540,98,225
134,542,224,235
134,545,291,370
134,549,301,377
134,551,306,464
134,553,309,470
134,554,356,491
134,567,364,496
134,568,365,501
134,573,370,508
134,588,372,539
134,589,377,545
134,591,470,601
134,593,472,622
134,597,473,778
134,601,475,795
134,606,476,821
134,610,480,829
134,612,481,836
134,613,491,10
134,616,496,20
134,617,505,75
134,622,508,306
134,630,512,315
134,632,520,356
134,633,540,364
134,649,573,366
134,657,591,528
134,662,593,542
134,667,597,573
134,703,601,708
134,708,606,776
134,743,616,816
134,759,836,819
134,764,840,301
134,771,842,316
134,775,843,372
134,776,202,465
134,777,223,520
134,778,366,568
134,790,464,593
134,795,465,597
134,809,490,610
134,811,501,616
134,812,504,657
134,815,553,790
134,816,617,849
134,819,632,309
134,820,633,360
134,821,649,476
134,826,657,835
134,828,662,839
134,829,667,845
134,834,703,852
134,835,764,365
134,836,847,483
134,837,360,NULL
134,839,498,7
134,840,549,291
134,841,612,472
134,842,630,591
134,843,759,777
134,845,778,812
134,847,613,7
134,848,483,26
134,849,837,98
134,852,841,458
135,NULL,843,465
135,2,845,491
135,10,69,520
135,69,153,542
135,75,202,549
135,153,240,568
135,202,309,606
135,235,315,630
135,240,465,708
135,309,491,778
135,315,520,812
135,458,525,819
135,464,542,821
135,465,545,834
135,491,549,836
135,509,553,840
135,512,554,841
135,520,589,845
135,525,622,2
135,542,630,69
135,545,708,202
135,549,776,240
135,553,778,309
135,554,790,315
135,567,812,458
135,568,816,464
135,588,819,545
135,589,821,553
135,597,823,588
135,606,826,612
135,612,836,776
135,622,837,816
135,630,840,823
135,708,841,837
135,776,842,10
135,778,2,512
135,790,10,525
135,812,75,842
135,816,235,843
135,819,458,75
135,821,464,235
135,823,509,554
135,826,512,567
135,834,568,790
135,836,597,819
135,837,834,826
135,840,NULL,509
135,841,588,597
135,842,606,589
135,843,567,622
135,845,568,NULL
143,NULL,573,14
143,2,588,80
143,6,591,370
143,14,597,372
143,75,601,464
143,80,606,465
143,224,610,468
143,225,612,470
143,240,617,491
143,366,630,496
143,370,632,499
143,372,633,504
143,464,649,509
143,465,662,512
143,468,703,534
143,470,708,539
143,472,795,567
143,475,809,573
143,476,811,601
143,480,819,606
143,483,828,612
143,490,831,616
143,491,834,649
143,496,840,682
143,498,NULL,809
143,499,2,819
143,504,6,828
143,505,14,831
143,508,75,NULL
143,509,80,2
143,512,224,366
143,520,225,472
143,525,240,476
143,528,366,480
143,534,370,597
143,539,372,617
143,553,464,630
143,567,465,632
143,573,468,662
143,588,470,708
143,591,525,811
143,597,528,834
143,601,534,6
143,606,539,240
143,610,622,475
143,612,682,483
143,613,472,508
143,616,483,525
143,617,508,528
143,622,512,553
143,630,553,588
143,632,567,703
143,633,846,75
143,649,490,225
143,657,491,520
143,662,496,613
143,682,498,622
143,703,499,795
143,708,504,846
143,759,505,610
143,795,616,840
143,809,657,224
143,811,837,490
143,819,475,505
143,828,476,633
143,831,480,657
143,834,509,840
143,837,520,498
143,840,759,504
143,846,795,759
144,NULL,809,776
144,2,812,778
144,6,815,790
144,7,816,809
144,10,819,811
144,14,831,812
144,20,835,816
144,26,841,819
144,44,848,820
144,69,849,821
144,75,7,824
144,98,14,829
144,127,20,831
144,132,26,836
144,153,75,839
144,202,127,840
144,224,132,845
144,225,202,847
144,235,224,848
144,240,225,849
144,290,235,2
144,301,240,6
144,306,290,10
144,309,316,20
144,315,359,127
144,316,534,290
144,356,540,306
144,359,545,315
144,364,549,356
144,366,559,364
144,370,568,464
144,372,573,476
144,377,588,483
144,464,633,534
144,465,649,542
144,470,662,545
144,472,743,549
144,475,775,568
144,476,776,573
144,480,790,593
144,481,795,601
144,483,820,606
144,490,821,612
144,496,824,632
144,499,826,633
144,501,829,703
144,504,836,708
144,505,839,743
144,520,845,771
144,525,852,815
144,534,NULL,823
144,540,10,826
144,542,44,828
144,545,69,841
144,549,98,846
144,551,153,852
144,553,301,7
144,554,306,14
144,559,309,44
144,567,315,75
144,568,370,132
144,573,372,224
144,588,464,240
144,589,465,301
144,592,470,366
144,593,475,370
144,597,476,372
144,601,481,377
144,606,483,465
144,612,490,470
144,617,520,505
144,622,542,554
144,632,551,592
144,633,554,622
144,649,567,759
144,657,589,835
144,662,592,837
144,667,612,NULL
144,682,622,69
144,703,632,98
144,708,759,153
144,743,778,202
144,759,811,225
144,764,823,309
144,771,828,475
144,775,846,480
144,776,2,481
144,778,6,490
144,790,356,496
144,795,364,499
144,809,366,501
144,811,377,504
144,812,480,520
144,815,504,525
144,816,505,551
144,819,553,559
144,820,593,588
144,821,597,657
144,823,601,662
144,824,606,667
144,826,764,316
144,828,771,472
144,829,840,567
144,831,847,589
144,835,496,682
144,836,499,775
144,837,501,553
144,839,682,597
144,840,703,764
144,841,708,26
144,845,472,235
144,846,525,359
144,847,657,364
144,848,662,540
144,849,667,542
144,852,837,545
153,7,840,549
153,10,841,554
153,14,7,588
153,20,10,593
153,44,75,606
153,69,98,632
153,75,127,633
153,80,235,708
153,98,240,759
153,127,290,776
153,132,301,777
153,135,315,790
153,144,316,795
153,235,356,809
153,240,370,816
153,290,464,826
153,291,465,828
153,301,468,829
153,306,470,831
153,309,472,840
153,315,476,841
153,316,528,842
153,356,534,846
153,364,539,847
153,365,551,852
153,366,573,7
153,370,591,10
153,377,593,20
153,421,606,44
153,464,708,69
153,465,743,75
153,468,776,127
153,470,777,132
153,472,790,144
153,473,795,235
153,476,809,240
153,480,815,290
153,481,816,291
153,483,823,301
153,490,824,306
153,491,826,315
153,496,828,356
153,498,834,465
153,501,835,476
153,504,837,481
153,505,842,483
153,509,846,490
153,512,852,496
153,525,14,498
153,528,20,504
153,534,69,512
153,539,80,551
153,540,132,553
153,542,135,568
153,549,144,573
153,551,291,763
153,553,364,815
153,554,365,823
153,559,366,834
153,568,377,839
153,573,473,849
153,588,483,80
153,591,549,98
153,593,554,309
153,597,588,316
153,606,622,370
153,613,847,472
153,616,44,501
153,617,512,525
153,622,540,528
153,632,559,824
153,633,568,835
153,649,616,470
153,657,831,480
153,708,839,539
153,743,306,540
153,759,309,542
153,763,490,559
153,775,491,616
153,776,498,649
153,777,501,743
153,790,504,365
153,795,505,366
153,809,525,377
153,815,542,464
153,816,553,473
153,823,597,505
153,824,632,597
153,826,633,622
153,828,657,491
153,829,759,534
153,831,775,14
153,834,829,20
153,835,849,364
153,837,481,365
153,839,496,421
153,840,421,470
153,841,480,613
153,842,509,135
153,846,512,657
153,847,763,790
153,849,649,837
153,852,657,839
202,NULL,662,841
202,2,667,843
202,6,682,845
202,7,703,846
202,10,708,847
202,14,759,848
202,20,764,849
202,26,812,852
202,69,815,2
202,75,816,6
202,77,819,7
202,78,821,10
202,79,831,223
202,80,835,225
202,98,836,235
202,127,837,240
202,132,839,306
202,134,840,309
202,135,841,315
202,144,845,356
202,223,846,364
202,224,847,365
202,225,848,366
202,235,NULL,370
202,240,2,372
202,264,6,377
202,291,7,407
202,301,10,465
202,306,14,468
202,309,20,473
202,315,26,476
202,356,69,480
202,359,127,505
202,360,134,512
202,364,144,520
202,365,223,525
202,366,224,534
202,370,235,539
202,372,240,549
202,377,264,551
202,407,291,589
202,458,372,597
202,464,509,633
202,465,512,662
202,468,525,667
202,472,539,703
202,473,545,708
202,476,549,771
202,480,553,795
202,481,554,809
202,483,589,819
202,490,592,823
202,491,593,826
202,496,622,829
202,498,632,14
202,499,649,26
202,501,743,77
202,504,775,98
202,505,776,132
202,509,843,135
202,512,75,224
202,520,77,264
202,525,78,291
202,528,79,491
202,534,80,496
202,539,98,498
202,545,135,567
202,549,225,593
202,551,301,601
202,553,315,606
202,554,364,632
202,567,365,657
202,568,458,682
202,573,465,743
202,589,468,816
202,592,472,831
202,593,473,NULL
202,597,480,20
202,601,490,80
202,606,491,127
202,616,498,134
202,622,499,144
202,632,501,301
202,633,504,360
202,649,505,490
202,657,520,499
202,662,528,545
202,667,534,568
202,682,551,573
202,703,573,777
202,708,777,811
202,743,809,815
202,759,824,840
202,764,826,75
202,771,849,78
202,775,132,464
202,776,306,472
202,777,356,481
202,778,359,528
202,795,370,553
202,809,377,554
202,811,407,622
202,812,464,824
202,815,476,828
202,816,481,501
202,819,483,504
202,821,496,509
202,823,567,616
202,824,568,759
202,826,597,837
202,828,601,69
202,829,616,649
202,831,633,775
202,835,657,592
202,836,795,776
202,837,823,778
202,839,828,811
202,840,829,812
202,841,852,821
202,843,366,764
202,845,606,835
202,846,771,839
202,847,778,483
202,848,309,836
202,849,811,841
202,852,360,846
223,NULL,364,852
223,2,365,14
223,6,366,20
223,7,370,44
223,10,377,69
223,14,464,75
223,20,465,78
223,44,468,127
223,69,470,132
223,75,472,134
223,78,473,202
223,79,475,235
223,80,480,240
223,127,481,264
223,132,483,291
223,134,490,306
223,202,491,356
223,225,499,365
223,235,504,366
223,240,505,370
223,264,525,468
223,290,528,470
223,291,534,473
223,306,539,475
223,309,540,481
223,315,553,490
223,316,567,504
223,356,573,525
223,360,588,539
223,364,589,540
223,365,592,553
223,366,593,568
223,370,597,588
223,377,601,589
223,464,662,592
223,465,667,593
223,468,771,610
223,470,776,612
223,472,809,622
223,473,811,630
223,475,815,632
223,480,816,649
223,481,821,657
223,483,824,667
223,490,829,682
223,491,831,708
223,496,834,743
223,499,836,777
223,501,837,809
223,504,839,811
223,505,840,815
223,512,848,816
223,520,14,821
223,525,20,823
223,528,44,824
223,534,75,829
223,539,78,836
223,540,80,837
223,553,127,839
223,567,132,840
223,568,134,841
223,573,202,848
223,588,235,6
223,589,240,7
223,591,306,10
223,592,315,290
223,593,360,464
223,597,501,465
223,601,520,491
223,606,568,505
223,610,591,512
223,612,606,528
223,622,610,534
223,630,612,573
223,632,622,601
223,633,790,606
223,649,795,831
223,657,823,834
223,662,841,842
223,667,842,845
223,682,843,NULL
223,708,845,2
223,743,846,80
223,771,847,315
223,776,852,316
223,777,2,364
223,790,6,480
223,795,7,483
223,809,10,520
223,811,69,633
223,815,225,662
223,816,264,776
223,821,290,790
223,823,291,843
223,824,316,846
223,829,356,847
223,831,496,79
223,834,512,225
223,836,630,309
223,837,632,472
223,839,633,496
223,840,657,499
223,841,682,567
223,842,708,771
223,843,777,795
223,845,NULL,377
223,846,309,597
223,847,743,601
223,848,771,630
223,852,649,360
224,NULL,657,366
224,2,662,370
224,6,667,372
224,7,682,377
224,10,703,468
224,14,708,470
224,20,743,475
224,26,815,476
224,69,821,480
224,75,823,490
224,77,834,491
224,78,835,505
224,98,839,509
224,127,840,542
224,132,842,553
224,134,843,554
224,143,NULL,567
224,144,2,568
224,202,6,573
224,235,7,589
224,264,10,606
224,290,14,610
224,291,20,617
224,301,26,622
224,306,69,632
224,315,75,649
224,316,78,657
224,360,127,662
224,364,132,667
224,365,134,764
224,366,143,811
224,370,144,812
224,372,202,816
224,377,235,819
224,458,473,831
224,464,512,842
224,465,520,843
224,468,534,847
224,470,539,849
224,472,540,852
224,473,542,2
224,475,549,6
224,476,551,7
224,480,559,10
224,481,568,78
224,483,588,98
224,490,593,127
224,491,601,132
224,504,606,144
224,505,610,306
224,509,612,364
224,512,616,365
224,520,617,593
224,534,622,633
224,539,630,682
224,540,649,790
224,542,764,815
224,549,771,823
224,551,775,845
224,553,811,69
224,554,816,75
224,559,824,235
224,567,826,290
224,568,828,301
224,573,831,360
224,588,845,464
224,589,847,465
224,592,848,504
224,593,849,512
224,597,852,534
224,601,77,540
224,606,290,549
224,610,301,551
224,612,315,588
224,613,464,592
224,616,481,601
224,617,567,612
224,622,573,703
224,630,790,708
224,632,812,771
224,633,819,834
224,649,829,839
224,657,316,840
224,662,360,14
224,667,364,77
224,682,365,202
224,703,370,264
224,708,372,458
224,743,377,539
224,764,458,559
224,771,465,616
224,775,470,821
224,790,472,824
224,809,475,826
224,811,476,835
224,812,505,848
224,815,554,NULL
224,816,589,20
224,819,592,315
224,821,632,481
224,823,633,829
224,824,98,316
224,826,306,743
224,828,468,143
224,829,480,291
224,831,483,473
224,834,490,520
224,835,491,828
224,839,504,483
224,840,553,134
224,842,597,472
224,843,809,597
224,845,291,775
224,847,366,809
224,848,372,811
224,849,509,821
224,852,512,26
225,NULL,534,75
225,2,540,77
225,6,542,98
225,7,549,127
225,10,551,132
225,20,554,134
225,26,559,235
225,44,567,240
225,69,588,264
225,75,589,290
225,77,597,301
225,79,606,366
225,80,610,372
225,98,612,377
225,127,617,499
225,132,622,505
225,134,630,512
225,143,632,520
225,144,633,540
225,202,649,549
225,223,657,568
225,235,667,616
225,240,682,617
225,264,703,630
225,290,708,703
225,291,759,708
225,301,776,759
225,306,778,820
225,309,790,821
225,315,795,823
225,316,809,824
225,356,811,828
225,360,815,831
225,365,816,834
225,366,819,835
225,372,820,837
225,377,821,845
225,458,831,852
225,465,834,NULL
225,468,839,7
225,470,840,20
225,472,841,69
225,475,843,223
225,476,845,309
225,480,847,356
225,481,848,465
225,490,849,472
225,491,852,476
225,496,NULL,480
225,498,2,525
225,499,6,553
225,504,7,559
225,505,10,588
225,509,20,589
225,512,26,593
225,520,44,610
225,525,75,613
225,528,77,622
225,534,98,662
225,540,127,667
225,542,132,743
225,549,134,775
225,551,144,795
225,553,202,812
225,554,264,816
225,559,290,819
225,567,291,848
225,568,301,849
225,588,315,2
225,589,316,10
225,593,365,26
225,597,372,79
225,606,377,80
225,610,458,490
225,612,465,491
225,613,475,597
225,616,490,612
225,617,525,682
225,622,528,778
225,630,593,790
225,632,662,811
225,633,775,841
225,649,823,6
225,657,824,44
225,662,828,143
225,667,835,144
225,682,837,291
225,703,842,306
225,708,69,316
225,743,80,470
225,759,143,496
225,775,235,504
225,776,240,528
225,778,306,534
225,790,309,551
225,795,356,567
225,809,360,633
225,811,366,649
225,812,470,840
225,815,472,843
225,816,480,202
225,819,481,468
225,820,491,509
225,821,498,542
225,823,499,606
225,824,504,632
225,828,505,776
225,831,512,809
225,834,520,815
225,835,553,842
225,836,568,315
225,837,812,481
225,839,79,657
225,840,223,839
225,841,476,360
225,842,496,458
225,843,616,498
225,845,743,554
225,847,836,365
225,848,840,366
225,849,841,475
225,852,842,836
234,NULL,849,839
234,2,852,840
234,6,20,841
234,7,44,842
234,10,80,843
234,20,98,847
234,44,316,849
234,69,356,852
234,80,364,NULL
234,98,365,7
234,316,539,10
234,356,551,69
234,364,593,98
234,365,616,356
234,370,617,364
234,372,632,365
234,377,633,465
234,464,775,520
234,465,776,525
234,470,790,528
234,472,815,539
234,476,819,551
234,480,820,632
234,481,824,633
234,490,835,649
234,491,836,764
234,496,839,776
234,504,840,777
234,520,69,809
234,525,370,819
234,528,372,820
234,539,464,821
234,542,465,823
234,551,472,829
234,593,476,6
234,613,480,481
234,616,491,496
234,617,528,542
234,632,649,795
234,633,809,831
234,649,816,835
234,708,821,836
234,764,843,2
234,775,847,20
234,776,NULL,44
234,777,6,80
234,790,7,316
234,795,10,370
234,809,470,476
234,815,481,480
234,816,490,616
234,819,496,708
234,820,504,790
234,821,520,824
234,823,525,837
234,824,708,372
234,829,777,377
234,831,842,470
234,835,795,490
234,836,823,815
234,837,841,816
234,839,377,593
234,840,542,617
234,841,613,464
234,842,831,491
234,843,2,775
234,847,6,504
234,849,764,525
234,852,776,472
235,NULL,790,480
235,2,816,490
235,6,819,496
235,7,820,498
235,10,821,501
235,20,823,525
235,26,824,528
235,44,826,540
235,69,828,545
235,75,829,591
235,77,835,592
235,78,836,601
235,79,837,622
235,80,839,667
235,98,841,682
235,127,842,708
235,132,845,759
235,134,847,771
235,135,NULL,776
235,144,6,778
235,153,10,790
235,202,20,795
235,223,44,809
235,224,69,811
235,225,75,812
235,240,78,819
235,264,79,NULL
235,271,80,6
235,290,98,7
235,291,132,10
235,301,134,20
235,306,144,26
235,309,153,44
235,315,202,77
235,316,223,80
235,356,225,98
235,360,271,407
235,364,290,464
235,365,291,465
235,366,301,470
235,370,306,512
235,377,309,539
235,407,360,553
235,421,473,567
235,458,475,568
235,464,520,589
235,465,525,616
235,468,539,630
235,470,540,633
235,472,542,649
235,473,551,775
235,475,553,821
235,476,559,828
235,480,567,829
235,481,573,831
235,490,601,834
235,496,630,835
235,498,633,839
235,499,667,842
235,501,775,843
235,504,776,846
235,505,777,2
235,508,778,69
235,512,809,75
235,520,811,127
235,525,812,135
235,528,2,225
235,539,7,240
235,540,26,264
235,542,127,290
235,545,240,306
235,549,264,364
235,551,315,365
235,553,316,472
235,559,364,473
235,567,370,475
235,568,421,593
235,570,499,777
235,573,501,820
235,588,504,824
235,589,505,841
235,591,528,847
235,592,545,848
235,593,568,132
235,601,589,134
235,616,591,309
235,617,593,315
235,622,649,316
235,630,682,360
235,633,771,366
235,649,831,377
235,667,834,468
235,682,846,476
235,703,848,508
235,708,77,520
235,759,356,551
235,763,458,588
235,771,464,703
235,775,472,836
235,776,476,845
235,777,480,153
235,778,481,301
235,790,490,356
235,795,496,481
235,809,498,559
235,811,508,573
235,812,512,763
235,816,549,823
235,819,588,837
235,820,592,370
235,821,703,504
235,823,708,542
235,824,759,816
235,826,763,821
235,828,795,78
235,829,224,144
235,831,365,224
235,834,366,499
235,835,622,826
235,836,377,202
235,837,465,223
235,839,468,505
235,841,470,549
235,842,616,79
235,843,617,291
235,845,135,309
235,846,144,315
235,847,407,271
235,848,843,617
240,NULL,845,649
240,2,846,682
240,6,847,703
240,7,848,708
240,10,849,771
240,14,NULL,811
240,26,2,812
240,44,6,815
240,69,7,823
240,75,10,828
240,77,26,839
240,78,98,842
240,80,153,846
240,98,202,849
240,127,223,852
240,132,225,NULL
240,135,465,2
240,143,468,14
240,144,472,69
240,153,476,75
240,202,481,77
240,223,490,127
240,225,491,132
240,235,498,202
240,271,504,235
240,290,505,306
240,291,508,364
240,301,525,365
240,306,540,366
240,309,542,465
240,315,545,470
240,316,549,472
240,356,553,475
240,364,559,476
240,365,567,480
240,366,588,490
240,370,593,491
240,372,601,501
240,377,606,505
240,421,622,512
240,464,667,525
240,465,682,528
240,468,811,540
240,470,812,549
240,472,816,551
240,475,819,553
240,476,820,554
240,480,821,559
240,481,828,567
240,490,834,568
240,491,837,593
240,498,839,601
240,499,840,622
240,501,841,630
240,504,842,632
240,505,843,633
240,508,852,662
240,509,44,841
240,512,69,847
240,525,77,848
240,528,78,6
240,534,143,80
240,539,271,98
240,540,290,153
240,542,291,225
240,545,301,290
240,549,306,315
240,551,309,316
240,553,356,499
240,554,366,504
240,559,372,509
240,567,377,534
240,568,464,539
240,573,475,545
240,588,499,617
240,589,509,843
240,593,512,7
240,601,528,10
240,606,534,26
240,610,539,44
240,612,551,78
240,617,568,144
240,622,589,223
240,630,610,301
240,632,612,309
240,633,776,370
240,649,777,372
240,662,778,377
240,667,790,464
240,682,795,481
240,703,809,542
240,708,815,795
240,759,829,816
240,763,14,819
240,764,75,836
240,771,127,837
240,775,144,840
240,776,235,135
240,777,315,610
240,778,316,667
240,790,365,759
240,795,480,777
240,809,501,821
240,811,573,834
240,812,617,356
240,815,630,508
240,816,632,588
240,819,633,606
240,820,649,612
240,821,662,764
240,823,703,775
240,824,836,778
240,828,80,809
240,829,132,820
240,831,364,829
240,834,370,845
240,836,470,271
240,837,554,291
240,839,759,776
240,840,764,790
240,841,771,824
240,842,775,831
240,843,824,834
240,845,831,589
240,846,708,143
240,847,823,468
240,848,828,573
240,849,829,588
240,852,831,610
264,NULL,7,612
264,2,14,616
264,6,26,662
264,7,69,667
264,10,75,703
264,14,98,708
264,20,127,763
264,26,202,823
264,44,223,842
264,69,224,847
264,75,225,848
264,77,235,10
264,78,316,98
264,79,366,202
264,98,370,224
264,127,377,225
264,202,468,235
264,223,470,475
264,224,472,476
264,225,475,499
264,235,476,512
264,316,542,528
264,356,545,554
264,364,553,573
264,366,570,682
264,370,573,778
264,377,597,820
264,465,612,821
264,468,662,14
264,470,667,26
264,472,763,75
264,475,776,77
264,476,777,364
264,480,795,370
264,481,811,377
264,483,819,470
264,490,820,480
264,491,821,483
264,499,823,539
264,512,NULL,551
264,520,78,553
264,525,79,568
264,528,356,597
264,534,364,606
264,539,465,622
264,540,480,632
264,542,481,633
264,545,483,795
264,549,490,811
264,551,491,819
264,553,499,849
264,554,512,NULL
264,567,525,2
264,568,528,79
264,570,534,366
264,573,540,468
264,588,549,490
264,589,551,525
264,593,588,540
264,597,622,776
264,606,630,777
264,612,632,816
264,616,682,44
264,622,703,69
264,630,708,78
264,632,778,127
264,633,815,223
264,662,816,316
264,667,847,491
264,682,848,520
264,703,849,567
264,708,2,570
264,763,10,589
264,764,20,815
264,775,44,6
264,776,77,588
264,777,520,593
264,778,554,7
264,795,568,472
264,811,589,545
264,815,616,20
264,816,764,481
264,819,842,534
264,820,6,630
264,821,593,775
264,823,775,356
264,842,567,465
264,847,606,542
264,848,633,549
264,849,539,551
271,6,551,593
271,7,573,613
271,14,616,775
271,20,630,776
271,80,633,790
271,98,708,795
271,235,776,816
271,240,777,824
271,316,790,829
271,356,795,834
271,360,809,836
271,364,816,837
271,365,819,839
271,370,821,842
271,372,824,843
271,407,834,847
271,465,836,852
271,470,837,7
271,472,839,14
271,473,841,20
271,476,842,80
271,480,843,98
271,481,845,235
271,483,846,370
271,490,847,407
271,491,849,465
271,501,852,470
271,504,20,476
271,508,80,480
271,512,98,481
271,520,235,490
271,525,316,504
271,528,360,512
271,539,364,568
271,542,365,573
271,551,370,630
271,568,372,632
271,573,407,819
271,593,465,821
271,597,470,841
271,613,473,6
271,616,501,316
271,630,504,364
271,632,508,365
271,633,512,372
271,649,520,473
271,708,528,491
271,764,542,508
271,775,593,520
271,776,597,551
271,777,632,649
271,790,764,835
271,795,831,845
271,809,835,849
271,816,6,356
271,819,7,472
271,821,14,525
271,824,240,633
271,829,472,846
271,831,476,240
271,834,480,528
271,835,490,708
271,836,491,764
271,837,525,777
271,839,539,360
271,841,568,542
271,842,649,809
271,843,775,616
271,845,356,831
271,846,481,842
271,847,483,501
271,849,490,597
271,852,491,483
290,2,496,501
290,6,499,540
290,7,504,559
290,10,505,567
290,14,512,573
290,20,525,589
290,26,528,593
290,69,534,597
290,75,540,601
290,77,551,606
290,98,554,610
290,127,559,612
290,144,567,633
290,153,568,776
290,223,573,790
290,224,588,819
290,225,589,820
290,235,592,826
290,240,593,834
290,301,597,839
290,306,601,842
290,309,606,843
290,315,610,849
290,316,612,852
290,356,616,2
290,359,667,127
290,360,682,224
290,364,703,235
290,365,708,240
290,366,759,301
290,370,764,306
290,372,771,315
290,377,775,364
290,407,790,481
290,464,795,483
290,465,809,498
290,468,816,508
290,470,819,512
290,472,820,525
290,473,824,568
290,475,826,759
290,476,834,775
290,480,840,809
290,481,841,811
290,483,842,821
290,496,843,824
290,498,845,841
290,499,848,845
290,501,849,10
290,504,852,20
290,505,2,26
290,508,10,75
290,509,69,98
290,512,77,225
290,517,301,356
290,520,306,365
290,525,309,366
290,528,315,372
290,534,316,554
290,540,356,588
290,542,364,592
290,545,365,667
290,549,370,682
290,551,372,708
290,554,377,771
290,559,465,795
290,567,470,816
290,568,472,144
290,573,481,153
290,588,498,465
290,589,508,468
290,592,542,470
290,593,632,475
290,597,776,476
290,601,811,499
290,606,815,504
290,610,836,505
290,612,6,509
290,616,14,534
290,632,20,549
290,633,75,551
290,649,127,632
290,667,223,815
290,682,224,840
290,703,225,6
290,708,235,7
290,759,240,14
290,764,359,496
290,771,360,520
290,775,366,542
290,776,464,545
290,790,473,649
290,795,475,703
290,809,476,69
290,811,480,77
290,815,520,223
290,816,649,377
290,819,837,528
290,820,7,837
290,821,98,848
290,824,144,464
290,826,153,472
290,834,407,309
290,836,501,356
290,837,545,370
290,839,549,316
290,840,839,359
290,841,26,407
290,842,483,764
290,843,633,473
290,845,821,475
290,848,834,480
290,849,840,483
290,852,843,616
291,NULL,846,632
291,2,847,633
291,6,848,649
291,7,849,662
291,10,852,682
291,20,NULL,812
291,26,6,820
291,44,7,821
291,75,26,834
291,77,44,840
291,78,202,846
291,80,240,847
291,98,364,78
291,132,365,98
291,134,366,223
291,153,370,235
291,202,407,360
291,223,465,365
291,224,468,377
291,225,480,472
291,235,496,473
291,240,498,490
291,359,505,512
291,360,528,549
291,364,545,567
291,365,554,573
291,366,589,593
291,370,592,601
291,377,617,667
291,407,630,811
291,421,633,815
291,464,682,823
291,465,703,828
291,468,820,831
291,470,821,837
291,472,823,841
291,473,831,842
291,475,834,845
291,476,835,852
291,480,841,NULL
291,481,842,2
291,483,843,6
291,490,845,10
291,491,2,20
291,496,10,26
291,498,20,80
291,499,75,132
291,501,77,202
291,504,98,224
291,505,132,225
291,508,134,366
291,509,153,470
291,512,223,475
291,525,225,480
291,528,235,481
291,534,360,504
291,539,470,508
291,540,472,551
291,542,473,554
291,545,475,559
291,549,476,589
291,551,481,606
291,554,483,703
291,559,490,763
291,567,491,777
291,568,499,848
291,570,509,364
291,573,512,370
291,589,525,421
291,591,559,505
291,592,601,509
291,593,606,534
291,601,632,542
291,606,649,759
291,617,775,849
291,630,776,7
291,632,777,44
291,633,811,134
291,649,815,153
291,662,829,240
291,667,840,359
291,682,78,464
291,703,80,468
291,708,224,483
291,759,464,525
291,763,567,708
291,775,377,843
291,776,421,816
291,777,504,829
291,795,508,75
291,809,539,77
291,811,540,407
291,812,549,499
291,815,667,501
291,816,759,528
291,820,795,539
291,821,809,540
291,823,812,568
291,828,816,591
291,829,501,592
291,831,534,795
291,834,542,809
291,835,551,476
291,837,568,491
291,840,591,545
291,841,593,630
291,842,662,776
291,843,708,465
291,845,828,470
291,846,359,496
291,847,364,835
291,848,573,842
291,849,589,775
291,852,592,776
301,NULL,597,790
301,6,601,795
301,7,606,811
301,10,610,816
301,14,612,828
301,20,616,829
301,26,622,831
301,44,630,836
301,69,632,840
301,75,633,841
301,77,649,842
301,78,662,848
301,80,667,849
301,127,682,NULL
301,132,703,6
301,134,708,7
301,144,743,26
301,153,759,44
301,202,764,75
301,224,790,78
301,225,795,80
301,235,809,132
301,240,811,235
301,290,816,315
301,315,821,316
301,316,823,508
301,356,824,512
301,365,826,534
301,366,829,539
301,370,831,540
301,372,835,542
301,377,839,545
301,407,840,630
301,421,841,776
301,464,843,820
301,465,845,823
301,468,846,824
301,470,847,839
301,472,849,843
301,473,852,845
301,480,NULL,847
301,481,6,852
301,483,7,69
301,490,10,144
301,491,20,153
301,496,26,202
301,498,44,240
301,499,69,290
301,501,78,365
301,504,127,366
301,508,132,372
301,512,134,464
301,517,290,480
301,520,315,481
301,525,356,483
301,528,365,490
301,534,366,570
301,539,370,606
301,540,372,612
301,542,407,682
301,545,464,708
301,549,468,10
301,551,473,14
301,553,480,134
301,559,483,224
301,567,490,465
301,568,491,470
301,570,539,633
301,573,542,667
301,589,545,703
301,592,551,771
301,597,771,837
301,601,776,20
301,606,777,77
301,610,778,225
301,612,820,356
301,616,828,370
301,622,836,472
301,630,842,473
301,632,848,501
301,633,14,528
301,649,75,549
301,662,77,551
301,667,80,553
301,682,144,559
301,703,202,573
301,708,240,589
301,743,316,592
301,759,470,649
301,763,472,778
301,764,481,821
301,771,496,834
301,776,499,846
301,777,512,127
301,778,520,601
301,790,525,622
301,795,528,759
301,809,540,491
301,811,549,498
301,816,567,499
301,820,568,525
301,821,589,568
301,823,763,777
301,824,837,504
301,826,224,597
301,828,225,610
301,829,235,468
301,831,377,496
301,834,465,662
301,835,501,632
301,836,504,809
301,837,534,811
301,839,553,377
301,840,559,616
301,841,573,743
301,842,592,835
301,843,834,841
301,845,835,764
301,846,153,826
301,847,498,520
301,848,508,567
301,849,512,568
301,852,520,597
306,NULL,539,601
306,2,542,606
306,6,549,630
306,10,553,632
306,14,554,703
306,20,559,743
306,26,567,815
306,44,570,828
306,69,591,829
306,75,592,842
306,77,601,843
306,78,606,849
306,80,612,2
306,98,622,14
306,127,630,20
306,132,632,44
306,134,633,69
306,144,649,75
306,153,657,127
306,202,662,134
306,223,667,202
306,224,682,235
306,225,703,240
306,235,708,290
306,240,759,315
306,290,764,366
306,315,771,370
306,356,775,472
306,364,776,475
306,365,777,481
306,366,778,491
306,370,790,496
306,372,811,505
306,377,812,508
306,407,815,534
306,464,816,540
306,465,819,549
306,468,823,553
306,470,824,554
306,472,826,573
306,473,834,592
306,475,835,622
306,480,842,633
306,481,843,667
306,483,845,682
306,490,846,775
306,491,847,778
306,496,848,790
306,498,10,795
306,499,14,811
306,501,26,823
306,504,44,831
306,505,69,834
306,508,77,10
306,509,78,224
306,512,80,364
306,517,315,520
306,520,356,612
306,525,364,649
306,528,377,657
306,534,407,840
306,539,468,847
306,540,470,848
306,542,472,98
306,545,473,465
306,549,475,470
306,551,490,473
306,553,491,480
306,554,496,525
306,559,498,539
306,567,499,542
306,570,505,809
306,573,508,NULL
306,591,545,26
306,592,610,77
306,601,616,78
306,606,763,153
306,610,795,356
306,612,809,365
306,616,820,377
306,622,821,512
306,630,831,551
306,632,836,559
306,633,839,567
306,649,840,591
306,657,841,616
306,662,849,776
306,667,NULL,824
306,682,2,845
306,703,6,846
306,708,20,6
306,743,75,144
306,759,98,372
306,763,127,490
306,764,132,504
306,771,134,528
306,775,153,841
306,776,223,468
306,777,235,498
306,778,240,499
306,790,290,501
306,795,365,517
306,809,370,662
306,811,372,771
306,812,465,820
306,815,480,821
306,816,512,80
306,819,520,132
306,820,525,464
306,821,528,610
306,823,534,816
306,824,540,836
306,826,743,839
306,828,144,225
306,829,366,545
306,831,464,812
306,834,481,819
306,835,504,759
306,836,517,777
306,839,829,223
306,840,202,407
306,841,225,465
306,842,501,483
306,843,224,708
306,845,483,509
306,846,509,525
306,847,551,528
306,848,553,764
306,849,573,835
309,NULL,588,845
309,2,597,846
309,6,606,14
309,7,610,26
309,10,612,44
309,14,630,98
309,20,632,127
309,26,649,132
309,44,657,144
309,69,662,202
309,75,667,223
309,77,682,240
309,78,708,316
309,80,743,356
309,98,759,365
309,127,763,465
309,132,764,473
309,134,771,475
309,135,776,512
309,144,778,525
309,153,790,534
309,202,795,553
309,223,809,588
309,225,811,593
309,235,812,667
309,240,815,682
309,290,819,708
309,315,823,759
309,316,828,764
309,356,829,776
309,359,834,778
309,360,836,790
309,364,841,795
309,365,842,809
309,366,843,812
309,377,845,815
309,407,847,819
309,421,10,823
309,464,14,828
309,465,20,829
309,468,44,843
309,470,69,848
309,472,75,849
309,473,77,852
309,475,78,2
309,476,80,10
309,481,98,20
309,483,127,153
309,490,132,235
309,491,134,377
309,496,144,470
309,498,153,483
309,499,202,490
309,501,223,491
309,504,225,496
309,505,235,520
309,508,240,539
309,512,290,542
309,520,316,549
309,525,359,551
309,528,364,554
309,534,365,567
309,539,366,597
309,540,377,610
309,542,464,612
309,549,470,632
309,551,475,743
309,553,476,771
309,554,481,775
309,559,491,811
309,567,496,821
309,568,498,834
309,573,499,841
309,588,501,842
309,591,553,6
309,593,559,69
309,597,591,75
309,601,593,290
309,606,633,315
309,610,777,366
309,612,831,464
309,616,840,498
309,630,848,505
309,632,849,508
309,633,852,540
309,649,NULL,606
309,657,2,777
309,662,6,816
309,667,7,831
309,682,315,847
309,708,356,NULL
309,743,465,134
309,759,473,360
309,763,512,630
309,764,528,649
309,771,534,662
309,775,540,7
309,776,542,364
309,777,549,476
309,778,551,501
309,790,554,504
309,795,573,528
309,809,601,573
309,811,616,601
309,812,820,633
309,815,846,657
309,816,135,836
309,819,360,225
309,820,468,481
309,821,483,559
309,823,490,820
309,828,504,840
309,829,505,78
309,831,520,98
309,834,525,135
309,836,539,568
309,840,567,77
309,841,821,616
309,842,26,359
309,843,472,364
309,845,407,499
309,846,508,80
309,847,512,472
309,848,568,475
309,849,775,476
309,852,816,499
315,NULL,823,549
315,2,824,553
315,6,826,554
315,7,828,591
315,10,829,593
315,20,836,597
315,26,842,601
315,44,843,610
315,69,852,612
315,75,44,616
315,77,224,617
315,98,225,622
315,127,301,633
315,132,306,657
315,134,309,667
315,135,491,708
315,144,496,743
315,153,501,759
315,202,504,771
315,223,505,777
315,224,512,790
315,225,520,809
315,235,525,812
315,240,528,823
315,290,542,834
315,301,545,837
315,306,549,839
315,309,551,842
315,316,553,845
315,359,588,846
315,364,592,849
315,365,593,NULL
315,366,597,2
315,370,601,6
315,372,606,7
315,377,610,10
315,421,630,127
315,464,703,132
315,465,708,134
315,470,743,144
315,472,771,202
315,475,777,235
315,476,778,365
315,480,809,472
315,481,812,480
315,483,821,491
315,490,837,501
315,491,839,525
315,496,841,539
315,501,845,545
315,504,846,588
315,505,848,592
315,508,849,630
315,512,2,632
315,517,364,662
315,520,365,682
315,525,366,703
315,528,464,795
315,539,472,826
315,542,483,831
315,545,490,836
315,549,508,848
315,551,539,26
315,553,591,44
315,554,612,69
315,567,616,77
315,568,617,98
315,588,622,135
315,591,633,153
315,592,649,223
315,593,657,225
315,597,667,290
315,601,682,301
315,606,775,306
315,610,776,316
315,612,790,490
315,616,795,504
315,617,816,512
315,622,819,542
315,630,835,606
315,632,840,776
315,633,847,811
315,649,6,819
315,657,20,824
315,662,26,841
315,667,69,843
315,682,77,224
315,703,98,240
315,708,127,309
315,743,132,364
315,759,134,505
315,763,153,568
315,771,202,649
315,775,240,75
315,776,290,366
315,777,316,567
315,778,370,829
315,790,372,840
315,795,377,852
315,809,465,20
315,811,470,370
315,812,475,465
315,816,554,508
315,819,567,847
315,821,568,372
315,823,632,470
315,824,662,476
315,826,759,481
315,828,811,496
315,829,831,520
315,831,NULL,483
315,834,7,775
315,835,144,816
315,836,223,821
315,837,235,828
315,839,359,840
315,840,476,528
315,841,481,553
315,842,763,778
315,843,10,377
315,845,480,491
315,846,75,475
315,847,834,476
315,848,836,551
315,849,842,464
315,852,845,835
316,NULL,852,843
316,2,20,845
316,6,44,847
316,7,75,848
316,10,78,849
316,20,80,852
316,26,132,2
316,44,134,6
316,69,144,7
316,75,153,80
316,78,224,127
316,80,271,235
316,98,290,309
316,127,309,315
316,132,315,472
316,134,472,505
316,144,499,545
316,153,504,549
316,223,512,591
316,224,520,612
316,225,525,617
316,234,528,633
316,235,539,649
316,240,540,703
316,264,542,708
316,271,551,776
316,290,554,811
316,301,559,816
316,309,567,823
316,315,588,824
316,472,592,829
316,498,597,842
316,499,601,NULL
316,501,606,26
316,504,610,44
316,505,612,75
316,508,617,78
316,509,622,132
316,512,630,240
316,520,632,271
316,525,649,290
316,528,657,542
316,534,662,573
316,539,667,588
316,540,682,589
316,542,703,601
316,545,743,610
316,549,764,662
316,551,771,682
316,553,795,820
316,554,809,821
316,559,811,831
316,567,815,839
316,573,816,10
316,588,820,69
316,589,823,224
316,591,828,525
316,592,829,540
316,597,834,657
316,601,835,743
316,606,836,775
316,610,837,777
316,612,841,790
316,616,842,795
316,617,845,812
316,622,846,815
316,630,847,835
316,632,NULL,837
316,633,2,846
316,649,7,20
316,657,69,134
316,662,98,144
316,667,127,225
316,682,223,499
316,703,235,501
316,708,264,528
316,743,301,559
316,764,505,592
316,771,508,630
316,775,549,667
316,776,573,809
316,777,589,836
316,778,591,98
316,790,633,223
316,795,708,234
316,809,776,301
316,811,777,520
316,812,778,551
316,815,790,553
316,816,831,554
316,820,840,616
316,821,843,622
316,823,848,764
316,824,849,840
316,826,6,841
316,828,10,153
316,829,234,539
316,831,240,567
316,834,498,597
316,835,826,606
316,836,26,512
316,837,225,632
316,839,501,828
316,840,534,778
316,841,545,790
316,842,553,834
316,843,812,504
316,845,824,771
316,846,839,778
316,847,509,824
316,848,616,264
316,849,622,301
316,852,821,508
356,NULL,824,517
356,2,826,542
356,6,828,597
356,10,831,612
356,26,845,616
356,69,6,622
356,75,80,657
356,78,127,682
356,80,202,743
356,98,235,775
356,127,264,777
356,132,309,778
356,134,364,795
356,144,366,811
356,153,480,815
356,202,483,819
356,223,496,824
356,225,504,828
356,234,520,829
356,235,528,835
356,240,534,836
356,264,540,848
356,271,542,849
356,290,545,852
356,301,549,NULL
356,306,551,2
356,309,553,10
356,364,567,75
356,365,573,127
356,366,592,144
356,472,597,153
356,475,601,240
356,476,606,290
356,480,622,481
356,481,632,496
356,483,667,499
356,490,682,504
356,491,703,505
356,496,743,508
356,499,759,540
356,501,777,554
356,504,778,567
356,505,811,573
356,508,812,592
356,509,842,606
356,512,78,610
356,517,306,632
356,520,472,667
356,525,475,776
356,528,476,790
356,534,481,816
356,540,490,821
356,542,491,826
356,545,499,831
356,549,501,837
356,551,505,842
356,553,508,846
356,554,509,847
356,559,525,69
356,567,554,78
356,573,559,98
356,588,612,132
356,592,613,364
356,597,657,475
356,601,662,490
356,606,708,491
356,610,771,520
356,612,775,601
356,613,848,841
356,616,852,26
356,617,NULL,80
356,622,2,134
356,632,69,202
356,633,98,234
356,649,134,235
356,657,144,306
356,662,223,365
356,667,225,366
356,682,240,472
356,703,290,476
356,708,301,480
356,743,365,512
356,759,517,834
356,771,588,839
356,775,616,845
356,776,633,264
356,777,649,271
356,778,815,525
356,790,819,559
356,795,820,662
356,809,821,708
356,811,823,812
356,812,829,6
356,815,836,225
356,816,837,301
356,819,839,483
356,820,841,528
356,821,847,545
356,823,849,633
356,824,10,649
356,826,75,759
356,828,132,771
356,829,153,823
356,831,271,843
356,834,610,223
356,835,776,501
356,836,809,549
356,837,816,588
356,839,840,703
356,840,846,820
356,841,234,809
356,842,512,551
356,843,790,309
356,845,795,365
356,846,26,534
356,847,835,553
356,848,841,613
356,849,843,632
356,852,846,840
359,NULL,127,144
359,26,144,202
359,127,202,309
359,144,309,505
359,202,315,512
359,290,468,667
359,291,509,834
359,309,512,846
359,315,525,496
359,468,667,612
359,496,764,777
359,505,778,823
359,508,795,290
359,509,NULL,291
359,512,291,508
359,520,496,778
359,525,505,811
359,528,508,821
359,545,520,839
359,551,528,843
359,588,545,NULL
359,592,662,26
359,593,682,127
359,612,708,315
359,662,771,468
359,667,809,520
359,682,811,525
359,708,823,592
359,764,846,593
359,771,551,682
359,777,588,708
359,778,592,764
359,795,593,771
359,809,612,795
359,811,821,815
359,815,839,809
359,821,840,528
359,823,842,509
359,834,843,593
359,839,26,842
359,840,290,588
359,842,777,662
359,843,778,667
359,846,815,840
360,NULL,828,10
360,2,831,202
360,6,834,223
360,7,836,271
360,10,837,366
360,14,2,407
360,75,14,465
360,77,225,468
360,80,291,472
360,127,366,475
360,134,372,481
360,202,464,589
360,223,472,592
360,224,473,593
360,225,481,597
360,235,505,617
360,271,512,632
360,290,525,764
360,291,528,811
360,309,549,819
360,366,601,820
360,372,610,826
360,407,612,836
360,464,759,852
360,465,771,2
360,468,819,75
360,472,824,80
360,473,826,127
360,475,839,134
360,476,841,225
360,480,846,235
360,481,852,290
360,490,NULL,473
360,491,6,496
360,496,7,504
360,504,10,534
360,505,75,591
360,512,127,606
360,520,134,622
360,525,202,662
360,528,223,708
360,534,224,771
360,539,309,815
360,549,480,816
360,551,496,831
360,553,520,834
360,559,534,837
360,570,682,842
360,573,708,14
360,588,764,559
360,589,775,667
360,591,809,682
360,592,811,759
360,593,820,790
360,597,842,828
360,601,80,839
360,606,465,841
360,610,468,846
360,612,475,7
360,616,504,77
360,617,539,372
360,622,551,490
360,630,559,525
360,632,588,551
360,633,591,601
360,649,592,610
360,662,606,630
360,667,617,6
360,682,630,480
360,708,790,512
360,759,816,539
360,764,290,612
360,771,476,809
360,775,490,824
360,790,491,NULL
360,809,573,291
360,811,593,309
360,815,622,520
360,816,662,549
360,819,667,553
360,820,815,633
360,824,235,224
360,826,553,491
360,828,570,505
360,831,589,616
360,834,597,667
360,836,616,573
360,837,649,528
360,839,77,649
360,841,407,588
360,842,632,464
360,846,633,476
360,852,271,481
364,NULL,291,491
364,2,309,499
364,6,315,501
364,7,366,509
364,10,370,525
364,14,372,528
364,20,377,540
364,26,464,549
364,44,465,551
364,69,472,553
364,75,475,567
364,77,476,588
364,78,480,597
364,80,491,601
364,98,496,612
364,127,499,649
364,132,501,703
364,134,504,708
364,144,505,759
364,153,509,841
364,202,512,847
364,223,520,10
364,224,534,20
364,234,539,80
364,235,540,98
364,240,542,127
364,264,545,235
364,271,568,240
364,290,573,309
364,291,589,366
364,306,592,372
364,309,593,377
364,315,597,464
364,356,601,476
364,366,606,480
364,370,610,542
364,372,612,554
364,377,630,559
364,464,743,593
364,465,775,606
364,468,824,776
364,470,828,777
364,472,829,815
364,473,836,816
364,475,837,819
364,476,843,831
364,480,845,842
364,491,846,845
364,496,847,846
364,499,849,2
364,501,NULL,14
364,504,26,69
364,505,44,77
364,508,69,132
364,509,75,153
364,512,132,202
364,517,508,290
364,520,517,306
364,525,549,370
364,528,551,465
364,534,554,473
364,539,559,475
364,540,567,496
364,542,570,764
364,545,588,771
364,549,632,778
364,551,633,811
364,553,657,821
364,554,662,829
364,559,667,835
364,567,682,849
364,568,703,NULL
364,570,708,291
364,573,759,356
364,588,771,470
364,589,795,508
364,592,812,610
364,593,819,632
364,597,821,667
364,601,823,682
364,606,831,795
364,610,841,809
364,612,852,812
364,613,6,75
364,617,7,78
364,630,10,134
364,632,14,144
364,633,78,264
364,649,144,505
364,657,153,512
364,662,202,534
364,667,224,539
364,682,235,545
364,703,240,775
364,708,271,824
364,743,356,826
364,759,525,839
364,764,553,7
364,771,811,44
364,775,842,224
364,776,20,234
364,777,77,315
364,778,98,472
364,795,127,504
364,809,134,589
364,811,223,630
364,812,473,662
364,815,617,743
364,816,776,828
364,819,777,836
364,821,778,837
364,823,809,852
364,824,816,223
364,826,835,633
364,828,839,6
364,829,2,14
364,831,306,26
364,835,528,271
364,836,649,517
364,837,826,592
364,839,80,823
364,841,290,843
364,842,470,657
364,843,764,682
364,845,815,617
364,846,468,703
364,847,234,613
364,849,240,649
364,852,291,662
365,NULL,306,667
365,2,315,703
365,6,356,759
365,7,372,776
365,10,465,790
365,14,470,809
365,20,475,811
365,26,476,834
365,44,481,839
365,69,490,841
365,75,499,847
365,77,501,848
365,78,505,852
365,98,508,69
365,127,512,75
365,132,520,202
365,134,525,235
365,153,528,240
365,202,534,291
365,223,539,306
365,224,540,372
365,225,542,481
365,234,551,539
365,235,553,540
365,240,554,542
365,271,573,551
365,290,588,559
365,291,592,682
365,301,601,764
365,306,606,777
365,309,610,795
365,315,612,826
365,356,617,840
365,370,622,843
365,372,630,845
365,377,632,846
365,464,771,849
365,465,777,6
365,470,778,10
365,472,811,77
365,475,820,78
365,476,821,98
365,480,823,127
365,481,826,134
365,490,828,224
365,491,829,234
365,499,831,301
365,501,836,309
365,504,841,356
365,505,845,370
365,508,846,377
365,512,7,470
365,517,78,475
365,520,98,476
365,525,127,491
365,528,134,501
365,534,153,616
365,539,202,657
365,540,223,743
365,542,234,816
365,545,290,821
365,549,291,828
365,551,377,836
365,553,559,837
365,554,567,842
365,559,589,NULL
365,567,633,7
365,568,657,153
365,570,743,778
365,573,790,823
365,588,795,14
365,589,809,20
365,592,819,132
365,593,824,223
365,601,834,315
365,606,835,525
365,610,840,534
365,612,848,545
365,616,NULL,573
365,617,6,588
365,622,10,601
365,630,20,610
365,632,44,612
365,633,69,771
365,657,75,815
365,662,132,824
365,667,235,829
365,682,301,831
365,703,464,26
365,708,472,225
365,743,480,504
365,759,491,517
365,764,504,528
365,771,517,632
365,776,545,633
365,777,568,662
365,778,593,708
365,790,662,819
365,795,667,820
365,809,682,835
365,811,703,44
365,815,708,472
365,816,847,480
365,819,2,499
365,820,26,508
365,821,77,512
365,823,224,520
365,824,225,553
365,826,370,554
365,828,549,593
365,829,816,606
365,831,843,490
365,834,852,505
365,835,14,549
365,836,240,2
365,837,271,465
365,839,776,567
365,840,815,622
365,841,837,271
365,842,839,290
365,843,849,464
365,845,309,568
365,846,759,588
365,847,616,589
365,848,764,592
365,849,771,593
365,852,777,630
366,NULL,811,662
366,2,819,667
366,6,820,682
366,7,821,764
366,10,823,775
366,14,834,776
366,20,837,778
366,26,847,836
366,44,849,841
366,69,10,842
366,79,235,225
366,80,301,473
366,98,306,483
366,127,315,490
366,134,356,504
366,143,464,509
366,144,475,551
366,153,481,573
366,202,490,593
366,223,499,597
366,224,505,630
366,225,509,649
366,235,512,703
366,240,525,771
366,264,528,795
366,290,534,815
366,291,539,816
366,301,540,820
366,306,542,826
366,309,554,845
366,315,568,846
366,356,588,848
366,360,589,852
366,364,597,NULL
366,464,776,6
366,465,778,20
366,470,809,80
366,473,812,98
366,475,824,127
366,476,831,144
366,480,848,223
366,481,NULL,240
366,483,2,264
366,490,6,291
366,491,7,364
366,496,14,481
366,499,26,525
366,501,44,528
366,504,69,539
366,505,79,606
366,508,98,610
366,509,127,821
366,512,143,831
366,520,144,837
366,525,153,847
366,528,202,2
366,534,223,10
366,539,224,14
366,540,225,26
366,542,240,44
366,545,264,69
366,551,290,224
366,554,291,470
366,559,360,475
366,568,473,480
366,570,657,790
366,573,662,809
366,588,667,819
366,589,682,290
366,592,708,301
366,593,743,491
366,597,759,501
366,601,764,505
366,606,790,508
366,610,816,542
366,617,841,559
366,630,843,601
366,633,845,777
366,649,852,811
366,657,80,812
366,662,309,823
366,667,465,839
366,682,470,843
366,703,476,7
366,708,483,134
366,743,491,153
366,759,496,202
366,764,508,512
366,771,520,708
366,775,551,235
366,776,559,306
366,777,570,499
366,778,573,540
366,790,592,545
366,795,601,588
366,809,606,759
366,811,610,840
366,812,630,849
366,815,633,309
366,816,703,315
366,819,835,356
366,820,842,465
366,821,134,496
366,823,364,534
366,824,545,568
366,826,593,657
366,829,649,464
366,831,771,554
366,834,795,824
366,835,20,743
366,836,777,589
366,837,504,834
366,839,826,845
366,840,480,79
366,841,501,476
366,842,836,520
366,843,841,592
366,845,846,633
366,846,829,662
366,847,839,829
366,848,775,840
366,849,776,843
366,852,790,845
370,NULL,829,849
370,2,836,20
370,6,839,26
370,7,841,77
370,10,842,127
370,20,843,224
370,26,849,240
370,44,852,291
370,69,26,315
370,75,134,365
370,77,240,464
370,78,264,465
370,79,464,528
370,80,465,534
370,98,468,539
370,127,470,551
370,132,472,568
370,134,473,588
370,143,475,601
370,144,476,606
370,153,483,708
370,202,496,764
370,223,501,776
370,224,539,809
370,234,542,816
370,235,545,819
370,240,549,828
370,264,551,6
370,271,593,7
370,290,597,10
370,291,601,44
370,301,606,69
370,306,610,75
370,315,616,132
370,364,617,134
370,365,622,153
370,464,790,234
370,465,795,264
370,468,828,306
370,470,831,473
370,472,837,475
370,473,845,476
370,475,846,505
370,476,847,512
370,480,2,540
370,483,6,593
370,490,20,597
370,491,69,610
370,496,75,612
370,499,77,657
370,501,79,831
370,505,80,836
370,508,143,468
370,512,153,490
370,517,365,491
370,520,480,501
370,525,490,508
370,528,491,545
370,534,512,622
370,539,553,662
370,540,568,703
370,542,573,820
370,545,589,846
370,549,591,847
370,551,592,80
370,553,630,143
370,554,632,144
370,567,657,202
370,568,662,223
370,570,764,301
370,573,777,499
370,588,778,542
370,589,811,549
370,591,812,630
370,592,820,667
370,593,821,682
370,597,824,790
370,601,NULL,834
370,606,7,842
370,610,10,843
370,612,44,845
370,616,78,852
370,617,98,235
370,622,127,496
370,630,132,778
370,632,144,821
370,633,202,824
370,657,223,841
370,662,224,NULL
370,667,291,2
370,682,306,78
370,703,315,364
370,708,364,470
370,743,499,480
370,764,540,483
370,771,567,525
370,776,612,567
370,777,633,570
370,778,667,573
370,790,682,591
370,795,703,632
370,809,708,839
370,811,771,290
370,812,823,771
370,816,234,777
370,819,235,79
370,820,290,98
370,821,301,520
370,823,505,589
370,824,517,743
370,826,534,823
370,828,743,616
370,829,834,812
370,831,525,820
370,834,528,837
370,836,554,842
370,837,570,849
370,839,588,472
370,841,776,592
370,842,809,633
370,843,816,811
370,845,520,271
370,846,271,795
370,847,291,554
370,849,508,517
370,852,525,829
372,NULL,540,20
372,2,549,26
372,6,553,44
372,7,554,69
372,10,559,80
372,14,567,134
372,20,573,144
372,26,588,224
372,44,591,306
372,69,592,364
372,75,593,470
372,78,597,480
372,79,601,491
372,80,617,505
372,98,630,525
372,127,632,554
372,132,633,559
372,134,649,567
372,143,657,591
372,144,662,622
372,202,667,759
372,224,703,771
372,225,708,776
372,234,775,824
372,240,778,829
372,271,790,834
372,290,811,836
372,301,820,841
372,306,821,843
372,315,824,845
372,360,826,846
372,364,828,2
372,365,829,14
372,407,836,75
372,458,837,202
372,464,840,240
372,468,843,290
372,470,845,301
372,476,846,315
372,480,6,360
372,481,7,365
372,483,10,501
372,491,26,520
372,496,44,551
372,499,78,568
372,501,80,588
372,504,132,593
372,505,134,597
372,508,271,649
372,509,290,820
372,512,301,821
372,517,480,NULL
372,520,481,78
372,525,483,127
372,528,501,132
372,534,504,143
372,539,508,481
372,540,509,483
372,542,512,508
372,549,520,509
372,551,525,512
372,553,528,540
372,554,534,542
372,559,539,553
372,567,542,601
372,568,570,777
372,570,777,812
372,573,823,826
372,588,834,837
372,589,835,847
372,591,839,849
372,592,841,6
372,593,842,98
372,597,848,225
372,601,849,504
372,606,852,528
372,610,NULL,549
372,612,2,573
372,613,20,662
372,617,75,667
372,622,79,708
372,630,98,815
372,632,127,816
372,633,143,464
372,649,202,476
372,657,224,592
372,662,225,775
372,667,240,778
372,682,360,790
372,703,364,811
372,708,365,835
372,743,464,842
372,759,499,852
372,771,505,10
372,775,517,496
372,776,551,499
372,777,606,632
372,778,610,657
372,790,612,682
372,811,622,703
372,812,682,458
372,815,743,534
372,816,14,539
372,820,69,606
372,821,144,612
372,823,234,839
372,824,306,848
372,826,491,610
372,828,496,7
372,829,812,633
372,834,815,823
372,835,816,589
372,836,315,591
372,837,458,610
372,839,470,743
372,840,589,777
372,841,759,828
372,842,771,841
372,843,776,271
372,845,847,301
372,846,476,364
372,847,468,630
372,848,407,703
372,849,568,570
372,852,573,601
377,NULL,589,610
377,2,601,622
377,6,610,632
377,7,612,649
377,10,616,776
377,14,622,790
377,20,649,819
377,26,662,843
377,44,667,847
377,69,682,848
377,75,703,849
377,77,708,852
377,78,743,NULL
377,80,759,6
377,98,771,20
377,127,775,44
377,132,776,75
377,134,777,98
377,144,790,132
377,153,795,144
377,202,809,223
377,223,811,240
377,224,812,291
377,225,815,306
377,234,816,364
377,235,819,365
377,240,820,465
377,264,821,481
377,290,824,483
377,291,828,490
377,301,829,491
377,306,831,496
377,309,834,499
377,315,836,501
377,364,839,504
377,365,841,505
377,465,843,509
377,468,847,525
377,476,848,588
377,480,7,630
377,481,10,662
377,483,26,708
377,490,44,743
377,491,77,759
377,496,80,795
377,499,98,812
377,501,127,815
377,504,134,816
377,505,144,820
377,508,235,77
377,509,240,78
377,512,264,127
377,525,290,235
377,528,291,476
377,534,301,508
377,539,306,553
377,540,309,559
377,545,315,568
377,549,364,601
377,551,365,633
377,553,465,657
377,554,476,682
377,559,480,703
377,567,481,771
377,568,490,775
377,570,568,811
377,573,591,828
377,588,593,829
377,589,606,831
377,591,617,7
377,592,632,69
377,593,633,134
377,597,778,264
377,601,845,528
377,606,846,534
377,610,849,539
377,612,NULL,554
377,616,2,667
377,617,20,10
377,622,69,14
377,630,78,309
377,632,132,468
377,633,153,549
377,649,223,567
377,657,225,589
377,662,468,839
377,667,483,841
377,682,491,846
377,703,496,2
377,708,499,26
377,743,501,315
377,759,504,573
377,771,512,593
377,775,525,834
377,776,528,80
377,777,534,202
377,778,540,551
377,790,545,592
377,795,549,606
377,809,551,612
377,811,553,836
377,812,554,224
377,815,559,290
377,816,573,545
377,819,597,777
377,820,630,824
377,821,657,845
377,824,852,153
377,828,6,301
377,829,14,512
377,831,75,540
377,834,224,616
377,836,234,632
377,839,509,570
377,841,539,480
377,843,202,778
377,845,505,821
377,846,567,809
377,847,588,225
377,848,589,235
377,849,592,290
377,852,508,291
407,2,509,372
407,7,528,480
407,10,534,481
407,14,540,490
407,20,545,491
407,26,553,499
407,69,610,501
407,75,612,504
407,79,622,509
407,80,630,610
407,202,682,811
407,235,703,834
407,271,795,836
407,290,815,20
407,291,834,26
407,301,836,80
407,306,840,290
407,309,841,360
407,360,2,465
407,372,7,468
407,465,10,472
407,468,14,573
407,472,69,588
407,480,75,622
407,481,80,630
407,490,202,819
407,491,271,841
407,496,290,845
407,499,291,849
407,501,301,235
407,504,306,542
407,509,372,553
407,520,465,589
407,528,480,662
407,534,496,795
407,540,499,824
407,542,501,847
407,545,573,848
407,553,588,10
407,573,811,202
407,588,824,7
407,589,845,291
407,610,847,309
407,612,849,540
407,617,235,682
407,622,360,75
407,630,472,79
407,662,481,528
407,682,490,617
407,703,491,790
407,790,542,14
407,795,589,301
407,811,662,306
407,815,848,612
407,819,20,703
407,824,26,2
407,834,79,496
407,836,309,520
407,840,504,815
407,841,520,69
407,845,617,372
407,847,790,545
407,848,795,534
407,849,824,271
421,10,826,301
421,14,835,496
421,20,839,512
421,26,10,567
421,44,153,588
421,69,235,592
421,80,309,630
421,98,315,633
421,127,473,682
421,153,491,834
421,235,520,842
421,240,551,10
421,291,567,80
421,301,568,127
421,309,588,153
421,315,592,235
421,470,593,240
421,473,622,525
421,491,682,553
421,496,777,819
421,512,811,823
421,517,834,811
421,520,26,14
421,525,80,20
421,551,127,44
421,553,470,98
421,567,512,291
421,568,525,309
421,588,553,601
421,589,601,835
421,592,776,839
421,593,823,315
421,601,828,593
421,606,840,812
421,622,841,826
421,630,44,776
421,633,291,568
421,682,496,777
421,776,606,815
421,777,630,816
421,811,633,828
421,812,842,841
421,815,14,69
421,816,20,470
421,819,98,520
421,823,240,840
421,826,301,606
421,828,815,622
421,834,816,682
421,835,819,491
421,839,69,525
421,840,80,589
421,841,589,601
421,842,812,26
458,NULL,839,78
458,75,840,135
458,78,235,473
458,80,372,483
458,134,475,520
458,135,509,553
458,202,520,649
458,224,551,662
458,225,553,667
458,235,559,682
458,372,588,840
458,473,597,80
458,475,622,224
458,476,632,490
458,480,633,491
458,483,682,525
458,490,763,551
458,491,764,568
458,496,795,610
458,509,135,842
458,512,202,NULL
458,520,224,134
458,525,473,496
458,534,483,837
458,539,490,839
458,551,512,475
458,553,539,476
458,559,606,588
458,567,617,812
458,568,667,831
458,588,708,841
458,589,819,846
458,597,837,852
458,601,841,202
458,606,842,225
458,610,846,372
458,616,75,480
458,617,78,534
458,622,80,539
458,632,134,567
458,633,225,809
458,649,491,795
458,657,525,75
458,662,534,512
458,667,567,606
458,682,589,763
458,703,811,819
458,708,812,235
458,759,831,559
458,763,NULL,601
458,764,476,616
458,795,610,589
458,809,649,622
458,811,852,632
458,812,496,703
458,819,568,633
458,831,601,759
458,837,662,842
458,839,703,708
458,840,809,657
458,841,616,811
458,842,657,812
458,846,662,831
458,852,759,841
464,NULL,763,44
464,6,771,75
464,7,775,134
464,14,776,144
464,20,790,223
464,26,819,290
464,44,820,301
464,69,823,365
464,75,824,370
464,77,840,504
464,78,6,512
464,79,370,520
464,80,483,540
464,98,501,568
464,127,504,588
464,132,509,592
464,134,512,612
464,135,520,819
464,143,525,831
464,144,534,841
464,153,539,7
464,202,545,14
464,223,553,69
464,224,567,127
464,234,593,372
464,235,601,528
464,240,612,534
464,290,632,549
464,291,633,551
464,301,649,601
464,306,662,771
464,309,667,775
464,315,682,776
464,360,708,809
464,364,743,812
464,365,759,815
464,366,795,821
464,370,809,823
464,372,812,824
464,483,831,843
464,501,842,848
464,504,843,849
464,509,847,6
464,512,14,98
464,520,75,135
464,525,98,153
464,528,127,202
464,534,202,224
464,539,223,291
464,540,235,309
464,542,290,315
464,545,306,501
464,549,309,525
464,551,360,539
464,553,365,589
464,567,528,682
464,568,540,759
464,588,542,840
464,589,549,842
464,592,826,235
464,593,828,360
464,597,829,364
464,601,848,630
464,612,7,633
464,613,78,20
464,630,79,366
464,632,143,553
464,633,224,593
464,649,234,790
464,662,240,795
464,667,301,811
464,682,366,816
464,703,372,828
464,708,551,847
464,743,588,NULL
464,759,597,26
464,763,630,79
464,771,815,132
464,775,841,234
464,776,845,240
464,790,849,483
464,795,852,542
464,809,NULL,597
464,811,20,667
464,812,26,845
464,815,44,852
464,816,77,306
464,819,132,632
464,820,134,649
464,821,135,708
464,823,144,826
464,824,153,829
464,826,364,842
464,828,703,80
464,829,821,703
464,831,291,509
464,840,315,662
464,841,592,763
464,842,811,820
464,843,69,824
464,845,80,567
464,847,589,743
464,848,816,77
464,849,820,78
464,852,824,98
465,NULL,834,134
465,2,843,234
465,6,845,271
465,10,846,291
465,14,848,306
465,20,852,309
465,26,14,364
465,44,144,366
465,69,202,370
465,75,223,377
465,78,240,470
465,79,264,472
465,80,306,490
465,98,309,491
465,127,360,505
465,132,370,512
465,134,377,525
465,135,512,542
465,143,520,610
465,144,525,657
465,153,534,743
465,202,539,815
465,223,540,816
465,224,542,828
465,225,549,831
465,234,613,10
465,235,616,26
465,240,622,75
465,264,630,224
465,271,632,360
465,290,633,365
465,291,649,475
465,301,662,483
465,306,667,504
465,309,682,508
465,315,703,520
465,360,771,551
465,364,775,554
465,365,776,559
465,366,777,573
465,370,778,593
465,377,790,597
465,407,795,622
465,470,811,649
465,472,812,708
465,473,815,771
465,475,821,775
465,481,829,777
465,483,836,795
465,490,839,820
465,491,840,821
465,498,841,823
465,499,842,824
465,501,847,829
465,504,849,837
465,505,NULL,840
465,508,26,235
465,509,79,407
465,512,135,553
465,520,143,601
465,525,234,616
465,528,271,630
465,534,290,682
465,539,291,703
465,540,301,776
465,542,315,778
465,545,364,812
465,549,365,836
465,551,366,846
465,553,407,79
465,554,470,80
465,559,472,127
465,567,473,132
465,573,483,143
465,588,490,153
465,589,528,223
465,593,551,264
465,597,554,509
465,601,559,534
465,606,567,539
465,610,589,606
465,612,593,632
465,613,597,78
465,616,601,202
465,622,606,240
465,630,743,481
465,632,763,589
465,633,820,612
465,649,824,809
465,657,828,839
465,662,831,847
465,667,2,849
465,682,6,20
465,703,10,44
465,708,44,498
465,743,69,499
465,763,75,811
465,771,78,842
465,775,98,14
465,776,127,69
465,777,132,98
465,778,134,225
465,790,153,290
465,795,225,315
465,809,235,540
465,811,475,819
465,812,481,834
465,815,491,845
465,816,498,2
465,819,499,6
465,820,501,549
465,821,504,841
465,823,508,473
465,824,509,567
465,828,545,662
465,829,588,667
465,831,610,790
465,834,708,843
465,836,816,848
465,837,819,135
465,839,823,528
465,840,20,NULL
465,841,80,301
465,842,224,588
465,843,505,601
465,845,525,852
465,846,553,144
465,847,809,202
465,848,657,545
465,849,612,633
465,852,616,501
468,7,630,573
468,10,632,589
468,14,662,632
468,44,703,776
468,75,771,811
468,77,776,819
468,78,816,823
468,80,820,824
468,98,823,831
468,127,824,846
468,132,828,847
468,143,831,75
468,153,839,80
468,202,843,127
468,223,847,132
468,224,852,202
468,225,7,223
468,235,10,224
468,240,14,301
468,264,44,364
468,290,75,370
468,291,77,377
468,301,78,473
468,306,80,481
468,309,98,501
468,359,202,525
468,360,223,534
468,364,224,549
468,370,240,612
468,372,290,649
468,377,291,829
468,407,301,10
468,473,306,44
468,476,360,610
468,481,372,834
468,501,377,78
468,505,481,235
468,508,525,240
468,525,573,264
468,534,610,407
468,539,612,476
468,540,667,508
468,549,811,667
468,553,819,703
468,573,834,852
468,589,846,77
468,610,143,630
468,612,225,820
468,630,235,98
468,632,264,225
468,649,309,290
468,662,359,291
468,667,370,306
468,703,473,539
468,771,540,828
468,776,649,839
468,811,127,843
468,816,132,7
468,819,364,14
468,820,476,553
468,823,501,309
468,824,505,662
468,828,508,816
468,829,534,372
468,831,549,153
468,834,553,360
468,839,589,771
468,843,539,820
468,846,540,505
468,847,153,540
468,852,202,589
470,6,223,606
470,7,224,622
470,10,225,633
470,14,240,662
470,20,264,682
470,26,290,703
470,69,301,708
470,75,306,759
470,77,309,771
470,78,364,809
470,80,366,821
470,98,372,823
470,127,465,824
470,132,473,845
470,134,476,847
470,143,480,6
470,144,481,7
470,153,490,10
470,223,504,75
470,224,509,77
470,225,512,98
470,234,616,370
470,235,622,421
470,240,632,476
470,264,633,480
470,271,649,481
470,290,667,496
470,291,682,498
470,301,703,499
470,306,708,501
470,309,743,504
470,315,759,505
470,364,771,508
470,365,778,528
470,366,790,540
470,370,811,545
470,372,815,553
470,421,816,568
470,465,820,589
470,473,823,593
470,475,828,601
470,476,836,616
470,480,10,667
470,481,14,775
470,483,69,790
470,490,75,816
470,491,78,820
470,496,98,836
470,498,127,20
470,499,132,69
470,501,134,223
470,504,143,225
470,505,153,240
470,508,291,473
470,509,475,612
470,512,496,776
470,520,498,811
470,528,540,819
470,534,542,831
470,539,551,837
470,540,553,839
470,542,554,840
470,545,559,842
470,549,588,849
470,551,589,78
470,553,592,127
470,554,593,134
470,559,612,290
470,567,662,301
470,568,763,315
470,588,775,366
470,589,831,483
470,591,837,559
470,592,839,657
470,593,840,778
470,597,841,829
470,601,842,852
470,606,843,14
470,612,845,26
470,616,846,143
470,622,847,153
470,632,852,234
470,633,6,235
470,649,20,271
470,657,77,309
470,662,80,465
470,667,315,475
470,682,370,490
470,703,501,512
470,708,508,534
470,743,520,828
470,759,528,848
470,763,568,264
470,771,591,549
470,775,601,551
470,776,777,597
470,777,809,763
470,778,812,846
470,790,821,80
470,809,824,132
470,811,848,144
470,812,849,306
470,815,7,372
470,816,144,567
470,819,234,649
470,820,235,812
470,821,271,364
470,823,421,815
470,824,483,843
470,828,491,224
470,829,499,491
470,831,505,520
470,836,534,542
470,837,539,554
470,839,545,841
470,840,606,539
470,841,657,777
470,842,776,365
470,843,819,370
470,845,26,588
470,846,365,291
470,847,549,509
470,848,567,512
470,849,597,520
470,852,601,632
472,2,610,649
472,7,613,78
472,10,622,134
472,14,632,143
472,44,649,153
472,69,667,224
472,75,708,235
472,77,743,306
472,78,771,309
472,79,812,370
472,80,816,501
472,98,819,508
472,127,820,512
472,132,823,520
472,134,826,539
472,143,837,553
472,144,839,559
472,153,840,588
472,202,841,703
472,223,842,743
472,224,843,775
472,225,845,778
472,234,847,790
472,235,2,823
472,240,7,840
472,264,14,2
472,271,98,356
472,290,127,360
472,291,134,465
472,301,144,490
472,306,153,505
472,309,202,551
472,315,223,568
472,316,224,573
472,356,234,708
472,360,235,771
472,364,240,809
472,365,271,816
472,370,290,824
472,407,306,849
472,465,309,10
472,475,315,44
472,476,356,75
472,480,360,80
472,481,365,132
472,483,370,202
472,490,407,301
472,501,465,315
472,505,475,364
472,508,480,365
472,512,490,476
472,520,501,480
472,525,508,545
472,539,567,667
472,540,573,682
472,542,588,776
472,545,592,811
472,549,593,820
472,551,597,69
472,553,601,77
472,559,630,225
472,567,703,264
472,568,775,271
472,573,778,316
472,588,790,407
472,589,836,540
472,592,846,812
472,593,852,826
472,597,10,836
472,601,44,7
472,610,69,127
472,612,75,223
472,613,132,542
472,622,225,567
472,630,291,593
472,632,301,597
472,649,316,612
472,667,476,622
472,682,483,630
472,703,512,829
472,708,520,831
472,743,525,845
472,763,553,98
472,771,568,290
472,775,589,291
472,776,763,632
472,778,824,837
472,790,831,846
472,795,77,847
472,809,78,240
472,811,143,475
472,812,540,592
472,815,545,839
472,816,551,14
472,819,559,144
472,820,682,601
472,823,776,610
472,824,795,841
472,826,809,843
472,828,849,525
472,829,481,549
472,831,542,852
472,836,549,795
472,837,828,815
472,839,364,819
472,840,505,828
472,841,79,842
472,842,80,234
472,843,811,481
472,845,539,490
472,846,612,483
472,847,264,539
472,849,271,708
472,852,301,743
473,NULL,309,759
473,2,360,764
473,6,364,771
473,7,468,819
473,10,470,823
473,14,476,824
473,20,480,831
473,26,483,839
473,44,490,843
473,69,491,849
473,77,496,6
473,78,499,7
473,79,501,496
473,80,505,525
473,98,509,540
473,127,520,622
473,132,525,630
473,134,528,743
473,153,540,775
473,202,549,778
473,223,567,795
473,224,568,816
473,235,573,836
473,271,597,841
473,290,601,26
473,291,606,77
473,301,610,78
473,306,612,80
473,309,630,134
473,360,632,223
473,364,633,224
473,366,649,291
473,370,662,465
473,421,682,470
473,458,703,476
473,465,790,483
473,468,831,501
473,470,836,504
473,476,849,592
473,480,14,597
473,481,20,606
473,483,44,662
473,490,69,703
473,491,79,834
473,496,127,842
473,498,134,845
473,499,223,846
473,501,235,847
473,504,271,852
473,505,290,20
473,508,306,98
473,509,366,127
473,512,370,153
473,520,421,235
473,525,458,509
473,528,465,549
473,534,559,601
473,539,588,612
473,540,592,613
473,542,593,649
473,545,759,790
473,549,775,NULL
473,551,795,132
473,553,812,202
473,554,819,306
473,559,823,480
473,567,824,481
473,568,834,498
473,573,841,534
473,588,842,551
473,592,843,682
473,593,845,811
473,597,846,826
473,601,847,2
473,606,NULL,10
473,610,2,69
473,612,10,290
473,613,98,364
473,622,132,499
473,630,224,512
473,632,291,542
473,633,301,545
473,649,481,588
473,662,498,593
473,667,504,610
473,682,508,809
473,703,534,820
473,708,539,14
473,743,542,301
473,759,545,520
473,764,554,632
473,771,622,812
473,775,848,309
473,778,7,366
473,790,78,370
473,795,80,490
473,809,153,528
473,811,202,553
473,812,551,667
473,815,764,848
473,816,809,44
473,819,811,458
473,820,826,491
473,823,837,708
473,824,839,468
473,826,841,421
473,831,852,633
473,834,6,79
473,836,77,360
473,837,553,505
473,839,743,539
473,841,512,554
473,842,667,559
473,843,771,567
473,845,820,815
473,846,778,568
473,847,26,592
473,848,708,508
473,849,816,528
473,852,820,573
475,2,821,597
475,6,823,601
475,7,824,606
475,10,828,622
475,14,836,815
475,20,841,820
475,26,848,846
475,44,2,848
475,69,14,6
475,75,143,14
475,77,264,26
475,78,291,223
475,79,465,508
475,80,470,509
475,98,472,520
475,127,505,568
475,132,508,593
475,134,520,613
475,143,528,708
475,144,540,776
475,223,568,821
475,224,573,823
475,225,593,824
475,235,630,831
475,240,633,843
475,264,667,20
475,290,682,69
475,291,703,78
475,306,743,132
475,309,759,144
475,315,775,225
475,356,776,235
475,360,790,290
475,364,795,291
475,365,809,306
475,366,811,309
475,370,812,470
475,458,819,525
475,465,829,545
475,470,839,553
475,472,843,559
475,499,845,567
475,504,847,610
475,505,849,612
475,508,44,633
475,509,77,834
475,512,79,839
475,517,370,315
475,520,458,512
475,525,499,657
475,528,504,703
475,539,570,743
475,540,601,777
475,545,606,778
475,549,610,809
475,551,612,7
475,553,622,80
475,559,632,240
475,567,649,356
475,568,708,364
475,570,778,370
475,573,820,472
475,593,826,499
475,597,6,505
475,601,7,649
475,606,10,682
475,610,20,759
475,612,26,852
475,613,75,143
475,622,78,458
475,630,80,549
475,632,98,790
475,633,127,812
475,649,225,836
475,657,309,845
475,667,356,10
475,682,512,44
475,703,525,77
475,708,545,98
475,743,549,224
475,759,551,365
475,771,553,465
475,775,559,540
475,776,567,811
475,777,597,828
475,778,657,847
475,790,815,127
475,795,834,573
475,809,837,771
475,811,846,841
475,812,852,2
475,815,69,366
475,819,134,539
475,820,144,632
475,821,224,667
475,823,315,795
475,824,360,837
475,826,365,849
475,828,539,504
475,829,223,528
475,831,235,551
475,834,240,829
475,835,306,134
475,836,364,570
475,837,366,819
475,839,771,846
475,841,777,75
475,843,831,98
475,845,132,144
475,846,143,240
475,847,144,309
475,848,290,775
475,849,291,776
475,852,309,777
476,NULL,315,809
476,2,356,815
476,6,360,819
476,7,364,821
476,10,365,824
476,14,366,831
476,20,370,834
476,26,372,842
476,44,377,NULL
476,69,473,10
476,75,490,26
476,77,491,202
476,78,501,240
476,79,509,473
476,80,512,496
476,98,520,501
476,132,528,504
476,134,539,589
476,143,553,606
476,144,554,649
476,153,559,835
476,202,567,836
476,224,589,840
476,225,597,848
476,234,632,2
476,235,633,44
476,240,649,69
476,264,662,75
476,271,764,98
476,290,771,144
476,291,775,153
476,309,776,225
476,315,777,365
476,356,778,366
476,360,811,372
476,364,815,377
476,365,820,470
476,366,821,520
476,370,824,567
476,372,828,632
476,377,831,633
476,458,840,657
476,468,7,771
476,470,10,775
476,472,14,790
476,473,20,820
476,490,26,846
476,491,80,849
476,496,132,852
476,499,143,6
476,501,144,132
476,504,153,309
476,509,202,356
476,512,225,360
476,520,234,491
476,525,235,499
476,528,240,540
476,539,264,554
476,540,291,601
476,545,470,612
476,549,472,703
476,551,499,778
476,553,540,795
476,554,545,811
476,559,573,20
476,567,601,80
476,573,606,291
476,588,616,315
476,589,622,458
476,592,657,490
476,593,667,549
476,597,682,551
476,601,703,553
476,606,795,573
476,610,809,592
476,612,819,593
476,616,834,682
476,622,835,828
476,630,836,841
476,632,842,77
476,633,843,776
476,649,845,7
476,657,846,78
476,662,847,134
476,667,849,224
476,682,852,364
476,703,NULL,545
476,743,44,622
476,764,79,662
476,771,98,843
476,775,134,472
476,776,271,512
476,777,496,616
476,778,504,630
476,790,549,743
476,795,551,271
476,809,588,290
476,811,592,777
476,815,610,539
476,819,612,588
476,820,790,610
476,821,841,14
476,824,2,234
476,828,69,235
476,831,224,370
476,834,309,847
476,835,525,559
476,836,6,667
476,840,75,525
476,841,77,528
476,842,78,539
476,843,290,540
476,845,593,549
476,846,743,845
476,847,771,852
476,848,630,NULL
476,849,632,264
476,852,848,290
480,NULL,10,301
480,2,69,306
480,6,75,315
480,7,77,365
480,10,127,370
480,14,134,473
480,20,144,496
480,69,223,504
480,75,224,509
480,77,290,520
480,78,301,525
480,79,372,606
480,80,377,616
480,98,470,662
480,127,472,743
480,132,481,764
480,134,491,775
480,143,496,811
480,144,501,812
480,153,505,816
480,202,509,845
480,223,525,846
480,224,549,847
480,225,554,2
480,234,633,98
480,235,649,134
480,240,662,144
480,264,682,225
480,271,708,490
480,290,759,508
480,291,776,528
480,301,777,545
480,306,790,549
480,315,809,554
480,356,812,622
480,360,816,630
480,364,819,633
480,365,821,771
480,366,823,776
480,370,826,795
480,372,829,820
480,377,834,821
480,407,841,848
480,458,842,75
480,470,843,77
480,472,845,127
480,473,846,153
480,481,2,356
480,490,14,360
480,491,98,366
480,496,143,372
480,499,225,377
480,501,271,472
480,504,291,667
480,505,306,682
480,508,315,708
480,509,356,823
480,517,520,78
480,520,545,202
480,525,559,240
480,528,567,264
480,539,568,458
480,540,593,481
480,545,610,491
480,549,630,505
480,553,632,559
480,554,657,567
480,559,743,632
480,567,795,649
480,568,811,703
480,593,847,809
480,597,NULL,143
480,606,6,223
480,610,7,224
480,613,153,7
480,616,202,10
480,622,235,20
480,630,240,69
480,632,360,291
480,633,364,501
480,649,366,539
480,657,370,568
480,662,458,840
480,667,473,79
480,682,528,132
480,703,539,235
480,708,540,499
480,743,815,610
480,759,820,826
480,764,848,843
480,771,20,364
480,775,78,470
480,776,80,540
480,777,234,841
480,790,407,553
480,795,504,831
480,809,508,271
480,811,517,NULL
480,812,553,80
480,815,703,407
480,816,840,834
480,819,79,597
480,820,132,759
480,821,365,777
480,823,616,842
480,826,622,6
480,829,490,790
480,831,499,811
480,834,667,812
480,840,682,593
480,841,597,829
480,842,264,819
480,843,606,821
480,845,764,290
480,846,831,815
480,847,845,816
480,848,NULL,657
481,NULL,14,703
481,2,26,824
481,6,69,828
481,7,78,834
481,10,132,836
481,14,144,839
481,20,153,840
481,26,224,845
481,44,225,2
481,69,234,98
481,75,235,127
481,77,291,224
481,78,306,356
481,80,356,366
481,98,366,470
481,127,372,501
481,132,377,508
481,134,465,528
481,144,480,549
481,153,496,551
481,202,501,554
481,223,528,573
481,224,553,616
481,225,567,657
481,234,649,776
481,235,682,777
481,240,703,778
481,264,708,811
481,271,775,842
481,290,776,153
481,291,777,202
481,301,778,472
481,306,795,473
481,309,809,505
481,315,811,553
481,356,815,612
481,360,819,622
481,365,824,630
481,366,826,764
481,372,836,812
481,377,841,849
481,407,845,20
481,465,848,69
481,468,10,77
481,470,20,134
481,472,44,223
481,473,80,291
481,480,98,306
481,496,134,309
481,499,240,365
481,501,290,372
481,504,301,407
481,505,309,468
481,508,365,520
481,509,407,610
481,512,470,682
481,520,473,708
481,525,504,743
481,528,512,759
481,534,568,819
481,539,597,6
481,540,606,10
481,542,610,14
481,549,633,75
481,551,667,225
481,553,764,240
481,554,771,377
481,567,790,499
481,568,812,525
481,573,821,540
481,588,829,597
481,593,834,601
481,597,839,632
481,601,843,771
481,606,849,790
481,610,852,795
481,612,77,809
481,613,271,480
481,616,315,593
481,622,472,649
481,630,505,667
481,632,525,815
481,633,534,826
481,649,539,829
481,657,542,848
481,662,551,26
481,667,573,290
481,682,593,465
481,703,622,568
481,708,820,843
481,743,828,846
481,759,840,44
481,764,NULL,144
481,771,6,534
481,775,7,NULL
481,776,75,7
481,777,127,235
481,778,202,315
481,790,223,360
481,795,540,821
481,809,549,841
481,811,601,301
481,812,612,496
481,815,632,504
481,816,657,831
481,819,662,78
481,820,759,80
481,821,816,132
481,824,842,512
481,826,846,542
481,828,2,606
481,829,468,610
481,831,588,662
481,834,616,820
481,836,360,824
481,837,499,852
481,839,520,14
481,840,554,567
481,841,630,588
481,842,743,622
481,843,795,632
481,845,811,816
481,846,812,820
481,848,820,828
481,849,831,539
481,852,837,540
483,NULL,44,554
483,2,80,559
483,6,98,573
483,7,127,588
483,10,134,606
483,26,264,849
483,44,291,7
483,69,306,127
483,80,370,143
483,98,464,144
483,127,491,223
483,132,499,301
483,134,501,366
483,143,504,372
483,144,542,472
483,153,549,473
483,202,554,501
483,223,588,504
483,224,593,505
483,264,597,549
483,271,616,593
483,290,703,597
483,291,708,821
483,301,764,823
483,306,775,836
483,309,778,847
483,315,790,848
483,356,819,6
483,366,820,10
483,370,823,26
483,372,837,132
483,377,843,202
483,458,846,509
483,464,847,542
483,465,849,610
483,470,852,616
483,472,2,630
483,473,6,662
483,491,10,703
483,498,26,843
483,499,144,852
483,501,153,98
483,504,202,134
483,505,223,290
483,508,290,356
483,509,377,465
483,525,465,682
483,534,470,778
483,540,473,819
483,542,498,839
483,545,505,840
483,549,509,842
483,554,525,153
483,559,540,291
483,573,545,306
483,588,559,458
483,589,610,499
483,593,612,508
483,597,630,612
483,606,662,820
483,610,667,828
483,612,795,846
483,616,821,2
483,630,824,498
483,662,834,790
483,667,836,44
483,682,839,315
483,703,840,464
483,708,842,540
483,764,845,589
483,775,NULL,831
483,778,69,845
483,790,132,470
483,795,143,491
483,819,224,264
483,820,301,667
483,821,309,834
483,823,356,841
483,824,366,NULL
483,828,372,534
483,831,458,708
483,834,573,224
483,836,589,377
483,837,682,545
483,839,841,824
483,840,848,775
483,841,7,370
483,842,271,525
483,843,315,69
483,845,366,80
483,846,472,271
483,847,534,306
483,848,540,309
483,849,606,315
483,852,610,837
490,NULL,612,848
490,2,616,852
490,6,617,127
490,10,630,235
490,14,633,240
490,20,657,306
490,26,667,309
490,44,682,365
490,69,703,366
490,75,743,472
490,78,775,499
490,80,776,508
490,98,777,528
490,127,778,553
490,132,790,573
490,134,795,593
490,143,809,612
490,144,811,682
490,153,815,809
490,202,816,821
490,223,821,834
490,224,823,835
490,225,824,841
490,234,829,847
490,235,831,20
490,240,834,80
490,264,842,356
490,271,845,465
490,291,846,470
490,301,847,496
490,306,848,512
490,309,849,568
490,315,852,588
490,356,NULL,610
490,360,6,617
490,365,10,622
490,366,14,630
490,370,20,657
490,377,26,743
490,407,69,795
490,458,75,846
490,465,78,98
490,470,80,143
490,472,98,264
490,473,127,301
490,476,132,377
490,480,134,458
490,496,153,473
490,498,202,501
490,499,264,545
490,501,291,551
490,504,309,601
490,505,315,616
490,508,356,667
490,509,458,202
490,512,465,271
490,520,470,498
490,525,472,567
490,528,473,633
490,539,476,819
490,540,496,828
490,545,498,837
490,549,499,839
490,551,501,849
490,553,505,6
490,554,508,26
490,559,509,78
490,567,539,606
490,568,545,776
490,573,549,777
490,588,551,778
490,592,553,820
490,593,601,823
490,597,610,NULL
490,601,622,44
490,606,632,132
490,610,649,315
490,612,771,360
490,616,812,505
490,617,44,520
490,622,223,540
490,630,225,559
490,632,234,829
490,633,235,69
490,649,240,223
490,657,365,225
490,662,366,476
490,667,377,549
490,682,407,811
490,703,480,842
490,708,512,224
490,743,528,554
490,763,554,790
490,771,592,831
490,775,606,2
490,776,662,291
490,777,708,370
490,778,763,592
490,790,820,703
490,795,828,708
490,809,836,824
490,811,839,845
490,812,840,75
490,815,843,10
490,816,2,144
490,819,143,480
490,820,306,504
490,821,370,632
490,823,520,763
490,824,525,14
490,828,540,134
490,829,559,153
490,831,567,649
490,834,588,407
490,835,224,539
490,836,271,551
490,837,301,662
490,839,360,667
490,840,593,234
490,841,144,525
490,842,504,836
490,843,597,771
490,845,841,597
490,846,568,622
490,847,593,633
490,848,597,776
490,849,601,816
490,852,606,812
491,NULL,610,815
491,2,612,816
491,6,613,848
491,7,617,NULL
491,10,633,77
491,20,662,80
491,26,703,127
491,69,708,135
491,77,759,291
491,78,790,301
491,79,819,407
491,80,821,470
491,98,824,473
491,127,826,480
491,132,829,496
491,134,834,542
491,135,836,545
491,143,840,632
491,153,841,649
491,202,845,657
491,223,848,771
491,224,849,824
491,225,852,834
491,234,NULL,841
491,240,6,845
491,264,7,849
491,271,20,852
491,291,26,6
491,301,69,7
491,306,77,364
491,309,78,476
491,315,98,483
491,356,127,499
491,360,202,505
491,364,223,539
491,365,224,540
491,366,225,551
491,370,234,617
491,372,271,777
491,377,301,778
491,407,309,26
491,421,315,98
491,458,476,134
491,465,483,153
491,470,496,223
491,473,499,306
491,476,501,520
491,480,505,549
491,483,508,559
491,496,509,2
491,499,520,143
491,501,525,366
491,505,540,377
491,508,542,567
491,509,549,597
491,517,616,795
491,520,649,828
491,525,657,842
491,528,743,847
491,539,795,69
491,540,809,78
491,542,815,224
491,545,816,356
491,549,820,360
491,551,831,370
491,553,835,421
491,554,837,662
491,559,839,759
491,567,842,811
491,568,846,819
491,588,847,831
491,592,10,837
491,593,132,839
491,597,134,10
491,601,240,132
491,606,291,708
491,610,356,790
491,612,360,826
491,613,465,225
491,616,517,315
491,617,588,458
491,630,601,465
491,632,771,517
491,633,778,554
491,649,811,616
491,657,79,202
491,662,143,508
491,667,264,630
491,682,372,775
491,703,377,821
491,708,458,553
491,743,470,588
491,759,480,593
491,764,559,606
491,771,593,610
491,775,682,846
491,777,764,20
491,778,843,240
491,790,2,309
491,795,153,365
491,809,306,525
491,811,364,528
491,815,366,633
491,816,421,682
491,819,473,743
491,820,528,809
491,821,545,829
491,824,553,509
491,826,554,820
491,828,567,372
491,829,592,501
491,831,606,568
491,834,828,703
491,835,80,601
491,836,365,612
491,837,370,79
491,839,568,271
491,840,630,667
491,841,667,836
491,842,135,837
491,843,632,848
491,845,777,849
491,846,551,NULL
491,847,539,264
491,848,542,291
491,849,407,465
491,852,597,470
496,NULL,606,476
496,2,622,480
496,6,630,481
496,7,662,551
496,10,667,610
496,14,703,612
496,20,708,622
496,26,743,69
496,44,759,75
496,69,763,301
496,75,764,309
496,77,771,364
496,79,834,501
496,80,836,512
496,98,840,553
496,127,841,567
496,132,847,606
496,134,848,632
496,143,2,633
496,144,10,708
496,153,14,763
496,202,26,831
496,223,69,836
496,225,77,839
496,234,80,840
496,235,98,845
496,290,223,6
496,291,225,7
496,301,235,44
496,306,315,77
496,309,356,80
496,315,364,98
496,356,366,134
496,359,509,202
496,360,534,225
496,364,610,315
496,366,633,356
496,370,682,490
496,372,775,491
496,377,776,504
496,407,811,824
496,421,812,828
496,458,852,841
496,470,7,847
496,473,44,NULL
496,476,75,26
496,480,79,372
496,481,127,470
496,490,134,508
496,491,143,509
496,501,202,520
496,504,234,525
496,505,359,545
496,508,370,703
496,509,470,846
496,512,473,20
496,517,491,306
496,520,504,473
496,525,512,505
496,534,567,821
496,539,819,843
496,540,821,852
496,545,824,2
496,551,829,127
496,553,831,235
496,554,835,539
496,559,842,616
496,567,843,759
496,606,845,764
496,610,6,811
496,612,20,848
496,613,481,234
496,616,505,743
496,622,517,771
496,630,525,842
496,632,554,10
496,633,559,132
496,662,777,223
496,667,778,559
496,682,790,776
496,703,795,143
496,708,828,144
496,743,839,366
496,759,846,458
496,763,291,777
496,764,301,790
496,771,306,795
496,775,309,153
496,776,372,290
496,777,377,291
496,778,476,370
496,790,480,407
496,795,501,834
496,811,520,359
496,812,545,377
496,819,144,540
496,821,508,554
496,824,539,682
496,828,612,14
496,829,632,662
496,831,153,534
496,834,360,559
496,835,421,622
496,836,490,630
496,839,540,829
496,840,616,846
496,841,NULL,667
496,842,132,703
496,843,134,759
496,845,290,795
496,846,458,819
496,847,553,831
496,848,551,812
496,852,554,821
498,NULL,559,823
498,2,567,826
498,7,588,841
498,10,592,845
498,14,601,2
498,20,606,153
498,26,612,301
498,44,616,309
498,69,622,316
498,75,632,508
498,80,657,520
498,98,662,542
498,127,708,592
498,134,776,601
498,143,795,616
498,153,809,777
498,202,811,812
498,225,812,837
498,235,816,843
498,240,819,847
498,290,820,127
498,291,821,134
498,301,823,202
498,306,824,465
498,309,828,539
498,316,834,545
498,465,837,551
498,470,841,588
498,473,842,597
498,483,847,630
498,490,2,657
498,501,10,776
498,508,309,790
498,512,316,809
498,517,630,771
498,520,682,824
498,525,771,834
498,539,826,44
498,540,840,69
498,542,843,291
498,545,845,470
498,549,NULL,501
498,551,26,540
498,553,44,632
498,559,69,840
498,567,75,10
498,568,98,290
498,588,143,483
498,592,202,708
498,593,225,842
498,597,290,14
498,601,291,75
498,606,301,512
498,612,470,559
498,616,525,567
498,622,539,821
498,630,542,225
498,632,549,240
498,633,593,490
498,649,778,622
498,657,790,819
498,662,839,828
498,682,7,839
498,708,14,143
498,771,235,306
498,776,465,606
498,777,517,633
498,778,545,682
498,790,551,820
498,795,553,235
498,809,597,473
498,811,649,525
498,812,777,549
498,816,80,98
498,819,127,593
498,820,240,26
498,821,306,80
498,823,473,553
498,824,490,795
498,826,540,2
498,828,633,568
498,834,20,649
498,837,134,7
498,839,153,20
498,840,483,44
498,841,490,662
498,842,520,682
498,843,501,816
498,845,540,612
498,847,542,616
499,NULL,545,657
499,2,551,708
499,6,554,775
499,7,559,778
499,10,567,819
499,14,570,836
499,26,573,6
499,44,588,77
499,69,593,144
499,75,597,202
499,77,606,370
499,78,610,475
499,80,616,480
499,98,617,567
499,127,622,573
499,132,649,588
499,143,662,613
499,144,667,617
499,202,703,816
499,223,708,837
499,225,743,842
499,235,759,846
499,240,771,848
499,264,775,7
499,290,790,225
499,291,795,240
499,301,809,290
499,306,811,365
499,309,812,366
499,316,816,525
499,356,820,528
499,364,821,542
499,365,823,554
499,366,824,559
499,370,828,568
499,372,839,570
499,377,846,592
499,407,848,610
499,465,852,622
499,470,14,632
499,473,26,649
499,475,44,667
499,476,69,682
499,480,77,703
499,481,78,743
499,483,80,824
499,490,98,839
499,491,127,852
499,520,132,26
499,525,143,75
499,528,264,78
499,539,301,80
499,540,306,223
499,542,309,356
499,545,316,520
499,549,356,540
499,551,364,589
499,553,370,601
499,554,372,826
499,559,377,841
499,567,475,845
499,568,481,2
499,570,542,44
499,573,553,127
499,588,601,143
499,589,632,316
499,592,777,476
499,593,778,481
499,597,819,490
499,601,831,545
499,606,841,593
499,610,842,662
499,612,144,771
499,613,225,847
499,616,290,69
499,617,365,539
499,622,470,606
499,632,476,777
499,633,480,790
499,649,525,821
499,657,528,828
499,662,540,831
499,667,568,98
499,682,592,301
499,703,776,372
499,708,829,377
499,743,834,473
499,759,843,597
499,771,845,612
499,775,849,823
499,776,6,829
499,777,7,843
499,778,10,132
499,790,235,465
499,795,240,776
499,809,291,820
499,811,465,10
499,812,520,235
499,816,539,309
499,819,549,364
499,820,589,470
499,821,612,491
499,823,657,809
499,824,682,812
499,826,836,306
499,828,837,483
499,829,847,616
499,831,2,291
499,834,75,795
499,836,202,811
499,837,223,823
499,839,366,849
499,840,490,549
499,841,491,633
499,842,633,777
499,843,826,809
499,845,473,834
499,846,840,848
499,847,NULL,849
499,848,2,553
499,849,483,NULL
499,852,490,551
501,NULL,491,567
501,2,498,568
501,6,512,588
501,10,520,667
501,14,525,816
501,26,542,841
501,44,549,845
501,69,551,846
501,77,553,847
501,78,554,6
501,79,568,480
501,80,588,491
501,98,592,498
501,127,593,528
501,132,601,542
501,134,606,549
501,144,612,597
501,153,616,14
501,202,622,26
501,223,630,44
501,235,777,69
501,240,790,98
501,271,809,316
501,290,821,356
501,291,823,464
501,301,828,468
501,306,829,470
501,309,831,472
501,315,834,481
501,316,835,551
501,356,836,573
501,364,837,632
501,365,839,682
501,366,841,775
501,370,842,776
501,372,843,778
501,377,847,795
501,407,849,80
501,464,852,127
501,465,NULL,132
501,468,77,235
501,470,78,306
501,472,79,370
501,473,98,465
501,476,134,525
501,480,144,545
501,481,153,553
501,483,202,616
501,490,235,633
501,491,240,777
501,496,291,812
501,498,301,820
501,512,306,829
501,520,309,831
501,525,315,835
501,528,316,837
501,542,356,843
501,545,366,852
501,549,372,2
501,551,464,77
501,553,468,78
501,554,480,290
501,567,545,365
501,568,632,372
501,573,667,377
501,588,743,473
501,592,759,809
501,593,764,828
501,597,795,848
501,601,812,849
501,606,816,134
501,610,819,476
501,612,846,520
501,616,848,811
501,622,6,839
501,630,69,10
501,632,223,79
501,633,271,240
501,667,365,301
501,682,377,309
501,703,465,366
501,708,470,490
501,743,472,593
501,759,481,612
501,764,483,823
501,775,496,842
501,776,610,496
501,777,682,512
501,778,703,606
501,790,708,630
501,795,815,144
501,809,820,592
501,811,845,610
501,812,2,708
501,815,10,759
501,816,44,153
501,819,290,407
501,820,370,622
501,821,476,703
501,823,528,790
501,828,573,821
501,829,597,834
501,831,776,NULL
501,834,778,601
501,835,127,315
501,836,132,223
501,837,364,271
501,839,473,364
501,841,633,202
501,842,490,291
501,843,14,554
501,845,567,682
501,846,811,708
501,847,80,743
501,848,26,759
501,849,44,836
501,852,69,815
504,NULL,75,828
504,6,77,836
504,7,98,837
504,10,144,848
504,20,202,6
504,26,225,10
504,44,234,364
504,69,240,372
504,75,290,481
504,77,301,496
504,98,356,534
504,127,364,630
504,132,372,633
504,134,470,703
504,143,476,795
504,144,483,820
504,153,525,824
504,202,528,839
504,223,534,843
504,224,554,26
504,225,559,44
504,234,708,365
504,235,771,464
504,240,775,475
504,271,776,480
504,290,795,542
504,291,811,554
504,301,821,567
504,306,828,606
504,309,829,610
504,315,831,667
504,316,836,809
504,356,837,811
504,360,839,815
504,364,842,819
504,365,843,821
504,366,846,831
504,372,847,834
504,377,848,852
504,407,7,235
504,464,20,290
504,465,26,291
504,470,127,483
504,473,132,490
504,475,134,520
504,476,143,539
504,480,153,708
504,481,223,776
504,483,224,849
504,490,271,20
504,496,306,69
504,509,316,75
504,520,360,223
504,525,377,234
504,528,407,573
504,534,464,841
504,539,473,7
504,542,509,127
504,549,542,132
504,554,573,202
504,559,588,309
504,567,612,316
504,573,616,559
504,588,630,593
504,592,667,764
504,593,759,771
504,597,777,816
504,601,778,842
504,606,809,NULL
504,610,812,77
504,612,815,98
504,616,816,224
504,630,819,271
504,632,820,306
504,633,824,315
504,657,834,366
504,667,841,465
504,682,849,470
504,703,852,473
504,708,NULL,829
504,743,309,225
504,759,315,240
504,764,365,525
504,771,366,588
504,775,475,682
504,776,480,840
504,777,481,846
504,778,490,632
504,790,567,812
504,795,597,134
504,809,610,143
504,811,632,356
504,812,633,601
504,815,657,616
504,816,682,847
504,819,703,377
504,820,835,301
504,821,6,597
504,824,44,790
504,828,235,144
504,829,291,759
504,831,465,360
504,834,496,476
504,835,539,657
504,836,606,703
504,837,10,777
504,839,593,153
504,840,790,224
504,841,69,775
504,842,549,528
504,843,601,549
504,846,520,743
504,847,525,778
504,848,528,816
504,849,743,612
504,852,771,633
505,NULL,775,682
505,2,776,777
505,6,777,809
505,7,778,815
505,10,790,820
505,14,795,835
505,20,809,837
505,26,820,7
505,44,821,235
505,69,824,240
505,75,826,306
505,77,836,315
505,78,839,364
505,79,840,372
505,80,841,377
505,127,843,468
505,132,848,470
505,134,849,473
505,143,6,475
505,144,20,480
505,153,80,483
505,202,132,496
505,223,134,540
505,224,143,567
505,225,144,568
505,235,153,573
505,240,202,593
505,290,224,601
505,291,235,649
505,306,240,667
505,309,290,764
505,315,306,771
505,316,309,775
505,356,364,778
505,359,468,823
505,360,472,828
505,364,473,836
505,365,475,841
505,366,481,843
505,370,490,845
505,372,496,846
505,377,512,2
505,465,540,14
505,468,549,44
505,470,551,75
505,472,553,78
505,473,554,202
505,475,559,225
505,480,568,291
505,481,588,542
505,483,593,589
505,490,597,622
505,491,606,633
505,496,610,703
505,512,612,708
505,520,622,743
505,525,630,759
505,540,662,795
505,542,667,821
505,545,682,829
505,549,708,831
505,551,743,153
505,553,771,223
505,554,811,224
505,559,812,316
505,567,819,554
505,568,823,606
505,570,828,657
505,573,835,776
505,588,837,849
505,589,842,6
505,591,846,69
505,592,852,80
505,593,NULL,359
505,597,2,360
505,601,10,365
505,606,14,366
505,610,26,370
505,612,69,465
505,616,77,481
505,617,127,848
505,622,315,852
505,630,316,NULL
505,632,356,132
505,633,360,309
505,649,377,592
505,657,465,842
505,662,470,10
505,667,491,20
505,682,520,77
505,703,542,134
505,708,567,356
505,743,573,490
505,759,834,512
505,764,7,591
505,771,44,811
505,775,75,290
505,776,78,520
505,777,291,525
505,778,365,545
505,790,366,839
505,795,483,549
505,809,589,551
505,811,831,816
505,812,845,144
505,815,223,632
505,816,225,824
505,819,370,127
505,820,372,662
505,821,480,826
505,823,649,472
505,824,657,834
505,826,592,616
505,828,616,812
505,829,633,612
505,831,703,143
505,834,359,588
505,835,591,630
505,836,632,491
505,837,79,520
505,839,601,553
505,840,525,554
505,841,617,610
505,842,759,630
505,843,764,703
505,845,771,708
505,846,816,776
505,848,545,559
505,849,549,790
505,852,551,795
508,NULL,554,812
508,10,568,828
508,26,591,134
508,44,592,316
508,69,597,356
508,75,606,364
508,77,610,365
508,78,612,370
508,79,630,465
508,80,662,468
508,98,667,472
508,132,682,475
508,134,703,480
508,143,708,496
508,235,778,498
508,240,795,512
508,271,816,597
508,290,848,776
508,291,849,820
508,301,852,846
508,306,NULL,848
508,309,10,849
508,315,44,10
508,316,69,26
508,356,75,80
508,359,309,528
508,364,356,545
508,365,370,549
508,366,465,554
508,370,468,573
508,372,470,589
508,377,480,606
508,465,481,613
508,468,540,649
508,470,542,657
508,472,549,775
508,473,553,778
508,475,567,790
508,480,632,819
508,481,633,301
508,483,764,540
508,490,771,553
508,491,790,559
508,496,819,567
508,498,820,593
508,512,235,667
508,517,372,759
508,520,475,815
508,525,496,69
508,528,545,291
508,534,573,306
508,539,589,372
508,540,613,491
508,542,617,534
508,545,657,816
508,549,743,852
508,551,759,NULL
508,553,815,75
508,554,821,77
508,559,828,132
508,567,846,309
508,568,79,473
508,573,134,481
508,588,240,632
508,589,290,708
508,591,377,743
508,592,473,811
508,593,483,271
508,597,490,315
508,606,498,470
508,610,512,633
508,612,520,823
508,613,525,98
508,617,534,143
508,622,559,588
508,630,588,235
508,632,593,622
508,633,622,78
508,649,776,520
508,657,809,525
508,662,811,568
508,667,812,612
508,682,823,795
508,703,26,377
508,708,78,551
508,743,315,617
508,759,364,290
508,764,366,682
508,771,472,240
508,775,77,592
508,776,98,630
508,778,132,662
508,790,271,764
508,795,291,809
508,809,301,44
508,811,306,517
508,812,80,591
508,815,316,703
508,816,365,821
508,819,491,366
508,820,551,372
508,821,775,483
508,823,359,771
508,828,528,490
508,846,534,610
508,848,549,542
508,849,551,610
508,852,559,667
509,NULL,567,824
509,2,568,831
509,6,570,839
509,7,589,847
509,10,593,75
509,20,597,225
509,44,601,377
509,69,606,470
509,75,610,480
509,77,612,540
509,78,622,551
509,79,839,588
509,80,840,820
509,98,842,834
509,127,845,849
509,132,849,7
509,135,2,240
509,143,75,464
509,153,98,491
509,202,135,520
509,224,202,592
509,225,290,610
509,240,291,649
509,290,306,821
509,291,359,823
509,306,364,841
509,316,551,843
509,356,554,153
509,359,592,291
509,364,649,306
509,366,831,465
509,372,841,481
509,377,NULL,490
509,407,10,496
509,458,78,559
509,464,79,601
509,465,80,633
509,470,132,842
509,473,153,69
509,475,224,98
509,476,225,132
509,480,240,143
509,481,356,202
509,483,372,504
509,490,377,567
509,491,407,612
509,496,458,NULL
509,504,464,6
509,520,476,44
509,525,480,78
509,540,481,127
509,542,504,316
509,549,525,372
509,551,540,476
509,553,573,356
509,554,633,364
509,559,821,525
509,567,847,622
509,568,6,224
509,570,44,542
509,573,143,606
509,588,316,290
509,589,366,593
509,592,490,846
509,593,491,473
509,597,520,845
509,601,549,475
509,606,559,589
509,610,823,597
509,612,127,359
509,622,475,10
509,633,834,80
509,649,69,2
509,820,77,554
509,821,465,573
509,823,470,77
509,824,496,80
509,831,820,366
509,834,473,483
509,839,542,549
509,840,588,553
509,841,824,20
509,842,846,98
509,843,7,127
509,845,20,202
509,846,69,356
509,847,75,372
509,849,553,407
512,NULL,568,481
512,2,573,505
512,6,588,591
512,7,591,612
512,14,606,763
512,20,610,771
512,26,616,847
512,44,617,132
512,69,630,306
512,75,657,315
512,77,662,360
512,78,667,365
512,79,703,464
512,80,708,475
512,98,763,496
512,127,764,589
512,132,771,616
512,134,775,622
512,135,778,630
512,143,811,834
512,153,816,846
512,202,819,2
512,223,823,7
512,224,824,69
512,225,828,75
512,235,829,78
512,240,831,143
512,264,847,316
512,271,849,370
512,290,852,372
512,291,NULL,476
512,301,6,501
512,306,20,525
512,309,26,528
512,315,69,542
512,316,75,610
512,356,78,617
512,359,315,667
512,360,366,708
512,364,370,743
512,365,372,777
512,366,464,790
512,370,465,809
512,372,476,811
512,377,481,828
512,421,496,841
512,458,520,80
512,464,525,134
512,465,528,225
512,470,534,264
512,472,551,290
512,473,567,309
512,475,612,356
512,476,622,473
512,481,743,520
512,490,776,545
512,496,790,633
512,498,795,662
512,501,812,759
512,505,820,778
512,508,821,795
512,520,834,819
512,525,839,824
512,528,842,839
512,534,848,842
512,539,2,79
512,542,14,271
512,545,98,291
512,551,132,301
512,553,134,490
512,554,135,606
512,567,143,NULL
512,568,153,127
512,573,223,240
512,588,224,364
512,589,264,366
512,591,309,573
512,593,377,588
512,606,421,776
512,610,472,820
512,612,473,44
512,616,539,458
512,617,542,568
512,622,553,682
512,630,759,812
512,632,826,823
512,633,841,98
512,657,44,377
512,662,79,539
512,667,202,554
512,682,225,821
512,703,291,831
512,708,306,20
512,743,364,26
512,759,365,153
512,763,470,235
512,764,589,816
512,771,632,77
512,775,633,508
512,776,809,593
512,777,846,764
512,778,77,6
512,790,80,472
512,795,235,826
512,809,271,836
512,811,301,848
512,812,356,632
512,816,360,224
512,819,490,567
512,820,498,682
512,821,501,852
512,823,554,135
512,824,593,202
512,826,127,498
512,828,240,703
512,829,316,223
512,831,475,553
512,834,505,657
512,836,545,465
512,839,7,534
512,841,458,568
512,842,682,606
512,846,777,829
512,847,811,470
512,848,823,473
512,849,290,505
512,852,315,525
517,NULL,356,573
517,78,365,622
517,290,372,649
517,301,421,777
517,306,491,824
517,315,496,836
517,356,508,849
517,364,573,370
517,365,630,372
517,370,633,475
517,372,649,520
517,421,777,633
517,475,790,743
517,480,811,771
517,491,824,775
517,496,836,290
517,498,290,301
517,508,364,315
517,520,370,496
517,573,622,759
517,616,743,78
517,622,763,795
517,630,771,811
517,632,795,480
517,633,849,491
517,649,301,498
517,662,306,834
517,743,475,356
517,759,520,306
517,763,632,315
517,771,662,365
517,775,834,475
517,777,498,630
517,790,759,834
517,795,78,364
517,811,NULL,508
517,824,315,771
517,834,356,811
517,836,372,849
517,849,475,306
520,10,480,315
520,14,481,360
520,26,490,365
520,44,498,508
520,69,499,601
520,75,504,612
520,77,505,622
520,78,508,632
520,79,512,667
520,80,549,703
520,98,553,708
520,127,589,778
520,132,593,809
520,134,597,849
520,135,612,10
520,143,613,224
520,144,617,225
520,202,632,301
520,223,649,366
520,224,657,458
520,225,662,480
520,234,776,481
520,235,811,490
520,264,815,491
520,271,819,501
520,290,834,505
520,301,837,597
520,306,839,649
520,309,842,759
520,315,843,777
520,316,845,821
520,356,846,823
520,359,26,290
520,360,75,309
520,364,77,472
520,365,78,499
520,366,79,509
520,370,80,682
520,372,98,776
520,407,202,14
520,421,235,80
520,458,491,135
520,464,545,144
520,465,763,235
520,470,771,465
520,472,775,846
520,473,778,77
520,475,812,79
520,476,824,202
520,480,829,743
520,481,831,829
520,490,836,842
520,491,841,843
520,496,852,847
520,498,14,134
520,499,44,264
520,501,69,364
520,504,144,549
520,505,224,553
520,508,316,617
520,509,359,593
520,512,360,775
520,517,421,834
520,545,465,845
520,549,473,26
520,553,475,132
520,589,476,610
520,593,501,819
520,597,509,839
520,601,610,841
520,610,682,78
520,612,703,306
520,613,10,356
520,617,132,815
520,622,134,837
520,632,225,852
520,649,271,316
520,657,315,370
520,662,356,517
520,667,366,589
520,682,458,475
520,703,470,496
520,708,496,504
520,743,517,824
520,759,622,98
520,763,777,470
520,771,821,848
520,775,127,473
520,776,135,75
520,777,264,223
520,778,301,771
520,809,309,828
520,811,365,69
520,812,372,127
520,815,407,545
520,819,464,763
520,821,601,811
520,823,667,44
520,824,847,498
520,828,848,836
520,829,849,271
520,831,143,512
520,834,223,553
520,836,290,601
520,837,472,812
520,839,809,359
520,841,823,372
520,842,234,464
520,843,306,662
520,845,364,476
520,846,370,480
520,847,708,499
520,848,759,831
520,849,777,657
520,852,743,809
525,2,763,812
525,7,764,816
525,10,771,831
525,14,775,69
525,20,776,234
525,26,823,264
525,69,829,309
525,75,831,356
525,77,839,472
525,78,7,476
525,79,472,589
525,80,473,622
525,98,475,630
525,127,480,667
525,132,490,743
525,134,496,759
525,135,545,778
525,143,567,828
525,144,568,837
525,153,573,849
525,202,589,7
525,223,591,14
525,225,606,79
525,234,617,316
525,235,790,360
525,240,809,364
525,264,811,366
525,271,821,372
525,290,837,465
525,291,840,480
525,301,841,498
525,306,842,499
525,309,843,567
525,315,845,606
525,316,846,616
525,356,847,657
525,359,144,662
525,360,225,682
525,364,234,775
525,365,235,776
525,366,240,819
525,370,264,20
525,372,301,26
525,377,306,75
525,421,309,235
525,458,483,610
525,464,549,708
525,465,551,763
525,468,834,820
525,472,852,823
525,473,2,824
525,475,10,834
525,476,14,835
525,480,20,843
525,481,26,848
525,483,98,852
525,490,127,240
525,491,132,291
525,496,202,301
525,498,291,545
525,499,316,551
525,501,356,821
525,504,360,839
525,505,364,846
525,508,366,481
525,509,464,845
525,512,476,77
525,545,491,377
525,549,498,483
525,551,508,490
525,554,610,508
525,559,616,591
525,567,622,809
525,568,682,10
525,573,703,134
525,589,708,144
525,591,743,777
525,606,778,840
525,610,828,841
525,613,134,475
525,616,271,491
525,617,370,847
525,622,372,78
525,630,377,127
525,632,458,649
525,649,465,815
525,657,481,132
525,662,499,225
525,667,505,315
525,682,559,365
525,703,630,370
525,708,824,573
525,743,835,632
525,759,848,829
525,763,69,842
525,764,80,271
525,771,223,473
525,775,290,559
525,776,315,202
525,777,359,505
525,778,501,306
525,790,512,464
525,809,554,512
525,811,667,568
525,812,759,811
525,815,75,554
525,816,78,703
525,819,135,790
525,820,365,2
525,821,509,98
525,823,662,359
525,824,777,465
525,828,820,468
525,829,504,496
525,831,649,771
525,834,812,80
525,835,77,504
525,837,143,591
525,839,421,10
525,840,632,153
525,841,153,135
525,842,849,501
525,843,468,290
525,845,475,291
525,846,657,223
525,847,662,240
525,848,682,306
525,849,703,549
525,852,708,554
528,2,764,601
528,6,776,622
528,7,777,682
528,10,778,759
528,14,790,771
528,20,795,777
528,26,7,14
528,44,10,234
528,69,127,377
528,75,240,551
528,77,306,554
528,78,309,591
528,79,407,834
528,80,464,843
528,98,465,848
528,127,475,6
528,132,476,10
528,134,480,75
528,143,490,240
528,153,512,290
528,202,551,306
528,223,589,360
528,225,610,465
528,234,809,476
528,235,820,499
528,240,821,504
528,264,823,567
528,271,824,764
528,290,836,77
528,291,837,223
528,301,839,225
528,306,841,235
528,309,845,316
528,315,847,366
528,316,848,542
528,356,849,597
528,359,593,612
528,360,597,127
528,364,601,309
528,365,606,490
528,366,617,508
528,370,630,549
528,372,657,593
528,377,662,630
528,407,682,840
528,464,811,847
528,465,816,44
528,470,829,69
528,473,843,364
528,475,852,365
528,476,2,370
528,480,69,407
528,481,75,573
528,490,78,606
528,491,153,617
528,499,290,809
528,501,315,811
528,504,316,821
528,508,359,26
528,512,364,80
528,540,365,134
528,542,366,264
528,545,370,464
528,549,377,633
528,551,573,662
528,553,708,790
528,554,743,819
528,559,771,842
528,567,828,20
528,568,835,202
528,573,842,271
528,589,6,372
528,591,14,470
528,593,20,708
528,597,26,849
528,601,98,473
528,606,132,480
528,610,134,545
528,612,223,649
528,617,225,743
528,622,264,820
528,630,271,845
528,633,356,2
528,649,360,491
528,657,372,816
528,662,473,852
528,682,501,98
528,703,504,132
528,708,549,481
528,743,554,589
528,759,559,776
528,764,568,778
528,771,612,823
528,776,622,824
528,777,703,837
528,778,759,839
528,790,834,78
528,795,44,291
528,809,80,356
528,811,235,512
528,816,291,540
528,819,508,568
528,820,542,795
528,821,553,501
528,823,840,7
528,824,202,20
528,828,301,315
528,829,470,301
528,834,491,841
528,835,540,153
528,836,819,610
528,837,234,776
528,839,481,790
528,840,499,559
528,841,649,573
528,842,79,703
528,843,591,790
528,845,633,823
528,847,77,475
528,848,78,481
528,849,567,491
528,852,545,612
534,NULL,593,616
534,2,606,790
534,6,612,815
534,7,622,820
534,10,649,829
534,14,667,846
534,20,682,264
534,26,708,366
534,69,743,464
534,75,759,496
534,77,777,567
534,78,795,568
534,80,811,606
534,98,815,667
534,143,819,837
534,144,820,839
534,153,823,840
534,202,826,843
534,223,829,848
534,224,831,7
534,225,836,10
534,240,837,153
534,264,848,483
534,290,2,612
534,291,6,633
534,301,7,662
534,306,10,811
534,309,14,836
534,316,20,847
534,356,26,75
534,360,77,291
534,364,78,465
534,365,98,504
534,366,144,597
534,370,153,622
534,372,224,703
534,377,225,708
534,407,290,2
534,458,496,225
534,464,821,301
534,465,828,309
534,468,75,364
534,470,143,682
534,473,202,759
534,481,240,828
534,483,264,NULL
534,496,301,14
534,504,356,26
534,508,372,80
534,512,377,223
534,542,470,306
534,554,504,356
534,559,508,377
534,567,573,508
534,568,633,771
534,570,790,6
534,573,NULL,20
534,593,69,144
534,597,80,202
534,601,309,240
534,606,316,559
534,610,365,593
534,612,468,831
534,616,542,290
534,617,601,360
534,622,657,481
534,633,842,570
534,649,291,823
534,657,366,826
534,662,370,69
534,667,464,78
534,682,465,143
534,703,481,224
534,708,554,365
534,743,559,372
534,759,567,470
534,771,597,778
534,777,616,821
534,778,662,77
534,790,703,98
534,795,771,316
534,811,840,458
534,815,852,465
534,816,223,512
534,819,306,573
534,820,360,842
534,821,364,370
534,823,483,372
534,826,610,852
534,828,778,649
534,829,839,841
534,831,846,468
534,836,407,496
534,837,847,473
534,839,512,481
534,840,458,795
534,841,843,816
534,842,473,601
534,843,481,610
534,846,841,777
534,847,846,795
534,848,852,820
534,852,NULL,7
539,NULL,20,223
539,2,44,235
539,6,78,301
539,7,80,309
539,10,153,316
539,14,202,364
539,20,223,366
539,26,235,370
539,44,240,468
539,69,264,476
539,77,315,480
539,78,370,491
539,79,473,512
539,80,475,570
539,98,476,597
539,134,481,630
539,143,491,649
539,153,498,657
539,202,553,823
539,223,597,79
539,224,601,134
539,234,795,377
539,235,821,551
539,240,823,559
539,264,849,588
539,271,6,795
539,291,10,815
539,301,14,824
539,306,26,847
539,309,69,6
539,315,77,44
539,316,98,69
539,360,224,472
539,364,271,473
539,365,301,567
539,366,306,601
539,370,464,633
539,372,468,828
539,377,490,NULL
539,458,512,78
539,464,551,80
539,465,554,240
539,468,829,291
539,470,842,315
539,472,847,490
539,473,NULL,496
539,475,2,610
539,476,7,622
539,480,143,662
539,481,234,820
539,490,291,835
539,491,309,842
539,496,360,7
539,498,470,143
539,499,480,306
539,504,496,360
539,508,559,470
539,512,567,554
539,551,606,809
539,553,616,826
539,554,622,839
539,559,633,849
539,567,667,98
539,568,820,264
539,570,837,365
539,588,839,372
539,589,840,2
539,597,843,26
539,601,134,224
539,606,364,475
539,610,465,481
539,612,472,682
539,616,499,840
539,617,610,843
539,622,662,498
539,630,703,819
539,633,826,10
539,649,828,202
539,657,835,77
539,662,836,499
539,667,845,617
539,682,316,829
539,703,365,837
539,708,366,841
539,743,504,20
539,759,508,553
539,795,570,568
539,809,630,743
539,815,649,831
539,816,743,465
539,819,759,612
539,820,809,703
539,821,815,836
539,823,816,845
539,824,841,606
539,826,372,821
539,828,377,667
539,829,612,708
539,831,657,504
539,835,682,616
539,836,708,759
539,837,824,153
539,839,842,458
539,840,79,464
539,841,98,470
539,842,458,480
539,843,464,14
539,845,588,26
539,847,831,69
539,849,845,80
540,NULL,77,240
540,2,78,316
540,6,80,366
540,7,132,472
540,10,223,480
540,14,224,481
540,20,225,498
540,26,240,508
540,44,264,549
540,69,290,551
540,75,291,592
540,77,364,612
540,78,372,667
540,80,407,795
540,98,473,812
540,127,483,821
540,132,491,829
540,134,498,840
540,144,549,846
540,153,551,291
540,223,592,356
540,224,606,473
540,225,613,475
540,235,617,568
540,240,667,589
540,264,764,593
540,290,775,75
540,291,812,499
540,301,824,616
540,306,826,622
540,309,836,811
540,316,837,815
540,356,839,819
540,364,843,826
540,365,845,831
540,366,847,837
540,370,849,847
540,372,852,848
540,377,2,44
540,407,14,306
540,464,26,309
540,465,44,365
540,468,98,370
540,470,134,491
540,472,144,601
540,473,235,809
540,475,309,841
540,476,365,842
540,480,366,845
540,481,377,849
540,483,464,7
540,490,465,80
540,491,470,134
540,496,476,144
540,498,490,553
540,499,528,606
540,505,553,759
540,508,568,764
540,509,573,10
540,528,589,77
540,549,601,78
540,551,610,509
540,553,662,528
540,559,682,771
540,567,759,843
540,568,771,490
540,573,795,682
540,588,809,743
540,589,816,852
540,592,831,127
540,593,841,153
540,601,846,223
540,606,20,224
540,610,75,301
540,612,301,468
540,613,496,491
540,616,559,836
540,617,612,20
540,622,632,377
540,632,703,465
540,633,828,505
540,649,835,820
540,662,840,6
540,667,6,14
540,682,10,225
540,703,69,470
540,708,153,777
540,743,370,778
540,759,475,790
540,764,480,364
540,771,481,496
540,775,499,588
540,776,505,703
540,777,567,776
540,778,588,69
540,790,593,132
540,795,622,264
540,809,633,464
540,811,708,473
540,812,743,559
540,815,776,708
540,816,777,610
540,819,790,662
540,820,811,835
540,821,829,NULL
540,824,7,26
540,826,316,235
540,828,356,476
540,829,848,98
540,831,127,573
540,835,649,372
540,836,815,407
540,837,820,649
540,839,NULL,662
540,840,306,824
540,841,472,839
540,842,778,632
540,843,821,776
540,845,842,777
540,846,847,816
540,847,849,828
540,848,6,290
540,849,7,567
540,852,10,617
542,2,132,630
542,6,134,633
542,10,135,778
542,14,153,795
542,26,291,407
542,44,301,465
542,69,309,472
542,98,481,504
542,127,498,601
542,132,504,775
542,134,505,790
542,135,549,816
542,144,573,819
542,153,588,831
542,224,592,843
542,225,616,69
542,234,764,528
542,235,795,570
542,240,816,573
542,264,819,589
542,271,831,777
542,290,839,840
542,291,841,846
542,301,843,852
542,306,846,6
542,309,847,26
542,315,848,134
542,316,852,271
542,356,2,290
542,364,6,366
542,365,14,606
542,366,26,610
542,370,44,703
542,372,69,708
542,407,235,291
542,464,240,315
542,465,264,470
542,470,271,501
542,472,290,508
542,473,364,509
542,481,366,534
542,483,465,588
542,491,473,592
542,498,483,612
542,499,491,613
542,501,512,616
542,504,528,764
542,505,554,771
542,508,589,821
542,509,593,44
542,512,610,132
542,528,617,235
542,534,633,316
542,549,662,464
542,554,667,473
542,567,776,498
542,568,777,505
542,570,809,828
542,573,826,834
542,588,835,127
542,589,849,225
542,592,98,365
542,593,127,617
542,601,144,622
542,606,224,632
542,610,225,649
542,612,356,144
542,613,499,356
542,616,534,483
542,617,682,491
542,622,708,568
542,630,778,682
542,632,790,835
542,633,823,839
542,649,834,848
542,657,840,224
542,662,10,264
542,667,306,364
542,682,472,370
542,703,508,815
542,708,568,820
542,743,601,847
542,759,606,301
542,764,612,306
542,771,759,512
542,775,234,593
542,776,365,662
542,777,370,667
542,778,372,743
542,790,470,776
542,795,632,823
542,809,703,10
542,815,771,240
542,816,828,372
542,819,315,549
542,820,316,826
542,821,630,2
542,823,815,234
542,826,821,809
542,828,836,481
542,831,501,491
542,834,649,554
542,835,743,849
542,836,570,14
542,839,622,499
542,840,464,98
542,841,509,153
542,843,528,306
542,846,820,309
542,847,567,316
542,848,588,356
542,849,657,370
542,852,662,567
545,NULL,667,591
545,2,682,612
545,7,708,824
545,10,759,840
545,14,771,845
545,20,777,846
545,26,69,315
545,69,134,483
545,98,144,499
545,134,235,508
545,135,525,568
545,144,559,573
545,202,568,667
545,235,588,759
545,240,589,795
545,264,606,816
545,290,610,819
545,291,662,837
545,301,743,316
545,306,776,377
545,315,778,465
545,316,795,498
545,356,816,601
545,359,821,777
545,364,829,841
545,365,831,848
545,366,834,14
545,370,836,69
545,377,852,134
545,407,2,472
545,464,7,512
545,465,14,520
545,470,26,559
545,472,202,771
545,473,290,811
545,475,291,815
545,476,315,836
545,480,364,2
545,483,377,10
545,490,470,264
545,491,476,356
545,496,480,370
545,498,501,588
545,499,554,682
545,501,567,778
545,505,573,828
545,508,591,525
545,512,633,528
545,520,657,852
545,525,703,364
545,528,790,470
545,554,824,490
545,559,837,491
545,567,839,662
545,568,841,812
545,573,848,831
545,588,NULL,839
545,589,20,235
545,591,98,633
545,592,306,776
545,601,356,98
545,606,365,476
545,610,370,501
545,612,483,505
545,633,490,829
545,657,498,847
545,662,505,20
545,667,508,480
545,682,612,606
545,703,812,NULL
545,708,840,202
545,743,842,365
545,759,845,366
545,771,846,790
545,776,10,821
545,777,240,842
545,778,264,567
545,790,301,144
545,795,316,240
545,811,359,290
545,812,366,291
545,815,464,306
545,816,465,135
545,819,472,475
545,821,475,508
545,824,491,554
545,828,499,743
545,829,512,776
545,831,592,7
545,834,811,301
545,836,828,364
545,837,135,525
545,839,528,559
545,840,819,703
545,841,601,473
545,842,610,592
545,845,496,610
545,846,473,612
545,847,520,26
545,848,525,144
545,852,528,464
549,NULL,591,597
549,2,632,610
549,6,633,776
549,7,649,777
549,10,682,795
549,14,809,841
549,20,812,842
549,26,75,225
549,44,235,464
549,69,315,465
549,75,316,499
549,78,356,501
549,80,360,528
549,98,480,764
549,127,490,771
549,132,505,819
549,134,508,820
549,135,542,836
549,144,588,852
549,153,593,364
549,202,597,481
549,224,630,490
549,225,667,491
549,235,823,591
549,240,828,633
549,264,NULL,682
549,290,6,775
549,291,44,829
549,301,80,835
549,306,98,840
549,309,127,NULL
549,315,132,6
549,316,134,75
549,356,144,240
549,360,290,473
549,364,291,480
549,365,306,508
549,370,470,811
549,372,481,849
549,377,483,7
549,464,528,14
549,465,811,80
549,468,78,377
549,470,153,476
549,472,224,542
549,473,301,573
549,475,364,703
549,476,370,843
549,480,372,848
549,481,465,98
549,483,472,290
549,490,473,370
549,491,499,372
549,498,520,778
549,499,525,790
549,501,573,816
549,504,601,10
549,505,606,78
549,508,610,134
549,509,849,475
549,520,135,812
549,525,264,316
549,528,309,360
549,540,468,649
549,542,589,667
549,573,743,365
549,588,816,472
549,589,820,505
549,591,829,708
549,593,837,235
549,597,845,483
549,601,852,520
549,606,2,826
549,610,14,845
549,630,365,847
549,632,377,2
549,633,464,44
549,649,540,69
549,662,764,127
549,667,775,202
549,682,776,356
549,703,777,504
549,708,778,588
549,743,790,601
549,764,835,20
549,771,839,144
549,775,10,306
549,776,69,309
549,777,202,809
549,778,225,823
549,790,240,831
549,795,476,132
549,809,504,153
549,811,819,224
549,812,831,315
549,816,836,630
549,819,840,846
549,820,843,540
549,823,846,301
549,826,475,593
549,828,501,291
549,829,703,470
549,831,708,525
549,835,771,542
549,836,826,606
549,837,842,820
549,839,847,852
549,840,7,498
549,841,20,505
549,842,795,828
549,843,848,589
549,845,491,632
549,846,499,633
549,847,501,839
549,848,504,843
549,849,662,847
549,852,26,10
551,NULL,78,127
551,2,134,291
551,6,144,356
551,7,153,366
551,10,202,372
551,14,264,377
551,26,301,421
551,44,306,473
551,69,316,505
551,75,356,525
551,77,360,589
551,78,377,606
551,80,421,811
551,127,464,820
551,132,465,837
551,134,540,NULL
551,144,589,2
551,153,597,315
551,202,601,365
551,224,612,464
551,225,622,528
551,234,790,632
551,235,835,708
551,240,836,759
551,264,2,763
551,271,7,809
551,290,10,816
551,291,80,842
551,301,127,845
551,306,132,849
551,309,240,77
551,315,290,306
551,316,315,309
551,356,365,481
551,359,496,771
551,360,573,75
551,364,588,132
551,365,610,224
551,366,662,225
551,370,667,235
551,372,682,496
551,377,703,501
551,421,776,588
551,458,795,667
551,464,809,795
551,465,812,831
551,470,816,836
551,472,819,10
551,473,820,26
551,475,829,144
551,476,852,360
551,481,44,472
551,490,224,476
551,491,225,499
551,496,234,821
551,498,235,153
551,499,309,364
551,501,364,573
551,505,366,790
551,508,470,812
551,509,473,843
551,512,475,846
551,525,476,852
551,528,481,14
551,539,491,78
551,540,498,80
551,573,505,475
551,588,508,491
551,589,512,539
551,592,743,829
551,593,763,847
551,597,849,6
551,601,6,316
551,606,26,498
551,610,77,508
551,612,359,509
551,622,370,610
551,630,372,240
551,632,490,264
551,633,499,465
551,662,525,490
551,667,539,512
551,682,606,540
551,703,708,612
551,708,811,359
551,743,821,370
551,759,14,601
551,763,592,44
551,771,633,470
551,775,845,622
551,776,846,778
551,778,847,593
551,790,848,633
551,795,69,662
551,809,75,776
551,811,291,134
551,812,458,202
551,816,472,234
551,819,501,271
551,820,509,290
551,821,771,301
551,829,NULL,743
551,831,630,703
551,835,632,763
551,836,759,7
551,837,528,127
551,842,593,848
551,843,271,849
551,845,301,69
551,846,842,78
551,847,852,132
551,848,778,240
551,849,790,592
551,852,795,597
553,2,820,771
553,6,821,778
553,7,823,790
553,10,824,821
553,14,845,834
553,26,77,464
553,44,309,475
553,69,364,491
553,75,365,505
553,77,370,528
553,78,458,539
553,79,476,601
553,80,481,662
553,98,490,703
553,127,496,812
553,132,512,816
553,134,573,826
553,135,588,842
553,143,591,80
553,144,592,98
553,153,606,132
553,202,616,224
553,223,622,225
553,224,632,306
553,225,657,316
553,235,763,470
553,240,764,480
553,264,778,490
553,301,790,630
553,306,812,763
553,309,815,848
553,315,816,2
553,316,826,6
553,356,831,10
553,360,834,496
553,364,835,501
553,365,836,632
553,370,837,79
553,372,840,127
553,377,849,153
553,407,26,372
553,421,44,473
553,458,80,512
553,464,98,667
553,465,127,708
553,468,132,819
553,470,144,824
553,472,153,831
553,473,223,836
553,475,225,837
553,476,235,841
553,480,264,7
553,481,301,75
553,490,306,202
553,491,315,682
553,496,356,840
553,498,473,847
553,499,475,14
553,501,480,144
553,505,491,315
553,508,498,540
553,509,520,458
553,512,528,465
553,520,601,657
553,528,630,823
553,539,662,835
553,540,703,77
553,559,795,476
553,573,819,26
553,588,841,44
553,589,848,78
553,591,6,134
553,592,7,360
553,601,14,421
553,606,69,481
553,616,79,588
553,622,135,589
553,630,143,759
553,632,202,764
553,657,377,364
553,662,464,370
553,667,468,508
553,682,505,591
553,703,540,849
553,708,589,135
553,759,708,377
553,763,839,592
553,764,847,240
553,771,10,468
553,778,75,498
553,790,134,573
553,795,407,69
553,811,421,839
553,812,501,846
553,815,508,606
553,816,667,264
553,819,78,622
553,820,465,811
553,821,470,815
553,823,472,845
553,824,499,520
553,826,539,301
553,831,559,309
553,834,682,356
553,835,842,235
553,836,846,365
553,837,240,559
553,839,316,509
553,840,372,143
553,841,2,223
553,842,360,372
553,845,759,480
553,846,771,499
553,847,224,559
553,848,225,616
553,849,301,472
554,NULL,316,512
554,2,364,539
554,6,365,542
554,7,377,589
554,10,473,597
554,14,480,610
554,20,481,708
554,26,491,743
554,44,499,771
554,69,501,775
554,75,505,778
554,77,508,811
554,78,509,20
554,80,525,291
554,98,528,315
554,127,542,316
554,134,545,356
554,135,567,509
554,144,593,534
554,153,622,606
554,202,633,826
554,224,649,NULL
554,225,682,77
554,240,708,306
554,264,763,525
554,290,809,528
554,291,815,545
554,306,816,567
554,309,819,573
554,315,826,632
554,316,829,834
554,356,834,842
554,364,836,845
554,365,837,6
554,366,839,44
554,370,841,80
554,372,842,240
554,377,6,264
554,465,69,473
554,470,75,481
554,473,78,491
554,476,144,504
554,480,202,682
554,481,224,764
554,483,290,836
554,490,309,848
554,491,356,69
554,496,366,98
554,499,370,144
554,501,372,593
554,504,465,612
554,505,470,622
554,508,483,662
554,509,490,366
554,512,534,370
554,525,589,465
554,528,597,499
554,534,601,649
554,539,606,820
554,542,612,841
554,545,703,847
554,567,777,852
554,573,824,75
554,589,843,476
554,593,846,483
554,597,14,846
554,601,20,127
554,606,44,372
554,610,80,821
554,612,98,829
554,622,153,835
554,632,240,839
554,633,264,14
554,649,306,224
554,657,476,365
554,662,512,470
554,667,610,490
554,682,764,501
554,703,771,809
554,708,776,815
554,743,823,78
554,763,835,153
554,764,2,480
554,771,7,505
554,775,225,703
554,776,291,837
554,777,573,377
554,778,743,824
554,790,812,2
554,809,831,225
554,811,847,823
554,812,848,840
554,815,NULL,202
554,816,10,364
554,819,26,496
554,820,127,831
554,821,315,7
554,823,539,508
554,824,667,776
554,826,134,834
554,829,845,134
554,831,504,601
554,834,790,763
554,835,820,790
554,836,821,135
554,837,852,10
554,839,632,290
554,840,662,309
554,841,135,819
554,842,153,75
554,843,225,812
554,845,240,816
554,846,496,26
554,847,499,667
554,848,77,777
554,852,78,790
559,NULL,80,834
559,2,144,836
559,6,224,843
559,7,225,845
559,10,235,240
559,20,290,316
559,26,306,372
559,44,364,504
559,69,365,528
559,77,377,630
559,78,465,633
559,80,472,763
559,98,483,824
559,127,509,10
559,132,540,26
559,144,545,290
559,153,553,306
559,224,616,360
559,225,617,525
559,235,824,539
559,240,829,622
559,290,840,839
559,291,842,849
559,301,845,132
559,306,849,144
559,309,852,356
559,316,NULL,505
559,356,6,632
559,360,7,759
559,364,10,852
559,365,20,2
559,366,44,475
559,372,78,480
559,377,98,496
559,458,480,616
559,465,491,682
559,470,498,776
559,472,508,778
559,473,528,819
559,475,539,823
559,476,573,NULL
559,480,630,364
559,483,775,377
559,490,778,499
559,491,811,508
559,496,821,534
559,498,823,811
559,499,828,837
559,504,831,470
559,505,834,593
559,508,473,771
559,509,496,77
559,525,591,573
559,528,593,601
559,534,606,610
559,539,610,831
559,540,612,6
559,545,633,235
559,553,682,465
559,573,809,490
559,588,848,591
559,589,2,662
559,591,69,812
559,593,240,848
559,601,301,366
559,606,458,703
559,610,475,847
559,612,476,20
559,616,588,365
559,617,743,540
559,622,764,667
559,630,812,743
559,632,815,473
559,633,835,224
559,662,837,458
559,667,839,790
559,682,841,7
559,703,843,69
559,743,847,127
559,759,26,545
559,763,309,553
559,764,316,828
559,771,356,835
559,775,360,617
559,776,366,795
559,778,470,842
559,790,499,44
559,795,534,78
559,809,622,498
559,811,763,606
559,812,771,612
559,815,795,153
559,816,127,472
559,819,504,476
559,821,505,225
559,823,589,80
559,824,601,98
559,828,632,764
559,829,836,821
559,831,490,301
559,834,776,490
559,835,790,588
559,836,667,816
559,837,703,841
559,839,132,491
559,840,153,496
559,841,291,499
559,842,372,540
559,843,525,606
559,845,662,775
559,847,667,291
559,848,703,809
559,849,759,829
559,852,77,840
567,NULL,132,306
567,2,135,315
567,6,143,465
567,7,144,617
567,10,224,649
567,14,290,6
567,20,291,10
567,26,309,75
567,44,315,134
567,75,364,144
567,77,365,235
567,78,464,291
567,80,476,309
567,98,491,364
567,127,501,365
567,132,542,370
567,134,554,372
567,135,606,458
567,143,612,490
567,144,622,501
567,202,657,505
567,223,662,534
567,224,667,539
567,225,759,542
567,235,826,763
567,240,839,846
567,264,20,98
567,290,26,240
567,291,78,508
567,301,316,525
567,306,356,528
567,309,421,601
567,315,465,703
567,316,545,777
567,356,632,795
567,364,682,815
567,365,703,829
567,370,708,836
567,372,776,841
567,377,777,848
567,421,811,14
567,458,812,224
567,464,815,759
567,465,821,790
567,470,823,809
567,472,828,816
567,473,847,849
567,475,848,7
567,476,NULL,77
567,480,80,225
567,481,134,504
567,490,225,509
567,491,264,540
567,496,370,545
567,498,508,633
567,499,539,708
567,501,601,828
567,504,616,NULL
567,505,617,143
567,508,633,498
567,509,649,20
567,512,763,472
567,525,778,473
567,528,795,475
567,534,816,612
567,539,824,26
567,540,829,44
567,542,831,499
567,545,836,554
567,554,840,852
567,573,849,132
567,601,2,476
567,606,75,496
567,612,240,606
567,616,306,812
567,617,377,845
567,622,458,80
567,632,470,223
567,633,481,470
567,649,499,776
567,657,505,831
567,662,573,301
567,667,819,840
567,682,842,491
567,703,845,847
567,708,846,127
567,759,852,464
567,763,44,682
567,771,77,821
567,776,472,842
567,777,475,2
567,778,498,843
567,790,528,481
567,795,841,290
567,809,843,316
567,811,6,365
567,812,14,372
567,815,98,377
567,816,202,622
567,819,480,667
567,821,512,778
567,823,790,657
567,824,127,811
567,826,235,202
567,828,490,512
567,829,525,632
567,831,540,662
567,836,7,708
567,839,10,78
567,840,301,823
567,841,372,826
567,842,534,356
567,843,223,470
567,845,224,824
567,846,504,616
567,847,473,703
567,848,496,771
567,849,499,809
567,852,809,816
568,NULL,79,225
568,2,202,240
568,6,225,290
568,10,240,309
568,78,470,372
568,79,480,505
568,98,498,512
568,127,525,703
568,132,570,708
568,134,589,764
568,135,622,821
568,144,632,828
568,153,633,366
568,202,759,377
568,223,771,491
568,224,775,542
568,225,776,632
568,235,828,776
568,240,841,2
568,264,98,78
568,271,235,364
568,290,301,481
568,291,365,534
568,301,366,771
568,309,464,127
568,315,490,202
568,364,491,264
568,365,499,291
568,366,501,464
568,370,505,472
568,372,508,539
568,377,509,593
568,421,512,682
568,458,534,NULL
568,464,539,79
568,470,545,480
568,472,778,501
568,473,790,622
568,475,795,812
568,480,831,820
568,481,834,6
568,490,848,132
568,491,NULL,223
568,498,309,473
568,499,364,667
568,501,370,795
568,505,372,835
568,508,377,301
568,509,481,473
568,512,542,498
568,525,667,777
568,528,703,811
568,534,708,848
568,539,816,365
568,540,819,499
568,542,820,509
568,545,821,528
568,570,839,763
568,589,78,775
568,593,223,824
568,606,315,831
568,617,458,841
568,622,682,98
568,632,811,315
568,633,812,421
568,657,845,475
568,662,846,606
568,667,10,819
568,682,127,823
568,703,132,525
568,708,134,790
568,759,144,845
568,763,593,10
568,764,606,846
568,771,824,759
568,775,2,836
568,776,153,849
568,777,271,490
568,778,472,508
568,790,475,540
568,795,662,545
568,811,835,589
568,812,836,134
568,816,224,657
568,819,264,235
568,820,291,834
568,821,540,224
568,823,764,370
568,824,6,470
568,828,421,835
568,831,473,458
568,834,763,816
568,835,823,633
568,836,849,662
568,837,290,144
568,839,301,202
568,841,528,309
568,845,589,364
568,846,593,365
568,848,777,490
568,849,823,499
570,2,828,534
570,6,14,708
570,14,127,26
570,26,364,291
570,44,365,370
570,80,499,539
570,98,534,777
570,127,568,795
570,132,657,828
570,235,836,2
570,264,26,127
570,291,98,509
570,301,132,568
570,306,366,657
570,360,372,837
570,364,377,6
570,365,633,132
570,366,682,499
570,370,743,790
570,372,777,80
570,377,778,98
570,475,811,264
570,499,812,372
570,505,6,809
570,509,291,377
570,534,306,811
570,539,360,366
570,542,370,505
570,568,475,836
570,633,505,849
570,657,539,364
570,682,542,764
570,708,763,839
570,743,790,542
570,763,795,301
570,764,849,365
570,777,44,812
570,778,235,475
570,790,839,842
570,795,842,44
570,809,849,682
570,811,14,264
570,812,708,778
570,828,809,360
570,836,2,306
570,837,80,372
570,839,98,475
570,842,301,499
570,849,306,743
573,NULL,360,811
573,2,366,823
573,6,370,824
573,7,407,849
573,10,468,153
573,14,472,202
573,20,473,235
573,26,475,504
573,75,476,554
573,98,499,613
573,127,528,26
573,132,549,144
573,134,551,224
573,143,597,366
573,144,601,370
573,153,613,465
573,202,743,476
573,223,776,499
573,224,809,551
573,235,834,553
573,240,848,567
573,264,75,597
573,271,240,821
573,290,309,223
573,291,481,505
573,301,483,508
573,306,490,509
573,309,504,542
573,316,554,606
573,356,559,703
573,360,591,816
573,364,606,828
573,365,612,134
573,366,667,360
573,370,703,365
573,372,708,483
573,377,759,610
573,407,819,662
573,465,823,743
573,468,127,264
573,472,132,316
573,473,134,549
573,475,143,612
573,476,153,649
573,481,235,759
573,483,271,775
573,490,301,795
573,499,306,820
573,501,316,834
573,504,364,75
573,505,365,356
573,508,465,364
573,509,525,481
573,512,545,525
573,517,622,372
573,525,682,472
573,528,777,591
573,534,778,708
573,540,790,831
573,542,795,852
573,545,811,NULL
573,549,816,14
573,551,820,291
573,553,821,306
573,554,826,512
573,559,831,630
573,567,836,667
573,591,842,790
573,597,20,819
573,601,26,501
573,606,202,545
573,610,223,848
573,612,224,2
573,613,508,540
573,616,540,777
573,622,775,6
573,630,841,132
573,649,849,301
573,662,852,601
573,667,14,7
573,682,98,528
573,703,144,534
573,708,290,842
573,743,505,309
573,759,534,10
573,775,542,240
573,776,616,271
573,777,662,517
573,778,356,559
573,790,377,20
573,795,512,143
573,809,567,475
573,811,630,377
573,816,835,809
573,819,6,98
573,820,10,127
573,821,291,202
573,823,372,622
573,824,649,778
573,826,2,836
573,828,610,682
573,831,7,776
573,834,501,290
573,835,505,316
573,836,553,841
573,841,828,848
573,842,834,7
573,848,842,132
573,849,NULL,134
573,852,2,473
588,NULL,134,498
588,2,143,632
588,6,235,777
588,7,240,823
588,10,264,356
588,14,360,465
588,26,366,483
588,44,370,542
588,69,372,559
588,77,464,597
588,79,491,612
588,80,498,809
588,98,504,816
588,127,540,837
588,132,551,848
588,134,553,2
588,135,597,309
588,143,601,470
588,144,606,481
588,153,617,539
588,223,632,593
588,224,662,606
588,225,775,144
588,235,837,225
588,240,840,316
588,264,69,370
588,290,77,476
588,309,80,616
588,315,127,622
588,316,132,708
588,356,153,743
588,359,512,764
588,360,559,775
588,364,612,26
588,365,657,44
588,366,708,79
588,370,771,127
588,372,778,512
588,377,795,540
588,407,824,290
588,421,834,840
588,458,841,473
588,464,845,549
588,465,847,553
588,470,848,601
588,472,10,613
588,473,14,667
588,476,26,224
588,481,144,649
588,483,223,831
588,490,315,841
588,491,364,6
588,498,539,69
588,499,542,366
588,501,545,407
588,504,549,464
588,505,591,617
588,508,593,776
588,509,6,143
588,512,44,315
588,539,79,472
588,540,316,778
588,542,499,790
588,545,501,10
588,549,505,134
588,551,509,377
588,553,763,819
588,559,764,824
588,591,777,829
588,593,790,846
588,597,809,77
588,601,816,360
588,606,819,364
588,612,829,499
588,613,224,662
588,616,225,834
588,617,356,842
588,622,421,551
588,630,465,763
588,632,481,820
588,649,508,132
588,657,839,458
588,662,842,591
588,667,846,847
588,708,849,264
588,743,852,491
588,759,7,835
588,763,98,795
588,764,309,NULL
588,771,359,508
588,775,473,98
588,776,490,223
588,777,667,240
588,778,820,372
588,790,823,657
588,795,835,7
588,809,290,359
588,816,377,365
588,819,476,501
588,820,483,845
588,823,831,849
588,824,365,852
588,829,622,235
588,831,759,545
588,834,NULL,504
588,835,630,14
588,837,776,80
588,839,472,490
588,840,2,505
588,841,743,512
588,842,790,759
588,845,470,771
588,846,490,823
588,847,491,837
588,848,499,845
588,849,501,2
588,852,504,44
589,NULL,505,77
589,2,512,79
589,6,528,134
589,7,539,202
589,10,540,365
589,20,549,372
589,75,551,458
589,77,554,505
589,78,559,508
589,79,610,525
589,80,622,553
589,127,657,610
589,132,662,821
589,134,667,839
589,135,708,845
589,144,764,6
589,202,771,78
589,223,777,264
589,224,811,290
589,225,816,301
589,235,839,847
589,240,843,225
589,264,77,470
589,290,225,512
589,291,240,542
589,301,290,840
589,316,301,841
589,360,407,2
589,364,464,20
589,365,465,75
589,366,470,224
589,370,472,291
589,372,483,464
589,377,499,476
589,407,509,7
589,421,520,10
589,458,553,520
589,464,763,682
589,465,831,703
589,468,80,816
589,470,223,127
589,472,235,360
589,476,264,468
589,483,291,846
589,499,365,848
589,505,370,849
589,508,468,549
589,509,542,483
589,512,568,539
589,520,703,823
589,525,743,831
589,528,778,836
589,539,809,235
589,540,820,240
589,542,821,364
589,545,842,135
589,549,846,144
589,551,848,528
589,553,849,667
589,554,NULL,763
589,559,2,764
589,568,10,820
589,593,75,852
589,601,78,NULL
589,606,79,622
589,610,316,632
589,616,360,809
589,622,476,842
589,632,819,377
589,657,847,554
589,662,7,777
589,667,20,835
589,682,132,551
589,703,134,771
589,708,135,465
589,743,144,819
589,763,525,823
589,764,593,370
589,771,601,366
589,775,6,499
589,777,364,540
589,778,377,553
589,795,458,601
589,809,823,616
589,811,836,132
589,816,841,743
589,819,202,843
589,820,366,778
589,821,372,846
589,823,682,421
589,831,845,559
589,835,852,606
589,836,127,775
589,839,224,568
589,840,545,316
589,841,606,593
589,842,421,80
589,843,465,472
589,845,616,657
589,846,632,811
589,847,682,821
589,848,775,2
589,849,835,662
589,852,840,708
591,NULL,143,505
591,6,291,512
591,7,309,610
591,10,315,777
591,14,377,7
591,26,470,545
591,44,505,612
591,69,508,649
591,75,512,795
591,78,525,306
591,80,528,360
591,98,545,573
591,127,549,809
591,132,553,849
591,134,588,6
591,143,610,370
591,153,649,470
591,223,682,622
591,235,842,778
591,291,843,848
591,306,6,69
591,309,7,75
591,315,10,223
591,316,26,549
591,360,80,597
591,370,98,816
591,372,127,836
591,377,132,847
591,470,235,78
591,505,316,80
591,508,573,143
591,512,617,588
591,525,708,812
591,528,764,842
591,545,771,14
591,549,778,44
591,553,816,764
591,559,829,790
591,573,836,703
591,588,840,98
591,597,75,134
591,601,360,662
591,610,559,771
591,612,597,316
591,616,612,559
591,617,812,840
591,622,820,846
591,630,821,849
591,633,848,127
591,649,44,508
591,657,78,525
591,662,372,829
591,667,622,823
591,682,777,828
591,703,823,843
591,708,837,10
591,743,NULL,630
591,764,134,667
591,771,370,820
591,777,601,682
591,778,616,743
591,790,630,821
591,795,846,828
591,809,847,NULL
591,811,849,315
591,812,69,372
591,816,153,132
591,820,662,377
591,821,667,470
591,823,795,528
591,828,835,601
591,829,306,622
591,835,633,291
591,836,703,370
591,837,708,549
591,839,14,633
591,840,44,708
591,842,223,309
591,843,235,315
591,846,809,153
591,847,811,223
591,848,790,235
591,849,828,291
592,6,829,306
592,7,831,476
592,10,834,616
592,26,316,649
592,44,366,759
592,69,370,809
592,75,377,819
592,77,470,849
592,80,490,852
592,98,540,80
592,127,551,144
592,132,610,316
592,144,657,372
592,202,775,464
592,223,790,473
592,224,819,743
592,235,843,790
592,290,845,820
592,291,847,845
592,301,848,10
592,306,44,490
592,315,144,682
592,316,235,778
592,356,301,829
592,359,662,834
592,360,667,6
592,364,708,77
592,365,743,202
592,366,764,542
592,370,776,662
592,372,823,667
592,377,7,811
592,421,26,491
592,464,69,504
592,470,77,505
592,472,80,610
592,473,224,613
592,476,290,848
592,490,356,223
592,491,360,601
592,498,542,632
592,499,545,831
592,501,616,835
592,504,632,842
592,505,649,540
592,508,682,775
592,509,10,69
592,540,75,235
592,542,98,771
592,545,202,777
592,551,359,315
592,553,372,360
592,601,421,812
592,610,473,823
592,613,491,499
592,616,771,843
592,632,835,763
592,649,837,841
592,657,842,846
592,662,127,75
592,667,132,365
592,682,291,366
592,708,315,545
592,743,476,377
592,759,553,132
592,763,601,291
592,764,777,359
592,771,820,551
592,775,306,847
592,776,364,127
592,777,365,44
592,778,499,364
592,790,501,498
592,809,505,470
592,811,841,501
592,812,846,508
592,819,498,290
592,820,508,356
592,823,778,776
592,826,839,98
592,829,852,224
592,831,6,306
592,834,504,7
592,835,763,553
592,837,849,809
592,839,852,370
592,841,223,657
592,842,464,667
592,843,470,852
592,845,812,6
592,846,826,472
592,847,472,301
592,848,809,315
592,849,811,316
592,852,812,356
593,NULL,144,359
593,6,202,360
593,7,223,370
593,10,234,377
593,20,235,421
593,26,359,512
593,44,372,520
593,69,377,662
593,75,464,771
593,98,512,819
593,127,554,823
593,132,559,839
593,134,568,841
593,144,682,309
593,153,708,464
593,202,776,465
593,223,795,501
593,224,821,568
593,225,823,630
593,234,824,777
593,235,845,795
593,240,846,809
593,264,224,821
593,271,360,472
593,290,364,480
593,291,366,491
593,309,473,498
593,315,480,508
593,359,520,811
593,360,551,366
593,364,630,551
593,365,632,601
593,366,657,778
593,370,777,837
593,372,790,847
593,377,809,6
593,421,819,20
593,464,820,44
593,465,839,127
593,470,849,234
593,472,127,364
593,473,271,483
593,475,290,509
593,476,291,559
593,480,315,759
593,481,470,845
593,483,491,848
593,490,498,NULL
593,491,501,26
593,498,540,75
593,499,549,470
593,501,588,606
593,504,612,616
593,505,616,824
593,508,622,828
593,509,7,290
593,512,20,372
593,520,264,499
593,528,475,649
593,534,649,820
593,540,743,846
593,542,759,849
593,549,826,98
593,551,837,144
593,554,841,240
593,559,843,505
593,568,848,534
593,588,852,657
593,589,NULL,764
593,601,69,776
593,606,134,843
593,610,240,10
593,612,499,69
593,616,589,132
593,617,842,134
593,622,26,365
593,630,309,476
593,632,365,504
593,633,370,271
593,649,472,315
593,657,508,852
593,662,542,473
593,667,764,476
593,682,771,549
593,708,847,763
593,743,153,834
593,759,225,235
593,763,778,554
593,764,828,840
593,771,75,202
593,775,476,225
593,776,504,291
593,777,505,542
593,778,528,589
593,790,534,829
593,795,763,841
593,809,834,588
593,811,10,481
593,819,421,842
593,820,481,743
593,821,606,223
593,823,610,667
593,824,811,7
593,826,44,75
593,828,465,540
593,829,6,682
593,834,98,826
593,837,132,20
593,839,490,44
593,840,667,69
593,841,483,98
593,842,601,224
593,843,662,366
593,845,667,790
593,846,682,828
593,847,775,20
593,848,776,633
593,849,633,824
593,852,667,475
597,NULL,682,501
597,2,703,528
597,6,759,551
597,10,776,630
597,14,816,271
597,20,819,315
597,26,134,316
597,69,135,588
597,75,144,667
597,77,472,776
597,78,475,820
597,79,505,839
597,80,508,98
597,98,539,366
597,127,573,472
597,134,591,657
597,135,630,843
597,143,834,225
597,144,836,364
597,153,837,370
597,202,839,473
597,223,841,483
597,224,842,504
597,225,843,520
597,264,202,539
597,271,316,816
597,290,356,837
597,301,370,75
597,309,483,202
597,315,504,290
597,316,588,509
597,356,610,759
597,360,612,819
597,364,613,153
597,366,771,476
597,370,795,591
597,372,821,610
597,377,824,682
597,458,NULL,703
597,464,6,824
597,465,75,841
597,470,98,309
597,472,143,795
597,473,309,6
597,475,360,10
597,476,364,264
597,480,377,499
597,481,473,508
597,483,498,845
597,490,499,14
597,491,509,79
597,498,551,127
597,499,622,223
597,501,632,465
597,504,657,848
597,505,667,852
597,508,790,475
597,509,224,480
597,520,271,632
597,528,290,771
597,534,458,846
597,539,480,2
597,549,481,20
597,551,809,458
597,554,820,534
597,573,828,549
597,588,846,622
597,591,848,809
597,610,78,554
597,612,79,630
597,613,845,224
597,622,852,790
597,630,2,821
597,632,77,842
597,657,127,849
597,667,372,69
597,682,476,80
597,703,490,778
597,759,777,823
597,771,14,NULL
597,776,225,77
597,777,301,134
597,778,465,144
597,790,20,301
597,795,223,356
597,809,315,505
597,816,366,573
597,819,554,490
597,820,778,498
597,821,826,464
597,823,829,836
597,824,69,377
597,826,464,135
597,828,470,777
597,829,520,481
597,834,823,573
597,836,10,372
597,837,491,143
597,839,534,470
597,841,549,491
597,842,528,78
597,843,26,134
597,845,501,223
597,846,849,316
597,848,80,464
597,849,153,828
597,852,223,834
601,NULL,224,7
601,2,235,134
601,6,240,202
601,7,290,223
601,10,291,360
601,14,301,501
601,20,306,505
601,26,356,520
601,44,421,553
601,69,464,776
601,75,465,812
601,77,473,816
601,78,476,2
601,79,520,475
601,80,534,567
601,98,542,588
601,127,553,591
601,132,567,617
601,134,593,662
601,143,616,682
601,144,703,821
601,202,777,20
601,223,816,78
601,224,828,315
601,235,846,316
601,240,847,377
601,290,849,551
601,291,852,592
601,301,NULL,649
601,306,2,703
601,309,6,790
601,315,7,828
601,316,10,831
601,356,80,841
601,360,475,80
601,364,499,127
601,365,501,545
601,366,504,633
601,370,539,743
601,372,589,823
601,377,591,839
601,421,823,69
601,458,134,632
601,464,143,819
601,465,144,849
601,470,309,852
601,472,315,132
601,473,360,534
601,475,365,540
601,476,366,630
601,481,472,795
601,490,505,836
601,491,528,77
601,498,545,10
601,499,559,291
601,501,592,306
601,504,630,473
601,505,632,777
601,509,98,464
601,520,127,509
601,528,470,593
601,534,657,NULL
601,539,682,143
601,540,708,498
601,542,743,589
601,545,778,657
601,549,790,764
601,551,811,6
601,553,820,144
601,554,831,309
601,559,834,365
601,567,845,472
601,573,20,528
601,588,44,759
601,589,75,763
601,591,78,771
601,592,223,843
601,593,370,240
601,610,481,465
601,612,491,539
601,616,573,542
601,617,77,775
601,622,490,809
601,630,549,14
601,632,610,98
601,633,612,499
601,649,622,778
601,657,812,490
601,662,819,79
601,682,821,824
601,703,836,848
601,708,843,44
601,743,26,481
601,759,69,491
601,763,79,622
601,764,202,835
601,771,316,847
601,775,364,356
601,776,377,476
601,777,540,573
601,778,633,610
601,790,763,554
601,795,824,593
601,809,839,75
601,811,842,366
601,812,498,26
601,816,588,370
601,819,649,811
601,820,771,235
601,821,776,616
601,823,835,549
601,824,14,708
601,828,759,845
601,831,809,846
601,834,841,10
601,835,372,301
601,836,764,504
601,839,554,545
601,841,662,559
601,842,848,573
601,843,852,593
601,845,551,622
601,846,554,824
601,847,132,NULL
601,848,144,224
601,849,202,364
601,852,224,372
606,NULL,225,458
606,2,240,481
606,6,264,483
606,7,291,504
606,10,301,528
606,14,306,545
606,20,309,549
606,26,370,551
606,44,473,559
606,69,475,667
606,75,480,809
606,77,481,815
606,78,490,816
606,79,496,819
606,80,501,823
606,98,525,841
606,127,567,843
606,132,568,2
606,134,610,20
606,135,790,69
606,143,846,499
606,144,847,567
606,153,849,622
606,202,852,708
606,223,NULL,845
606,224,2,852
606,225,6,26
606,240,10,135
606,264,223,573
606,290,315,842
606,291,360,496
606,301,372,512
606,306,377,759
606,309,499,812
606,315,505,829
606,316,559,840
606,356,612,78
606,360,622,490
606,364,632,505
606,365,662,539
606,366,703,795
606,370,816,828
606,372,826,144
606,377,828,225
606,421,835,291
606,458,135,491
606,465,143,224
606,470,224,290
606,473,366,360
606,475,458,633
606,476,470,824
606,480,491,831
606,481,504,127
606,483,509,143
606,490,512,356
606,491,539,365
606,496,540,509
606,498,553,316
606,499,573,465
606,501,593,473
606,504,633,778
606,505,682,372
606,508,759,553
606,509,132,588
606,512,356,703
606,525,421,14
606,528,542,306
606,534,667,364
606,539,815,480
606,540,841,836
606,542,26,132
606,545,134,662
606,549,290,826
606,551,316,835
606,553,498,301
606,554,528,501
606,559,545,589
606,567,763,776
606,568,764,821
606,573,7,264
606,588,14,377
606,589,79,632
606,593,98,763
606,610,476,79
606,612,508,134
606,622,534,508
606,630,551,77
606,632,589,525
606,633,829,534
606,649,836,542
606,662,843,764
606,667,44,775
606,682,69,223
606,703,75,240
606,708,80,370
606,759,127,540
606,763,588,593
606,764,649,849
606,775,20,315
606,776,144,554
606,777,153,421
606,778,364,10
606,790,465,153
606,795,812,202
606,809,840,223
606,811,77,820
606,812,202,98
606,815,778,470
606,816,811,498
606,819,365,610
606,820,549,7
606,821,554,44
606,823,777,612
606,824,820,630
606,826,823,846
606,828,842,309
606,829,78,356
606,831,821,6
606,835,845,568
606,836,776,649
606,840,708,75
606,841,795,77
606,842,809,127
606,843,483,223
606,845,630,366
606,846,824,847
606,847,831,682
606,849,847,764
606,852,6,476
610,NULL,223,483
610,2,224,551
610,6,301,589
610,7,315,592
610,10,316,601
610,14,364,843
610,20,365,845
610,26,377,77
610,44,472,481
610,69,476,496
610,75,481,534
610,77,499,662
610,78,512,821
610,79,525,476
610,80,539,499
610,98,549,591
610,127,591,811
610,132,592,852
610,134,601,14
610,143,606,491
610,223,633,512
610,224,743,573
610,225,778,633
610,240,812,777
610,290,826,849
610,301,831,224
610,306,834,370
610,309,840,407
610,315,841,504
610,316,842,617
610,356,843,809
610,360,846,842
610,364,847,7
610,365,848,20
610,366,849,26
610,370,852,44
610,372,NULL,75
610,377,10,80
610,407,20,309
610,458,225,372
610,465,240,490
610,468,290,525
610,472,306,826
610,473,370,837
610,475,465,846
610,476,468,540
610,480,473,790
610,481,480,812
610,483,501,841
610,490,504,847
610,491,505,NULL
610,496,508,79
610,499,540,127
610,501,542,743
610,504,559,795
610,505,589,6
610,508,597,465
610,509,143,520
610,512,366,836
610,520,372,225
610,525,509,356
610,528,554,364
610,534,593,667
610,539,617,816
610,540,759,98
610,542,776,134
610,545,777,240
610,549,795,840
610,551,816,290
610,554,823,316
610,559,836,360
610,573,2,366
610,589,7,377
610,591,75,528
610,592,77,778
610,593,490,834
610,597,491,69
610,601,545,759
610,606,551,301
610,617,815,508
610,622,828,542
610,630,845,597
610,632,6,848
610,633,44,306
610,649,356,480
610,657,458,622
610,662,520,315
610,667,630,472
610,682,809,473
610,703,819,78
610,743,829,132
610,759,78,501
610,771,132,505
610,776,134,819
610,777,528,365
610,778,534,649
610,790,573,549
610,795,649,539
610,809,662,593
610,811,682,554
610,812,703,475
610,815,811,559
610,816,98,606
610,819,309,776
610,820,475,823
610,821,790,682
610,823,26,703
610,826,360,632
610,828,622,657
610,829,69,831
610,831,79,2
610,834,80,828
610,836,496,10
610,837,821,225
610,840,127,356
610,841,14,545
610,842,820,549
610,843,667,815
610,845,632,820
610,846,657,849
610,847,703,75
610,848,771,134
610,849,837,356
610,852,483,366
612,NULL,490,370
612,2,491,407
612,6,496,470
612,7,498,545
612,10,499,551
612,14,501,597
612,20,504,606
612,26,505,356
612,44,508,372
612,69,509,490
612,75,520,617
612,77,528,777
612,78,534,790
612,79,539,831
612,80,540,841
612,98,559,845
612,127,588,14
612,132,591,69
612,134,616,225
612,135,812,520
612,143,14,759
612,144,69,829
612,223,75,377
612,224,77,491
612,225,79,505
612,240,80,508
612,264,225,528
612,290,240,534
612,301,315,539
612,306,365,554
612,309,407,290
612,315,542,309
612,316,573,501
612,356,597,504
612,359,682,809
612,360,759,826
612,364,764,846
612,365,771,10
612,370,819,77
612,372,845,98
612,377,44,127
612,407,372,499
612,464,823,649
612,465,841,771
612,468,143,476
612,470,264,542
612,472,301,828
612,473,465,79
612,475,470,364
612,476,472,632
612,481,512,708
612,483,545,2
612,490,551,44
612,491,554,80
612,496,703,512
612,498,790,567
612,499,809,601
612,501,811,633
612,504,815,703
612,505,816,7
612,508,820,316
612,509,364,240
612,512,464,811
612,520,667,132
612,528,708,359
612,534,743,815
612,539,828,849
612,540,846,20
612,542,848,301
612,545,NULL,365
612,551,2,496
612,554,6,764
612,559,7,816
612,567,10,315
612,573,26,483
612,588,132,509
612,591,223,667
612,593,224,743
612,597,316,820
612,601,377,144
612,606,473,78
612,616,593,264
612,617,849,591
612,630,852,468
612,632,78,472
612,633,134,852
612,649,290,75
612,667,309,134
612,682,356,306
612,703,475,315
612,708,481,593
612,743,630,464
612,759,776,795
612,764,836,812
612,771,144,6
612,775,483,848
612,776,632,498
612,777,795,465
612,790,98,823
612,795,306,836
612,809,359,846
612,811,370,540
612,812,567,NULL
612,815,829,224
612,816,601,559
612,819,606,135
612,820,831,573
612,821,127,630
612,823,135,NULL
612,826,144,10
612,828,360,127
612,829,20,132
612,831,468,225
612,836,472,360
612,841,475,365
612,845,476,776
612,846,821,7
612,848,7,44
612,849,10,473
612,852,633,481
613,6,662,364
613,7,847,372
613,10,356,472
613,20,364,7
613,75,496,132
613,78,520,464
613,98,573,134
613,132,588,465
613,134,841,491
613,143,224,573
613,153,465,542
613,224,480,10
613,225,540,496
613,234,6,847
613,271,473,520
613,356,475,525
613,364,508,592
613,372,542,662
613,464,848,75
613,465,98,271
613,472,134,356
613,473,481,508
613,475,499,597
613,480,597,224
613,481,132,153
613,491,234,480
613,496,372,20
613,499,592,473
613,508,78,540
613,520,464,234
613,525,845,481
613,540,20,475
613,542,271,6
613,573,472,7
613,588,491,225
613,592,75,499
613,597,143,573
613,662,225,588
613,841,525,845
613,845,7,98
613,847,10,480
613,848,20,491
616,NULL,202,499
616,2,225,657
616,10,290,815
616,14,365,829
616,20,470,290
616,26,496,377
616,44,501,490
616,69,504,539
616,75,525,573
616,77,534,601
616,78,539,612
616,79,553,764
616,80,559,812
616,132,573,824
616,134,612,845
616,143,649,2
616,153,743,480
616,202,778,504
616,224,815,559
616,225,820,743
616,234,821,831
616,235,847,77
616,264,235,476
616,271,356,512
616,290,360,525
616,301,377,682
616,306,465,775
616,309,591,809
616,315,593,821
616,316,601,836
616,356,657,534
616,360,764,649
616,365,795,826
616,370,834,75
616,377,14,224
616,458,224,567
616,465,234,481
616,470,301,816
616,476,458,78
616,480,481,134
616,481,499,842
616,483,505,26
616,490,540,465
616,491,542,501
616,496,771,505
616,498,809,539
616,499,811,589
616,501,816,777
616,504,824,234
616,505,826,316
616,512,829,356
616,517,836,370
616,525,840,828
616,534,841,309
616,539,842,496
616,540,843,811
616,542,846,848
616,553,2,315
616,559,10,470
616,567,20,540
616,573,75,778
616,588,77,823
616,589,80,NULL
616,591,132,44
616,592,370,841
616,593,480,843
616,601,491,847
616,612,498,10
616,649,517,301
616,657,567,542
616,667,588,795
616,682,775,235
616,743,831,365
616,764,264,491
616,771,309,498
616,775,315,517
616,776,512,820
616,777,592,69
616,778,682,834
616,795,823,20
616,809,828,14
616,811,44,225
616,812,79,501
616,815,134,776
616,816,271,835
616,820,490,840
616,821,777,271
616,823,845,593
616,824,78,667
616,826,153,306
616,828,306,132
616,829,309,588
616,831,316,682
616,834,476,143
616,835,589,202
616,836,852,225
616,840,69,483
616,841,848,490
616,842,852,504
616,843,NULL,534
616,845,776,540
616,846,667,458
616,847,820,491
616,848,10,504
616,852,20,771
617,NULL,234,80
617,6,316,132
617,7,365,234
617,10,366,364
617,20,372,365
617,44,512,528
617,75,528,840
617,77,539,NULL
617,78,540,610
617,80,567,816
617,98,568,153
617,127,601,235
617,132,612,240
617,134,743,377
617,143,80,525
617,144,98,542
617,153,144,847
617,224,360,588
617,225,377,775
617,234,490,842
617,235,499,567
617,240,508,612
617,291,542,512
617,315,591,7
617,316,610,127
617,356,667,520
617,360,775,525
617,364,812,44
617,365,815,77
617,366,816,98
617,370,843,534
617,372,848,568
617,377,75,591
617,407,491,360
617,458,682,539
617,490,840,593
617,491,842,370
617,499,847,75
617,505,852,490
617,508,520,491
617,512,525,743
617,520,849,356
617,525,7,841
617,528,10,845
617,534,20,144
617,539,44,316
617,540,77,812
617,542,134,815
617,559,153,852
617,567,225,134
617,568,235,366
617,588,356,848
617,591,370,78
617,593,505,224
617,601,127,372
617,610,407,540
617,612,534,667
617,667,78,505
617,682,143,508
617,743,224,849
617,775,588,10
617,812,841,20
617,815,845,6
617,816,240,225
617,840,291,240
617,841,315,316
617,842,364,366
617,843,559,499
617,845,6,601
617,847,7,315
617,848,132,520
617,849,134,601
617,852,593,559
622,NULL,601,593
622,2,633,842
622,6,649,77
622,7,667,80
622,10,763,306
622,14,811,472
622,20,815,481
622,26,407,490
622,44,475,632
622,69,480,633
622,75,498,662
622,77,509,846
622,78,517,520
622,79,528,553
622,80,551,597
622,98,567,132
622,127,597,360
622,132,606,372
622,134,632,458
622,135,816,554
622,143,225,840
622,144,235,848
622,153,301,852
622,202,306,6
622,223,315,235
622,224,316,264
622,225,356,682
622,235,370,811
622,240,372,812
622,264,472,815
622,301,481,831
622,306,501,835
622,315,554,837
622,316,589,849
622,356,662,496
622,360,820,591
622,365,835,667
622,370,839,708
622,372,846,743
622,377,69,759
622,407,79,465
622,421,80,153
622,458,490,480
622,465,499,820
622,470,508,823
622,472,520,79
622,473,534,224
622,475,540,470
622,476,588,499
622,480,657,525
622,481,703,539
622,490,775,540
622,496,778,763
622,498,812,790
622,499,821,826
622,501,823,836
622,505,824,NULL
622,508,828,778
622,509,465,559
622,512,505,764
622,517,573,365
622,520,610,776
622,525,759,10
622,528,771,44
622,534,790,370
622,539,840,795
622,540,842,7
622,542,847,501
622,551,849,505
622,553,6,225
622,554,7,509
622,559,77,534
622,567,78,824
622,568,127,828
622,573,144,2
622,588,153,144
622,589,202,512
622,591,360,649
622,593,421,589
622,597,458,135
622,601,470,775
622,606,496,829
622,610,525,20
622,632,568,134
622,633,831,475
622,649,841,845
622,657,848,315
622,662,NULL,356
622,667,26,473
622,682,44,567
622,703,143,528
622,708,223,771
622,743,473,809
622,759,539,78
622,763,559,821
622,764,591,316
622,771,682,476
622,775,14,202
622,776,132,610
622,778,135,542
622,790,224,69
622,795,542,407
622,809,593,508
622,811,776,14
622,812,795,606
622,815,809,820
622,816,829,75
622,819,10,240
622,820,20,306
622,821,75,601
622,823,98,682
622,824,377,573
622,826,837,127
622,828,845,498
622,829,240,525
622,831,315,377
622,835,365,551
622,836,512,301
622,837,540,568
622,839,134,847
622,840,852,223
622,841,553,703
622,842,554,708
622,843,476,26
622,845,708,98
622,846,2,143
622,847,20,370
622,848,44,465
622,849,69,501
622,852,75,657
630,NULL,135,821
630,2,223,847
630,6,271,80
630,7,316,224
630,10,360,473
630,14,407,480
630,20,421,841
630,44,464,809
630,69,465,831
630,77,468,264
630,78,472,549
630,79,508,610
630,80,553,835
630,98,588,240
630,127,606,306
630,132,667,464
630,134,759,819
630,135,819,235
630,143,483,472
630,223,593,823
630,224,597,143
630,225,790,551
630,235,848,593
630,240,849,601
630,264,364,44
630,271,365,20
630,291,370,365
630,301,490,407
630,306,498,517
630,309,525,591
630,315,528,612
630,316,591,662
630,360,601,7
630,364,662,69
630,365,682,315
630,366,743,505
630,370,820,553
630,372,2,559
630,377,77,816
630,407,80,491
630,421,127,496
630,464,132,776
630,465,134,777
630,468,224,78
630,472,225,291
630,473,476,468
630,475,504,811
630,476,512,6
630,480,517,508
630,481,539,588
630,483,542,271
630,490,559,366
630,491,610,597
630,496,612,667
630,498,778,771
630,501,815,845
630,504,816,372
630,505,821,465
630,508,79,512
630,512,240,763
630,517,475,824
630,525,481,223
630,528,549,301
630,539,703,490
630,542,708,504
630,549,809,708
630,551,812,848
630,553,823,135
630,559,835,528
630,573,10,309
630,588,69,421
630,591,143,703
630,593,235,820
630,597,264,98
630,601,366,843
630,606,480,377
630,610,491,842
630,612,496,14
630,662,776,364
630,667,811,370
630,682,824,778
630,703,841,79
630,708,852,501
630,743,20,573
630,759,44,606
630,763,301,NULL
630,771,372,542
630,776,501,790
630,777,831,759
630,778,836,127
630,790,840,134
630,809,842,360
630,811,843,472
630,812,NULL,481
630,815,6,836
630,816,7,525
630,819,377,551
630,820,473,815
630,821,551,498
630,823,573,483
630,824,845,225
630,831,14,10
630,835,78,475
630,836,98,539
630,840,309,682
630,841,505,812
630,842,291,852
630,843,306,2
630,845,315,743
630,847,316,771
630,848,365,778
630,849,366,840
630,852,370,77
632,NULL,372,234
632,2,377,264
632,6,464,309
632,10,472,542
632,14,473,549
632,20,476,559
632,44,504,567
632,69,505,795
632,75,508,44
632,77,512,377
632,78,549,540
632,79,588,763
632,98,593,778
632,127,610,836
632,132,743,224
632,134,764,360
632,143,470,480
632,144,490,499
632,153,542,505
632,202,592,132
632,223,601,290
632,224,622,465
632,225,649,468
632,234,777,525
632,240,824,588
632,264,316,622
632,271,364,824
632,290,365,843
632,291,468,98
632,301,496,153
632,306,517,491
632,309,520,496
632,315,567,662
632,316,597,703
632,356,606,826
632,360,662,520
632,364,778,606
632,365,790,612
632,370,845,829
632,372,849,NULL
632,377,78,223
632,458,551,475
632,464,553,771
632,465,559,811
632,468,153,839
632,470,225,365
632,472,234,476
632,473,458,551
632,475,525,776
632,476,540,790
632,480,771,815
632,481,815,846
632,490,816,498
632,491,820,835
632,496,829,134
632,498,837,568
632,499,839,597
632,501,843,301
632,504,848,316
632,505,20,481
632,508,481,271
632,512,498,291
632,517,763,622
632,520,776,842
632,525,819,143
632,540,826,356
632,542,835,372
632,549,836,202
632,551,842,472
632,553,846,473
632,554,847,10
632,559,852,77
632,567,NULL,127
632,568,2,816
632,588,6,370
632,589,127,601
632,592,224,819
632,593,264,75
632,597,271,504
632,601,290,589
632,606,306,610
632,610,309,743
632,612,501,764
632,622,554,847
632,649,821,240
632,662,823,820
632,703,828,845
632,743,77,501
632,763,240,812
632,764,360,6
632,771,480,14
632,776,568,470
632,777,612,475
632,778,44,848
632,790,69,852
632,795,75,306
632,811,132,592
632,812,134,69
632,815,202,144
632,816,301,553
632,819,356,554
632,820,499,490
632,821,795,315
632,823,811,364
632,824,812,464
632,826,10,505
632,828,14,542
632,829,98,593
632,835,291,20
632,836,465,78
632,837,475,458
632,839,491,465
632,840,143,472
632,842,315,649
632,843,370,823
632,845,703,225
632,846,223,2
632,847,225,144
632,848,240,301
632,849,144,553
632,852,589,848
633,2,771,132
633,6,775,224
633,7,776,315
633,10,777,421
633,14,812,512
633,44,815,554
633,69,820,610
633,75,828,153
633,77,842,290
633,78,10,490
633,80,75,834
633,98,78,839
633,127,153,842
633,132,202,223
633,134,224,291
633,143,498,819
633,144,504,835
633,153,554,98
633,202,593,225
633,223,606,612
633,224,826,364
633,225,831,458
633,234,835,504
633,235,6,559
633,240,44,366
633,264,356,475
633,271,370,470
633,290,465,473
633,291,470,481
633,301,501,778
633,306,508,828
633,309,528,2
633,315,549,69
633,316,622,144
633,356,790,271
633,360,824,476
633,364,845,496
633,365,846,551
633,366,848,777
633,370,2,78
633,372,14,499
633,377,80,509
633,421,240,593
633,458,509,606
633,464,534,848
633,465,539,143
633,470,559,790
633,473,568,823
633,475,570,306
633,476,77,776
633,480,132,841
633,481,225,843
633,490,234,849
633,491,291,539
633,496,309,77
633,498,316,540
633,499,366,829
633,501,464,80
633,504,473,127
633,505,480,568
633,508,490,309
633,509,491,549
633,512,551,316
633,517,811,356
633,528,819,134
633,534,823,847
633,539,839,202
633,540,847,370
633,542,852,809
633,545,7,815
633,549,69,301
633,551,134,306
633,554,144,480
633,559,235,601
633,567,264,6
633,568,271,508
633,570,301,539
633,591,372,14
633,593,481,44
633,601,499,235
633,606,540,824
633,610,542,365
633,612,545,591
633,622,591,812
633,771,610,7
633,775,612,360
633,776,778,505
633,777,843,501
633,778,127,570
633,790,306,845
633,809,364,234
633,811,458,491
633,812,601,545
633,815,290,567
633,819,505,465
633,820,512,534
633,823,834,10
633,824,223,75
633,826,421,153
633,828,475,528
633,829,567,540
633,831,849,542
633,834,143,610
633,835,315,622
633,839,365,826
633,841,377,240
633,842,841,271
633,843,98,372
633,845,127,464
633,846,360,481
633,847,476,549
633,848,480,846
633,849,481,811
633,852,496,847
649,NULL,498,143
649,2,499,223
649,6,505,473
649,7,509,491
649,10,525,498
649,20,528,567
649,26,534,573
649,44,539,616
649,69,540,778
649,75,549,829
649,77,567,841
649,127,592,848
649,132,616,153
649,134,622,202
649,143,759,622
649,144,771,NULL
649,153,776,468
649,202,815,490
649,223,824,505
649,224,829,549
649,225,834,554
649,234,836,823
649,235,20,828
649,240,26,77
649,271,465,525
649,290,470,540
649,291,473,759
649,301,508,776
649,306,520,225
649,309,573,235
649,315,601,472
649,316,606,795
649,356,777,831
649,360,828,834
649,364,831,234
649,366,835,315
649,372,6,592
649,377,127,612
649,458,235,837
649,464,290,7
649,465,291,26
649,468,301,132
649,470,306,509
649,472,309,593
649,473,468,632
649,475,472,771
649,476,490,777
649,480,764,271
649,481,778,306
649,490,809,610
649,491,816,840
649,498,819,520
649,499,820,475
649,505,823,816
649,508,491,820
649,509,554,601
649,517,632,836
649,520,821,144
649,525,837,360
649,528,839,852
649,534,840,291
649,539,841,499
649,540,845,290
649,542,2,528
649,549,7,790
649,554,44,2
649,567,77,480
649,573,240,824
649,588,360,134
649,591,588,377
649,592,842,835
649,593,848,845
649,601,132,356
649,606,143,809
649,610,593,849
649,612,811,476
649,616,10,591
649,622,75,764
649,632,153,481
649,759,202,127
649,764,224,458
649,771,364,464
649,776,475,20
649,777,476,75
649,778,542,815
649,790,610,6
649,795,612,465
649,809,852,842
649,811,144,20
649,815,234,44
649,816,315,10
649,819,366,224
649,820,377,240
649,821,481,309
649,823,NULL,366
649,824,356,839
649,828,464,364
649,829,591,470
649,831,790,606
649,834,69,821
649,835,134,811
649,836,225,69
649,837,316,301
649,839,372,306
649,840,849,372
649,841,6,481
649,842,480,539
649,845,481,759
649,848,223,316
649,849,224,377
649,852,225,534
657,NULL,365,588
657,2,370,589
657,20,490,601
657,44,520,777
657,69,525,223
657,75,534,316
657,77,588,476
657,78,589,528
657,79,597,539
657,80,601,554
657,127,777,593
657,132,778,610
657,134,790,852
657,143,499,NULL
657,144,553,153
657,153,591,377
657,202,812,567
657,223,815,134
657,224,816,144
657,225,819,309
657,306,823,534
657,309,846,475
657,315,849,831
657,316,2,622
657,356,132,790
657,364,134,835
657,365,153,370
657,366,202,481
657,370,223,597
657,372,225,815
657,377,315,834
657,458,539,839
657,465,567,840
657,470,568,845
657,475,831,366
657,476,840,470
657,480,78,490
657,481,306,778
657,490,366,69
657,491,377,224
657,498,512,306
657,499,570,44
657,504,593,480
657,505,622,542
657,508,528,545
657,512,824,812
657,520,828,80
657,525,834,809
657,528,835,365
657,534,839,20
657,539,845,364
657,542,69,498
657,545,144,592
657,553,224,842
657,554,316,848
657,567,458,225
657,568,505,491
657,570,842,372
657,588,79,553
657,589,364,823
657,591,610,828
657,592,616,75
657,593,809,504
657,597,826,821
657,601,372,591
657,610,504,819
657,616,592,841
657,622,848,77
657,777,852,824
657,778,20,465
657,790,44,499
657,809,127,847
657,812,309,127
657,815,465,132
657,816,470,505
657,819,542,508
657,821,NULL,78
657,823,77,525
657,824,80,528
657,826,356,553
657,828,821,846
657,831,481,356
657,834,554,370
657,835,847,591
657,839,75,512
657,840,491,2
657,841,498,44
657,842,545,69
657,845,554,826
657,846,475,849
657,847,480,80
657,848,476,202
657,849,491,372
657,852,499,823
662,NULL,508,309
662,2,525,356
662,6,534,464
662,7,540,473
662,10,542,491
662,14,545,499
662,20,567,534
662,26,592,540
662,44,593,476
662,69,601,481
662,75,613,520
662,77,622,559
662,78,630,264
662,79,632,812
662,80,764,836
662,98,775,847
662,127,776,78
662,132,777,315
662,134,778,496
662,143,505,588
662,144,520,849
662,202,573,852
662,223,610,2
662,224,834,301
662,225,835,790
662,240,845,NULL
662,264,476,14
662,291,480,525
662,301,517,795
662,306,553,816
662,309,559,829
662,315,606,840
662,316,771,512
662,356,809,835
662,359,811,839
662,360,831,468
662,364,846,553
662,365,847,592
662,366,852,6
662,370,NULL,224
662,372,20,225
662,377,134,554
662,407,465,545
662,458,568,589
662,464,812,20
662,465,815,360
662,468,202,632
662,470,291,811
662,473,470,7
662,476,473,366
662,480,490,528
662,481,496,622
662,483,499,834
662,490,528,845
662,491,588,143
662,496,842,223
662,498,843,542
662,499,7,778
662,505,26,144
662,508,512,359
662,512,539,567
662,517,790,777
662,520,819,841
662,525,820,77
662,528,821,127
662,534,829,365
662,539,6,465
662,540,14,480
662,542,264,606
662,545,356,776
662,549,360,820
662,551,458,837
662,553,481,26
662,554,491,593
662,559,591,823
662,567,840,306
662,568,132,764
662,573,301,809
662,588,359,842
662,589,365,75
662,591,795,316
662,592,823,10
662,593,839,470
662,601,364,549
662,606,370,291
662,610,483,458
662,613,143,573
662,622,224,775
662,630,306,831
662,632,315,819
662,764,549,80
662,771,589,127
662,775,69,601
662,776,309,843
662,777,366,848
662,778,837,134
662,790,841,240
662,795,98,591
662,809,144,815
662,811,225,505
662,812,240,610
662,815,372,630
662,816,464,568
662,819,468,77
662,820,554,483
662,821,824,377
662,823,836,490
662,824,75,44
662,828,78,202
662,829,127,551
662,831,223,69
662,834,316,78
662,835,356,771
662,836,44,132
662,837,551,134
662,839,849,366
662,840,10,407
662,841,44,496
662,842,69,846
662,843,80,7
662,845,377,14
662,846,828,69
662,847,2,77
662,848,14,98
662,849,77,370
662,852,80,824
667,NULL,235,831
667,2,290,360
667,6,306,559
667,7,464,567
667,10,475,834
667,14,490,505
667,20,491,617
667,26,499,622
667,44,540,811
667,69,542,839
667,75,553,846
667,77,559,2
667,78,567,224
667,79,589,841
667,80,591,223
667,98,597,290
667,127,612,359
667,132,617,365
667,134,809,465
667,144,812,554
667,202,821,828
667,223,831,6
667,224,835,316
667,225,839,356
667,235,26,364
667,240,69,464
667,264,534,616
667,290,549,377
667,291,551,835
667,301,573,372
667,306,616,539
667,309,764,588
667,315,776,593
667,316,777,776
667,356,828,812
667,359,840,815
667,360,841,573
667,364,849,589
667,365,852,610
667,366,NULL,852
667,370,6,144
667,372,44,540
667,377,144,809
667,458,606,483
667,464,819,597
667,465,824,816
667,468,223,202
667,470,315,366
667,472,316,824
667,473,480,132
667,475,505,14
667,476,525,79
667,480,539,470
667,481,593,501
667,483,610,545
667,490,811,777
667,491,815,7
667,496,845,44
667,499,846,481
667,501,2,542
667,504,75,775
667,505,77,795
667,508,472,612
667,512,501,78
667,520,508,315
667,525,545,490
667,534,759,836
667,539,820,845
667,540,78,468
667,542,301,491
667,545,359,525
667,549,483,264
667,551,622,508
667,553,834,759
667,554,836,98
667,559,98,80
667,567,127,778
667,568,202,458
667,573,264,553
667,588,364,764
667,589,370,134
667,591,630,820
667,592,775,291
667,593,829,472
667,597,79,473
667,606,470,499
667,610,496,75
667,612,504,225
667,616,778,235
667,617,847,240
667,622,7,301
667,630,134,370
667,759,291,534
667,764,512,568
667,775,520,127
667,776,554,480
667,777,790,840
667,778,823,20
667,790,842,476
667,795,843,475
667,809,20,630
667,811,224,821
667,812,225,309
667,815,240,316
667,816,309,504
667,819,465,306
667,820,588,512
667,821,10,847
667,823,80,75
667,824,132,240
667,828,365,10
667,829,372,NULL
667,831,568,849
667,834,592,77
667,835,366,144
667,836,473,290
667,839,356,592
667,840,481,606
667,841,360,622
667,842,365,790
667,843,377,831
667,845,14,496
667,846,20,512
667,847,44,823
667,849,476,831
667,852,481,69
682,NULL,483,315
682,2,490,472
682,6,491,553
682,7,496,630
682,10,498,841
682,20,505,843
682,44,528,264
682,69,539,498
682,77,540,508
682,78,551,377
682,80,554,612
682,98,570,790
682,127,771,835
682,132,775,309
682,143,472,597
682,144,597,809
682,202,606,80
682,223,612,520
682,224,617,815
682,225,630,840
682,235,77,NULL
682,240,98,6
682,264,475,69
682,290,476,499
682,291,499,549
682,301,520,144
682,306,525,78
682,309,568,421
682,315,622,539
682,316,764,812
682,356,821,202
682,359,823,291
682,360,837,570
682,364,852,617
682,365,NULL,846
682,366,2,847
682,370,10,476
682,372,80,622
682,377,202,132
682,407,480,540
682,421,593,551
682,458,601,763
682,464,824,829
682,465,840,491
682,470,846,496
682,472,78,505
682,473,421,512
682,475,508,795
682,476,545,20
682,480,549,365
682,481,553,372
682,483,559,473
682,490,567,831
682,491,592,10
682,496,835,235
682,498,842,559
682,499,843,592
682,501,848,2
682,504,223,306
682,505,225,475
682,508,534,593
682,512,589,458
682,520,763,834
682,525,776,464
682,528,809,606
682,534,811,852
682,539,20,7
682,540,44,849
682,542,235,407
682,545,377,591
682,549,464,224
682,551,465,470
682,553,473,501
682,554,501,573
682,559,504,776
682,567,778,828
682,568,790,240
682,570,795,98
682,573,290,364
682,589,291,528
682,591,573,610
682,592,834,823
682,593,6,837
682,597,127,481
682,601,458,764
682,606,481,778
682,610,829,525
682,612,132,616
682,616,224,301
682,617,240,356
682,622,301,824
682,630,315,848
682,763,812,127
682,764,815,264
682,771,831,504
682,775,356,542
682,776,370,567
682,777,372,589
682,778,512,812
682,790,847,225
682,795,144,290
682,809,316,309
682,811,820,842
682,812,828,44
682,815,264,77
682,816,306,235
682,820,309,316
682,821,366,356
682,823,542,499
682,824,616,777
682,828,841,370
682,829,7,554
682,831,360,612
682,834,365,771
682,835,364,845
682,837,470,483
682,839,591,601
682,840,610,811
682,841,845,820
682,842,359,821
682,843,364,202
682,845,839,465
682,846,848,480
682,847,69,534
682,848,98,568
682,849,127,589
682,852,132,606
703,NULL,240,764
703,2,291,821
703,6,372,491
703,7,470,512
703,10,481,568
703,14,496,290
703,20,512,364
703,26,520,365
703,44,542,630
703,69,545,812
703,75,554,816
703,77,589,632
703,78,591,708
703,79,612,NULL
703,80,777,7
703,98,778,475
703,127,790,525
703,132,795,771
703,134,811,776
703,143,508,809
703,144,551,831
703,202,823,837
703,224,839,132
703,225,840,143
703,235,78,240
703,240,127,468
703,264,490,540
703,290,499,589
703,291,501,601
703,301,534,828
703,306,559,834
703,315,630,842
703,316,632,20
703,356,708,264
703,364,809,839
703,365,834,843
703,366,836,846
703,370,846,849
703,372,26,470
703,377,224,26
703,407,468,501
703,458,567,235
703,464,828,78
703,465,842,79
703,468,225,80
703,470,290,370
703,472,356,819
703,473,483,10
703,475,568,508
703,476,815,44
703,480,235,75
703,481,264,77
703,483,301,127
703,490,365,315
703,491,366,554
703,496,407,841
703,499,465,202
703,501,473,291
703,504,475,606
703,505,525,472
703,508,539,496
703,512,553,505
703,520,771,597
703,525,775,372
703,528,776,778
703,534,820,2
703,539,843,306
703,540,849,377
703,542,6,464
703,545,10,573
703,549,14,591
703,551,69,622
703,553,75,847
703,554,77,610
703,559,132,612
703,567,134,795
703,568,315,823
703,573,316,144
703,589,458,520
703,591,597,528
703,597,98,499
703,601,202,836
703,606,504,852
703,610,505,483
703,612,540,551
703,622,601,845
703,630,606,224
703,632,816,225
703,708,831,542
703,764,144,549
703,771,377,815
703,775,464,69
703,776,764,134
703,777,812,811
703,778,821,840
703,790,852,366
703,795,20,534
703,809,44,539
703,811,472,559
703,812,610,473
703,815,2,829
703,816,364,6
703,819,573,481
703,820,622,589
703,821,837,591
703,823,841,834
703,828,847,44
703,829,370,465
703,831,491,501
703,834,819,14
703,836,829,98
703,837,NULL,316
703,839,306,356
703,840,316,534
703,841,356,606
703,842,845,490
703,843,480,301
703,845,528,316
703,846,549,480
703,847,554,496
703,848,559,504
703,849,80,777
703,852,476,820
708,NULL,480,224
708,2,481,512
708,6,483,834
708,7,491,835
708,10,496,839
708,14,498,309
708,20,534,377
708,26,539,465
708,44,551,472
708,69,553,508
708,75,567,7
708,77,592,499
708,78,601,534
708,79,759,568
708,80,763,842
708,98,776,852
708,127,795,464
708,132,809,480
708,134,812,540
708,135,821,589
708,143,512,498
708,144,815,10
708,153,824,301
708,202,828,364
708,223,834,528
708,224,840,829
708,225,841,127
708,234,842,490
708,235,79,223
708,240,132,481
708,264,549,520
708,271,630,542
708,290,843,841
708,291,848,NULL
708,301,849,570
708,306,75,809
708,309,77,612
708,315,134,630
708,316,144,811
708,356,202,837
708,359,525,843
708,360,570,6
708,364,777,491
708,365,811,840
708,366,837,20
708,370,847,98
708,372,143,588
708,377,153,14
708,458,589,553
708,464,829,153
708,465,2,475
708,470,234,490
708,472,240,545
708,473,490,606
708,475,545,777
708,480,223,132
708,481,271,593
708,483,306,703
708,490,360,815
708,491,365,819
708,496,470,75
708,498,568,824
708,499,588,847
708,501,612,79
708,504,819,776
708,505,831,44
708,508,540,622
708,512,593,759
708,520,778,848
708,525,790,80
708,528,820,473
708,534,7,77
708,539,10,134
708,540,69,365
708,542,316,2
708,545,472,264
708,549,504,795
708,551,703,812
708,553,839,370
708,554,14,505
708,567,44,763
708,568,135,845
708,570,235,26
708,573,291,235
708,588,366,240
708,589,464,551
708,591,622,143
708,592,771,306
708,593,26,366
708,601,473,820
708,606,475,144
708,612,505,240
708,622,520,135
708,630,573,316
708,703,846,554
708,759,6,831
708,763,20,496
708,771,224,360
708,776,264,823
708,777,465,849
708,778,508,359
708,790,606,567
708,795,836,570
708,809,225,549
708,811,309,846
708,812,315,225
708,815,359,778
708,819,364,134
708,820,591,771
708,821,845,828
708,823,852,69
708,824,290,483
708,828,370,573
708,829,377,315
708,831,98,821
708,834,301,78
708,835,554,356
708,836,78,470
708,837,127,501
708,839,499,554
708,840,823,849
708,841,542,504
708,842,356,795
708,843,372,525
708,845,464,539
708,846,501,836
708,847,528,6
708,848,534,7
708,849,540,10
708,852,542,144
743,NULL,549,504
743,20,589,539
743,26,593,554
743,44,610,593
743,69,612,790
743,75,616,815
743,77,617,841
743,78,632,517
743,80,790,20
743,127,809,301
743,132,815,356
743,134,816,370
743,144,819,464
743,153,826,481
743,202,829,616
743,223,839,490
743,224,845,826
743,225,847,202
743,301,20,366
743,306,78,591
743,309,132,512
743,315,153,525
743,316,225,540
743,356,306,549
743,364,309,816
743,365,315,824
743,366,356,834
743,370,473,846
743,372,480,69
743,377,491,77
743,464,540,588
743,465,630,601
743,470,820,622
743,472,831,809
743,473,849,812
743,475,26,465
743,476,44,778
743,480,224,315
743,481,501,610
743,490,508,617
743,491,517,78
743,496,520,80
743,499,824,144
743,501,846,612
743,504,NULL,364
743,505,127,365
743,508,496,534
743,512,588,630
743,517,777,632
743,520,812,309
743,525,821,377
743,528,828,835
743,534,842,26
743,539,77,559
743,540,134,820
743,542,372,570
743,545,476,473
743,549,528,499
743,551,601,592
743,554,778,831
743,559,841,839
743,570,364,849
743,573,365,223
743,588,465,224
743,589,470,127
743,591,823,132
743,592,835,845
743,593,366,505
743,601,464,819
743,610,490,828
743,612,512,501
743,616,69,540
743,617,80,316
743,622,481,NULL
743,630,370,472
743,632,475,512
743,777,525,545
743,778,559,821
743,790,570,372
743,809,591,823
743,812,622,852
743,815,505,44
743,816,534,542
743,819,539,589
743,820,573,591
743,821,834,306
743,823,202,528
743,824,301,847
743,826,472,480
743,828,542,508
743,829,551,816
743,831,545,842
743,834,377,75
743,835,592,224
743,839,144,225
743,841,316,134
743,842,499,470
743,845,852,829
743,846,NULL,301
743,847,223,465
743,849,504,470
743,852,505,496
759,NULL,512,132
759,6,539,826
759,7,545,828
759,10,573,504
759,14,588,622
759,20,593,839
759,26,597,475
759,44,606,496
759,69,649,499
759,75,776,606
759,77,778,610
759,78,809,630
759,79,841,708
759,80,842,153
759,98,843,356
759,127,846,816
759,132,852,481
759,134,NULL,568
759,143,534,819
759,144,708,127
759,153,777,501
759,202,824,372
759,225,849,811
759,235,80,306
759,240,143,525
759,290,366,592
759,291,464,831
759,301,470,14
759,306,473,134
759,309,475,240
759,315,517,480
759,356,567,508
759,360,592,820
759,364,667,823
759,365,840,790
759,366,845,836
759,372,75,360
759,377,240,491
759,458,610,551
759,464,826,553
759,470,364,567
759,473,491,588
759,475,630,315
759,480,834,517
759,481,836,612
759,491,848,815
759,496,6,843
759,499,10,528
759,501,14,553
759,504,77,597
759,505,78,776
759,508,551,809
759,512,622,7
759,517,771,649
759,520,815,366
759,525,816,309
759,528,7,829
759,534,26,225
759,539,134,840
759,540,153,291
759,542,306,777
759,545,480,834
759,551,790,667
759,553,69,505
759,559,127,6
759,567,144,235
759,568,225,542
759,573,235,795
759,588,290,852
759,592,360,202
759,593,372,10
759,597,377,26
759,601,501,77
759,606,508,143
759,610,528,377
759,612,542,534
759,622,568,593
759,630,811,20
759,649,819,458
759,667,820,812
759,708,79,841
759,771,301,845
759,776,356,78
759,777,823,80
759,778,829,235
759,790,835,771
759,795,309,98
759,809,365,601
759,811,481,776
759,812,525,364
759,815,540,846
759,816,499,290
759,819,601,365
759,820,828,464
759,823,839,501
759,824,20,545
759,826,98,512
759,828,202,520
759,829,315,849
759,831,612,144
759,834,291,NULL
759,835,559,7
759,836,505,44
759,839,44,301
759,840,132,540
759,841,504,842
759,842,505,845
759,843,520,848
759,845,553,240
759,846,588,372
759,848,593,470
759,849,610,559
759,852,612,593
763,NULL,630,708
763,2,708,828
763,10,795,842
763,14,819,264
763,20,847,291
763,44,553,309
763,69,554,593
763,75,622,632
763,79,842,630
763,80,NULL,306
763,98,69,490
763,127,75,520
763,153,291,559
763,235,301,839
763,240,306,841
763,264,567,2
763,291,568,235
763,301,570,809
763,306,632,821
763,309,777,606
763,315,812,795
763,458,809,842
763,464,841,NULL
763,465,79,525
763,470,465,553
763,472,490,568
763,490,496,98
763,496,512,153
763,512,520,301
763,517,790,496
763,520,823,777
763,525,835,554
763,551,10,588
763,553,14,816
763,554,20,834
763,559,240,847
763,567,309,14
763,568,589,472
763,570,811,682
763,588,2,790
763,589,472,80
763,592,778,315
763,593,44,464
763,601,551,470
763,606,588,823
763,622,776,811
763,630,816,20
763,632,821,75
763,682,828,127
763,708,98,240
763,776,470,567
763,777,593,601
763,778,601,776
763,790,127,819
763,795,315,812
763,809,458,235
763,811,464,551
763,812,559,553
763,816,606,589
763,819,834,592
763,821,80,776
763,823,153,835
763,826,235,44
763,828,525,465
763,834,826,842
763,835,153,554
763,839,235,570
763,841,240,682
763,842,264,10
763,847,306,512
764,NULL,359,202
764,2,473,476
764,6,480,823
764,7,481,840
764,20,496,301
764,75,591,360
764,79,616,491
764,80,682,592
764,98,703,815
764,127,812,845
764,132,816,622
764,134,821,649
764,144,823,662
764,202,836,144
764,224,848,821
764,234,849,835
764,240,NULL,309
764,264,553,512
764,271,777,568
764,290,842,588
764,301,75,504
764,306,127,542
764,309,134,828
764,316,234,NULL
764,359,528,508
764,360,593,606
764,364,826,836
764,365,2,842
764,366,7,80
764,370,79,480
764,458,622,682
764,473,649,458
764,476,667,496
764,480,271,501
764,481,290,616
764,483,309,847
764,491,370,2
764,496,491,234
764,501,549,483
764,504,588,549
764,505,592,812
764,508,606,554
764,512,632,612
764,525,815,843
764,528,824,848
764,540,828,75
764,542,505,632
764,549,589,777
764,553,840,824
764,554,843,7
764,559,845,667
764,568,224,790
764,570,264,127
764,588,365,816
764,589,540,132
764,591,601,306
764,592,847,224
764,593,504,849
764,601,554,778
764,606,612,98
764,612,776,264
764,616,835,271
764,622,20,316
764,632,306,370
764,649,364,525
764,662,508,366
764,667,512,240
764,682,525,316
764,703,778,540
764,776,790,559
764,777,80,703
764,778,144,776
764,790,316,843
764,812,568,79
764,815,132,364
764,816,542,589
764,821,559,593
764,823,6,591
764,824,476,290
764,826,202,365
764,828,846,501
764,835,301,540
764,836,366,528
764,840,98,553
764,842,240,554
764,843,316,826
764,845,365,846
764,846,366,6
764,847,370,473
764,848,501,481
764,849,505,570
771,NULL,517,356
771,2,528,364
771,6,540,475
771,7,551,496
771,10,554,534
771,14,591,616
771,20,601,630
771,44,612,703
771,69,616,834
771,75,649,10
771,77,703,473
771,78,759,559
771,98,790,843
771,127,811,491
771,132,820,540
771,134,828,809
771,144,831,823
771,202,837,472
771,223,843,480
771,224,NULL,512
771,235,127,520
771,240,144,831
771,290,316,839
771,301,356,849
771,306,372,98
771,309,496,359
771,315,632,567
771,316,633,591
771,356,682,852
771,359,708,NULL
771,360,842,481
771,364,7,528
771,365,44,593
771,366,69,649
771,370,75,468
771,372,132,601
771,377,223,622
771,464,224,815
771,465,235,824
771,468,240,846
771,470,365,499
771,472,370,592
771,473,498,633
771,475,778,75
771,476,795,545
771,480,290,77
771,481,309,144
771,490,472,365
771,491,480,470
771,496,481,315
771,498,525,508
771,499,553,370
771,504,567,377
771,505,568,202
771,508,588,490
771,512,662,568
771,517,849,632
771,520,301,224
771,525,306,790
771,528,359,309
771,534,377,468
771,540,465,498
771,542,508,662
771,545,512,828
771,549,597,841
771,551,630,847
771,553,824,316
771,554,834,597
771,559,848,812
771,567,852,525
771,568,534,622
771,588,823,845
771,589,839,240
771,591,847,223
771,592,6,44
771,593,10,542
771,597,77,682
771,601,476,848
771,610,499,2
771,612,559,127
771,616,809,14
771,622,812,69
771,630,815,372
771,632,845,554
771,633,315,6
771,649,468,360
771,662,589,464
771,682,610,504
771,703,821,551
771,708,202,821
771,759,360,708
771,778,473,505
771,790,505,235
771,795,545,476
771,809,592,366
771,811,490,837
771,812,20,842
771,815,364,7
771,820,464,132
771,821,491,134
771,823,593,224
771,824,622,517
771,828,134,612
771,831,366,847
771,834,475,778
771,835,476,78
771,837,549,290
771,839,846,306
771,841,2,377
771,842,98,545
771,843,504,820
771,845,520,841
771,846,542,10
771,847,470,553
771,848,473,610
771,849,78,759
771,852,98,549
775,NULL,264,568
775,2,316,44
775,6,377,505
775,7,472,14
775,10,483,144
775,14,499,366
775,20,540,480
775,44,554,633
775,69,559,843
775,75,573,622
775,77,616,823
775,78,617,842
775,98,633,225
775,127,662,470
775,132,821,476
775,134,836,483
775,144,840,589
775,153,842,69
775,202,846,240
775,224,6,703
775,225,10,NULL
775,234,20,464
775,235,132,501
775,240,153,356
775,264,568,377
775,271,834,473
775,290,841,520
775,291,2,840
775,306,134,315
775,309,144,364
775,315,224,475
775,316,271,846
775,356,309,132
775,360,464,134
775,364,465,290
775,366,473,525
775,372,501,606
775,377,504,234
775,464,831,291
775,465,202,306
775,470,366,153
775,472,475,224
775,473,496,540
775,475,517,836
775,476,592,847
775,480,682,2
775,481,849,7
775,483,NULL,372
775,490,240,588
775,491,306,592
775,496,315,127
775,499,356,309
775,501,470,481
775,504,476,573
775,505,490,667
775,508,549,682
775,512,667,824
775,517,824,78
775,520,848,617
775,525,291,821
775,540,364,831
775,542,601,616
775,549,606,845
775,551,845,202
775,554,69,496
775,559,225,504
775,568,290,499
775,573,360,551
775,588,505,360
775,589,520,472
775,592,44,505
775,593,234,520
775,601,612,542
775,606,703,20
775,612,14,75
775,616,843,235
775,617,847,559
775,622,77,662
775,633,372,508
775,662,480,554
775,667,481,834
775,682,491,6
775,703,551,10
775,821,7,77
775,823,78,512
775,824,512,849
775,831,622,20
775,834,235,271
775,836,542,612
775,840,588,848
775,841,75,14
775,842,127,316
775,843,240,480
775,845,823,593
775,846,98,490
775,847,127,525
775,848,202,601
775,849,525,7
776,NULL,551,508
776,2,554,763
776,6,559,764
776,7,567,98
776,10,588,135
776,14,610,520
776,20,612,759
776,44,622,795
776,69,633,234
776,75,662,264
776,77,667,481
776,78,682,505
776,80,703,551
776,98,764,554
776,127,815,662
776,132,819,790
776,134,820,811
776,135,823,NULL
776,144,824,14
776,153,828,316
776,202,831,525
776,223,837,682
776,225,842,823
776,234,843,20
776,235,134,301
776,240,135,549
776,264,573,554
776,271,829,649
776,290,7,464
776,291,153,468
776,301,472,610
776,306,512,223
776,309,597,490
776,315,649,592
776,316,708,835
776,356,759,309
776,364,811,512
776,365,849,845
776,366,10,848
776,370,69,153
776,372,144,633
776,377,234,69
776,421,291,606
776,464,301,612
776,465,306,630
776,468,309,632
776,470,370,703
776,472,465,840
776,475,836,567
776,476,6,271
776,480,225,816
776,481,315,837
776,490,476,667
776,496,490,501
776,498,592,708
776,499,593,828
776,501,630,498
776,504,777,542
776,505,841,134
776,508,545,472
776,512,778,616
776,520,846,504
776,525,132,622
776,528,568,777
776,540,616,778
776,542,632,370
776,545,790,824
776,549,835,588
776,551,852,597
776,554,2,815
776,559,365,306
776,567,421,819
776,568,501,377
776,573,504,465
776,588,540,235
776,592,763,291
776,593,271,365
776,597,356,127
776,601,498,821
776,606,499,568
776,610,549,601
776,612,78,809
776,616,80,820
776,622,98,841
776,630,127,421
776,632,290,470
776,633,366,559
776,649,470,528
776,662,795,540
776,667,816,545
776,682,834,240
776,703,839,356
776,708,848,372
776,759,20,849
776,763,235,839
776,764,364,132
776,777,542,6
776,778,606,75
776,790,NULL,135
776,795,14,843
776,809,202,852
776,811,240,80
776,815,475,127
776,816,508,78
776,819,75,470
776,820,264,480
776,821,316,831
776,823,464,202
776,824,468,364
776,828,520,421
776,829,528,7
776,831,44,234
776,834,77,290
776,835,601,315
776,836,845,846
776,837,372,6
776,839,377,44
776,840,496,366
776,841,809,475
776,842,481,225
776,843,490,235
776,845,499,10
776,846,505,77
776,848,512,365
776,849,520,366
776,852,525,370
777,2,534,465
777,6,567,476
777,7,592,759
777,10,597,852
777,20,703,573
777,44,708,591
777,69,759,134
777,75,763,593
777,77,795,703
777,80,809,840
777,98,812,306
777,127,816,366
777,132,824,499
777,134,829,315
777,153,831,512
777,202,840,525
777,223,845,601
777,234,852,649
777,235,202,829
777,240,223,501
777,264,554,819
777,271,633,831
777,291,667,359
777,301,682,370
777,306,764,570
777,309,811,763
777,315,819,421
777,316,841,589
777,356,842,592
777,359,843,795
777,364,20,764
777,365,69,234
777,366,80,845
777,370,127,7
777,372,134,44
777,377,364,235
777,421,517,301
777,465,549,505
777,470,589,520
777,475,743,630
777,476,790,2
777,480,234,496
777,481,291,549
777,490,480,708
777,491,496,309
777,496,501,364
777,498,593,291
777,499,606,356
777,501,610,846
777,504,828,682
777,505,836,223
777,512,271,790
777,517,498,824
777,520,499,77
777,525,568,132
777,528,573,271
777,534,616,481
777,540,776,568
777,542,823,588
777,545,837,316
777,549,848,491
777,554,75,743
777,567,98,612
777,568,240,633
777,570,366,837
777,573,377,597
777,588,421,606
777,589,542,610
777,591,612,127
777,592,849,842
777,593,7,202
777,597,370,80
777,601,504,240
777,606,525,264
777,610,540,6
777,612,588,377
777,616,649,816
777,630,662,823
777,632,846,662
777,633,10,498
777,649,77,534
777,657,132,809
777,662,301,836
777,667,316,841
777,682,359,843
777,703,520,480
777,708,570,542
777,743,591,821
777,759,153,504
777,763,306,828
777,764,491,848
777,776,630,365
777,790,632,475
777,795,821,540
777,809,6,554
777,811,356,567
777,812,657,470
777,816,372,601
777,819,512,20
777,821,2,69
777,823,44,630
777,824,465,667
777,828,309,795
777,829,365,6
777,831,470,75
777,836,475,77
777,837,490,98
777,840,498,632
777,841,235,776
777,842,264,811
777,843,291,490
777,845,601,498
777,846,315,545
777,848,481,10
777,849,528,20
777,852,534,80
778,2,545,135
778,6,568,225
778,7,593,475
778,10,601,505
778,20,622,554
778,44,632,592
778,69,657,597
778,75,815,743
778,77,820,759
778,98,821,763
778,127,823,829
778,132,836,491
778,134,837,812
778,135,840,834
778,144,846,202
778,202,847,264
778,225,2,549
778,235,135,545
778,240,235,553
778,264,570,568
778,301,589,708
778,306,591,764
778,309,616,771
778,315,633,847
778,316,649,848
778,356,703,144
778,359,764,840
778,364,44,570
778,365,75,633
778,366,98,703
778,370,132,821
778,372,306,839
778,377,365,632
778,465,366,815
778,470,372,820
778,472,476,315
778,473,501,831
778,475,573,649
778,476,630,662
778,481,662,836
778,483,708,309
778,490,812,377
778,491,828,616
778,496,20,490
778,498,69,551
778,499,127,610
778,501,309,512
778,504,315,301
778,505,356,657
778,508,553,589
778,512,682,359
778,520,743,372
778,525,763,630
778,528,845,69
778,534,10,366
778,540,240,573
778,542,528,622
778,545,554,667
778,549,829,465
778,551,77,499
778,553,144,588
778,554,202,845
778,559,301,483
778,567,316,528
778,568,508,370
778,570,6,132
778,573,364,372
778,588,472,501
778,589,559,606
778,591,771,662
778,592,359,682
778,593,470,759
778,597,475,472
778,601,505,364
778,606,542,365
778,610,551,473
778,616,667,75
778,622,824,356
778,630,7,475
778,632,370,6
778,633,377,98
778,649,473,306
778,657,512,823
778,662,567,846
778,667,592,504
778,682,831,505
778,703,834,559
778,708,465,567
778,743,481,824
778,759,540,842
778,763,842,525
778,764,496,127
778,771,498,20
778,776,520,44
778,812,606,316
778,815,759,470
778,820,776,542
778,821,225,776
778,823,264,2
778,824,588,10
778,828,597,20
778,829,610,69
778,831,848,235
778,834,134,481
778,836,144,828
778,837,483,847
778,839,490,6
778,840,491,7
778,842,525,77
778,843,534,496
778,845,549,134
778,846,591,235
778,847,504,377
778,848,505,554
790,NULL,632,743
790,2,649,144
790,6,703,567
790,7,759,593
790,10,815,14
790,14,6,570
790,20,7,667
790,44,476,840
790,69,481,845
790,78,491,657
790,80,496,234
790,98,591,559
790,127,633,290
790,132,708,528
790,134,819,777
790,135,834,153
790,144,835,366
790,153,846,472
790,223,852,630
790,224,10,632
790,225,20,622
790,234,44,649
790,235,144,703
790,240,271,568
790,271,407,491
790,290,472,545
790,301,542,592
790,306,545,601
790,309,601,633
790,315,657,20
790,316,662,98
790,356,743,490
790,360,14,839
790,365,127,78
790,366,134,842
790,370,224,852
790,372,234,2
790,377,290,534
790,407,490,588
790,464,849,703
790,465,132,508
790,470,473,841
790,472,480,225
790,473,504,480
790,475,667,551
790,476,682,764
790,480,777,821
790,481,820,829
790,483,839,223
790,490,841,496
790,491,843,525
790,496,2,771
790,498,80,776
790,499,301,834
790,501,306,NULL
790,504,365,271
790,505,377,708
790,508,517,573
790,512,764,591
790,517,NULL,498
790,525,135,512
790,528,153,315
790,534,225,356
790,540,366,464
790,542,534,465
790,545,567,505
790,549,573,597
790,551,593,759
790,553,606,836
790,554,763,127
790,559,776,10
790,567,821,224
790,568,824,365
790,570,98,849
790,573,309,407
790,588,512,473
790,591,836,549
790,592,845,553
790,593,315,554
790,597,360,610
790,601,540,370
790,606,549,135
790,610,554,831
790,612,630,80
790,622,771,132
790,630,823,483
790,632,829,606
790,633,223,610
790,649,235,823
790,657,356,824
790,662,465,843
790,667,470,309
790,682,475,360
790,703,553,481
790,708,588,501
790,743,592,505
790,759,610,820
790,763,622,835
790,764,812,134
790,771,848,224
790,776,508,475
790,777,842,301
790,812,843,504
790,815,525,848
790,819,847,235
790,820,78,476
790,821,240,662
790,823,316,812
790,824,372,845
790,829,464,847
790,831,551,44
790,834,840,69
790,835,568,366
790,836,612,372
790,839,370,540
790,840,465,6
790,841,499,7
790,842,559,20
790,843,498,225
790,845,69,240
790,846,597,682
790,847,601,846
790,848,610,80
790,849,630,132
790,852,501,134
795,6,504,144
795,7,505,153
795,10,508,483
795,14,528,551
795,20,539,610
795,44,559,662
795,69,771,759
795,75,777,763
795,77,809,309
795,78,820,834
795,80,823,75
795,98,826,202
795,127,828,377
795,132,840,490
795,134,842,545
795,143,573,534
795,144,759,601
795,153,763,826
795,202,848,407
795,223,6,708
795,225,98,134
795,234,377,820
795,235,407,824
795,240,472,852
795,264,588,44
795,271,835,616
795,290,20,632
795,291,223,777
795,301,551,836
795,306,567,845
795,309,612,776
795,315,662,591
795,316,667,301
795,356,841,365
795,359,846,821
795,364,14,771
795,365,77,835
795,366,127,841
795,370,134,98
795,377,476,567
795,407,496,480
795,458,616,496
795,464,44,504
795,465,153,559
795,472,264,597
795,473,512,610
795,475,682,831
795,476,703,840
795,480,708,553
795,481,69,225
795,483,132,573
795,490,143,622
795,491,202,667
795,496,225,491
795,498,240,290
795,499,473,542
795,501,481,568
795,504,483,588
795,505,542,69
795,508,632,291
795,512,776,306
795,517,649,364
795,528,836,366
795,534,843,370
795,539,234,823
795,540,370,842
795,542,549,843
795,545,568,498
795,549,812,472
795,551,821,593
795,553,845,848
795,559,144,465
795,567,235,505
795,568,291,570
795,570,301,682
795,573,306,612
795,588,458,809
795,589,553,848
795,591,7,80
795,593,290,606
795,597,364,223
795,601,591,703
795,606,610,847
795,610,831,7
795,612,80,473
795,616,309,649
795,622,356,235
795,632,465,499
795,649,534,77
795,662,824,78
795,667,852,458
795,682,480,539
795,703,545,815
795,708,593,271
795,759,10,20
795,763,315,240
795,771,365,356
795,776,540,464
795,777,75,264
795,809,464,315
795,812,834,316
795,815,490,234
795,820,597,508
795,821,78,589
795,823,366,846
795,824,475,6
795,826,498,127
795,828,606,499
795,831,815,540
795,834,847,475
795,835,271,476
795,836,316,501
795,840,359,144
795,841,622,315
795,842,589,512
795,843,491,528
795,845,499,828
795,846,501,14
795,847,540,593
795,848,601,812
795,852,622,127
809,NULL,649,143
809,6,708,570
809,7,771,601
809,10,816,763
809,14,10,475
809,20,132,476
809,44,633,499
809,69,776,824
809,75,795,225
809,77,815,470
809,78,823,703
809,80,824,10
809,127,831,364
809,132,837,525
809,134,839,591
809,143,539,597
809,144,821,44
809,153,835,540
809,202,849,743
809,223,7,291
809,224,75,472
809,225,143,504
809,234,464,542
809,235,465,309
809,240,470,539
809,271,476,630
809,290,480,682
809,291,491,843
809,301,567,464
809,306,570,795
809,309,657,841
809,315,667,834
809,316,682,132
809,356,826,616
809,359,842,520
809,360,852,NULL
809,364,NULL,593
809,365,6,849
809,366,20,816
809,370,77,301
809,377,501,777
809,458,662,840
809,464,78,235
809,465,223,612
809,470,475,771
809,472,481,837
809,473,505,223
809,475,841,549
809,476,202,491
809,480,291,567
809,481,508,657
809,490,520,662
809,491,525,458
809,498,601,821
809,499,610,554
809,501,365,592
809,504,366,835
809,505,472,153
809,508,554,290
809,512,703,820
809,520,759,360
809,525,777,480
809,528,840,559
809,539,14,473
809,540,549,633
809,542,592,846
809,549,828,481
809,551,836,234
809,554,848,622
809,559,224,490
809,567,240,512
809,570,360,836
809,573,490,649
809,588,591,667
809,589,593,743
809,591,616,848
809,592,69,508
809,593,498,551
809,597,499,759
809,601,573,708
809,606,589,831
809,610,606,573
809,612,743,828
809,616,847,80
809,622,44,134
809,630,364,224
809,633,458,842
809,649,528,356
809,657,597,498
809,662,630,815
809,667,843,823
809,682,80,847
809,703,127,14
809,708,144,69
809,743,225,75
809,759,290,127
809,763,834,309
809,771,473,370
809,776,820,852
809,777,134,7
809,795,234,20
809,815,306,77
809,816,316,127
809,820,356,365
809,821,377,465
809,823,512,826
809,824,559,78
809,826,612,144
809,828,153,306
809,831,309,316
809,834,315,359
809,835,588,505
809,836,622,540
809,837,777,703
809,839,271,240
809,840,540,290
809,841,846,589
809,842,235,593
809,843,359,520
809,846,301,542
809,847,309,567
809,848,315,528
809,849,370,588
809,852,377,703
811,NULL,458,763
811,6,465,264
811,7,473,301
811,10,490,545
811,14,505,365
811,20,759,132
811,44,763,570
811,69,777,616
811,75,819,649
811,77,821,667
811,80,828,421
811,127,835,559
811,132,841,612
811,134,845,633
811,143,622,662
811,144,776,703
811,202,NULL,458
811,223,14,472
811,224,127,475
811,225,132,589
811,235,223,7
811,240,290,498
811,264,589,499
811,290,592,771
811,291,593,841
811,301,612,528
811,306,630,407
811,309,632,468
811,315,708,480
811,316,812,553
811,356,840,816
811,359,551,842
811,360,606,852
811,364,823,568
811,365,7,819
811,366,235,223
811,370,291,501
811,372,315,551
811,377,508,812
811,407,520,490
811,421,525,491
811,458,633,567
811,464,75,831
811,465,224,839
811,468,264,481
811,470,421,592
811,472,501,593
811,473,540,682
811,475,847,824
811,476,10,235
811,480,301,240
811,481,407,14
811,490,545,840
811,491,553,225
811,496,554,377
811,498,567,44
811,499,568,309
811,501,831,316
811,504,834,143
811,505,846,359
811,508,649,465
811,512,771,473
811,517,496,508
811,520,512,777
811,525,616,306
811,528,662,356
811,534,682,464
811,540,815,505
811,545,839,496
811,549,849,127
811,551,80,235
811,553,143,708
811,554,225,776
811,559,306,815
811,567,464,823
811,568,836,828
811,570,370,836
811,573,517,849
811,589,667,370
811,591,703,843
811,592,837,372
811,593,843,470
811,601,472,573
811,606,528,69
811,610,534,360
811,612,573,364
811,616,824,512
811,622,842,525
811,630,77,601
811,632,316,606
811,633,470,847
811,649,591,NULL
811,662,610,622
811,667,134,821
811,682,309,820
811,703,356,834
811,708,359,291
811,759,366,315
811,763,570,80
811,771,852,75
811,776,44,549
811,777,69,591
811,812,144,759
811,815,360,476
811,816,491,632
811,819,240,10
811,820,480,848
811,821,499,75
811,823,559,6
811,824,364,69
811,828,365,559
811,831,816,610
811,834,820,134
811,835,202,366
811,836,481,144
811,837,6,202
811,839,20,224
811,840,77,630
811,841,127,846
811,842,134,849
811,843,475,20
811,845,848,356
811,846,372,554
811,847,377,622
811,848,465,852
811,849,470,6
811,852,549,20
812,NULL,616,490
812,2,657,554
812,6,764,79
812,14,69,553
812,20,134,616
812,26,421,473
812,44,662,505
812,69,778,591
812,75,811,610
812,77,823,44
812,79,NULL,632
812,80,2,682
812,98,80,846
812,127,224,202
812,134,306,470
812,135,458,525
812,144,464,540
812,202,498,592
812,224,559,617
812,225,568,6
812,235,570,291
812,240,601,421
812,291,617,852
812,306,622,NULL
812,309,633,834
812,315,743,545
812,316,820,235
812,356,845,501
812,364,26,551
812,366,291,570
812,370,315,601
812,372,364,617
812,377,505,481
812,421,828,520
812,458,632,622
812,464,77,743
812,465,135,778
812,470,480,98
812,472,525,763
812,473,610,834
812,475,849,309
812,480,370,657
812,481,520,703
812,490,553,837
812,496,846,2
812,498,75,777
812,499,372,549
812,501,490,849
812,504,667,77
812,505,829,559
812,508,592,657
812,512,708,771
812,520,777,836
812,525,824,475
812,540,852,472
812,545,14,475
812,549,20,498
812,551,202,26
812,553,225,306
812,554,465,370
812,559,470,633
812,567,472,708
812,568,512,811
812,570,127,795
812,591,682,820
812,592,235,316
812,601,567,14
812,606,501,845
812,610,545,134
812,612,554,135
812,616,831,356
812,617,144,127
812,622,240,843
812,630,473,848
812,632,496,840
812,633,508,316
812,657,545,508
812,662,591,778
812,667,795,75
812,682,840,80
812,703,44,144
812,708,309,364
812,743,366,496
812,759,612,499
812,763,630,606
812,764,703,790
812,771,790,841
812,777,837,842
812,778,848,377
812,790,540,568
812,795,759,225
812,811,834,662
812,820,98,759
812,823,475,831
812,824,481,240
812,828,499,316
812,829,549,840
812,831,356,364
812,834,771,372
812,836,841,366
812,837,842,824
812,840,6,315
812,841,836,356
812,842,316,823
812,843,356,6
812,845,370,20
812,846,377,306
812,848,470,829
812,849,472,69
812,852,473,224
815,NULL,476,264
815,2,480,473
815,6,481,539
815,7,525,132
815,10,539,234
815,14,542,153
815,20,617,407
815,26,759,475
815,44,771,481
815,69,790,554
815,75,809,291
815,77,811,501
815,98,820,464
815,127,821,606
815,132,NULL,612
815,134,2,616
815,144,132,465
815,153,290,633
815,202,356,662
815,223,360,682
815,224,364,708
815,225,365,795
815,234,465,NULL
815,240,475,26
815,264,612,77
815,290,616,504
815,291,630,360
815,306,633,372
815,309,649,534
815,316,657,539
815,356,848,540
815,359,778,545
815,360,10,559
815,364,69,657
815,365,202,7
815,366,223,134
815,372,407,202
815,377,534,309
815,407,545,610
815,421,839,823
815,464,127,224
815,465,377,776
815,470,490,778
815,472,559,632
815,473,662,553
815,475,823,829
815,476,828,472
815,480,306,520
815,481,505,69
815,490,554,525
815,491,567,848
815,501,764,2
815,504,224,630
815,505,240,649
815,508,667,809
815,520,708,505
815,525,831,567
815,534,837,828
815,539,26,316
815,540,264,490
815,542,606,508
815,545,795,359
815,553,98,365
815,554,153,837
815,559,473,843
815,567,501,144
815,606,682,542
815,610,703,559
815,612,743,617
815,616,776,764
815,617,852,7
815,622,14,476
815,630,464,553
815,632,491,836
815,633,7,225
815,649,632,364
815,657,134,470
815,662,144,44
815,667,472,223
815,682,540,240
815,703,829,852
815,708,836,14
815,743,845,839
815,759,75,356
815,764,234,365
815,771,470,491
815,776,840,421
815,778,309,554
815,790,508,667
815,795,6,127
815,809,520,290
815,811,316,708
815,820,834,771
815,821,44,840
815,823,225,20
815,828,291,75
815,829,846,10
815,831,20,365
815,834,372,759
815,836,610,778
815,837,622,811
815,839,649,845
815,840,366,306
815,843,473,309
815,845,490,525
815,846,77,567
815,848,127,622
815,852,134,743
816,2,234,776
816,6,470,837
816,7,480,841
816,10,491,508
816,14,534,606
816,20,763,835
816,44,776,421
816,75,821,464
816,77,846,512
816,78,20,539
816,80,98,617
816,98,132,632
816,127,225,759
816,132,235,591
816,134,315,829
816,135,553,75
816,144,809,224
816,153,829,316
816,202,2,498
816,223,80,499
816,224,134,553
816,225,223,845
816,234,472,849
816,235,473,153
816,240,499,132
816,264,539,472
816,271,836,847
816,290,498,567
816,291,504,573
816,301,616,534
816,306,649,610
816,309,662,7
816,315,828,491
816,316,831,588
816,356,835,682
816,360,291,811
816,364,366,10
816,365,377,568
816,366,490,657
816,370,501,202
816,372,505,597
816,377,525,301
816,421,588,315
816,464,135,630
816,465,271,809
816,468,306,823
816,470,481,291
816,472,567,306
816,473,573,559
816,480,743,366
816,481,759,473
816,490,777,234
816,491,845,662
816,498,847,549
816,499,852,78
816,501,6,127
816,504,240,235
816,505,360,480
816,508,612,743
816,512,834,135
816,525,841,763
816,528,849,20
816,534,14,98
816,539,316,153
816,540,508,470
816,542,568,836
816,545,591,846
816,549,682,6
816,551,75,465
816,553,78,468
816,554,127,528
816,559,528,540
816,567,540,616
816,568,542,667
816,573,551,505
816,588,597,77
816,589,657,622
816,591,764,840
816,597,144,370
816,601,617,612
816,606,667,356
816,610,811,360
816,612,290,504
816,616,356,490
816,617,364,542
816,622,823,763
816,630,824,852
816,632,837,290
816,649,848,824
816,657,202,80
816,662,365,372
816,667,545,501
816,682,549,2
816,703,554,14
816,743,589,144
816,759,77,364
816,763,464,632
816,764,601,703
816,776,703,831
816,777,10,309
816,809,224,365
816,811,468,240
816,821,610,366
816,823,843,589
816,824,840,764
816,828,44,848
816,829,301,20
816,831,370,271
816,834,372,315
816,835,606,525
816,836,622,554
816,837,7,682
816,840,134,821
816,841,309,834
816,843,630,10
816,845,465,649
816,846,470,828
816,847,559,224
816,848,632,225
816,849,682,481
816,852,153,551
819,2,407,573
819,6,475,143
819,7,476,470
819,10,501,472
819,14,520,476
819,20,846,271
819,26,465,501
819,75,468,553
819,77,480,649
819,78,481,662
819,79,657,840
819,98,834,421
819,127,836,465
819,132,10,483
819,134,14,490
819,135,202,567
819,143,588,657
819,144,837,776
819,202,77,841
819,224,144,75
819,225,235,290
819,234,470,480
819,235,472,356
819,240,504,365
819,264,593,26
819,271,839,528
819,290,483,545
819,306,554,743
819,309,708,540
819,315,763,601
819,356,98,777
819,360,490,14
819,364,496,843
819,365,568,10
819,366,610,512
819,370,612,539
819,377,622,588
819,407,662,79
819,421,840,240
819,458,649,473
819,464,134,551
819,465,290,597
819,468,360,834
819,470,491,606
819,472,573,612
819,473,667,78
819,475,6,132
819,476,20,846
819,480,365,234
819,481,534,468
819,483,549,508
819,490,606,6
819,491,759,20
819,496,79,759
819,498,143,837
819,499,377,7
819,501,498,525
819,504,525,315
819,505,545,496
819,508,630,542
819,512,743,589
819,520,366,667
819,525,464,79
819,528,553,98
819,534,597,458
819,539,601,504
819,540,777,708
819,542,790,135
819,545,847,499
819,549,26,520
819,551,78,630
819,553,132,811
819,554,224,835
819,559,458,839
819,567,505,633
819,568,539,481
819,573,567,554
819,588,632,847
819,589,703,568
819,592,127,743
819,593,499,309
819,597,551,491
819,601,592,464
819,606,776,763
819,610,843,366
819,612,135,2
819,622,306,144
819,630,508,703
819,632,512,360
819,633,528,377
819,649,542,593
819,657,553,790
819,662,559,77
819,667,589,224
819,703,2,365
819,708,7,549
819,743,540,551
819,759,835,134
819,763,841,306
819,776,234,836
819,777,421,127
819,790,225,505
819,811,473,534
819,834,633,545
819,835,662,127
819,836,811,475
819,837,315,364
819,839,240,370
819,840,356,610
819,841,364,235
819,842,370,364
819,843,499,475
819,846,545,667
819,847,271,834
820,2,372,588
820,6,490,812
820,7,499,829
820,10,504,837
820,20,509,464
820,26,512,465
820,44,743,823
820,69,795,815
820,77,812,551
820,78,824,743
820,80,834,828
820,98,837,234
820,127,839,498
820,132,69,509
820,134,98,778
820,144,225,301
820,225,264,534
820,234,491,809
820,235,542,264
820,240,553,356
820,264,616,542
820,290,649,593
820,291,829,632
820,301,835,633
820,306,843,662
820,309,2,483
820,316,6,612
820,356,10,824
820,360,465,475
820,365,470,476
820,366,475,839
820,370,476,592
820,372,528,630
820,377,573,240
820,464,80,360
820,465,301,504
820,468,370,539
820,470,483,589
820,472,568,540
820,473,612,501
820,475,845,528
820,476,78,597
820,480,472,610
820,481,540,826
820,483,597,80
820,490,633,554
820,491,662,790
820,498,811,622
820,499,841,759
820,501,132,795
820,504,235,834
820,505,468,843
820,508,703,848
820,509,480,7
820,512,508,26
820,525,551,225
820,528,591,377
820,534,771,6
820,539,823,20
820,540,505,372
820,542,622,708
820,549,840,776
820,551,846,811
820,553,847,831
820,554,290,841
820,568,309,846
820,573,356,616
820,588,473,499
820,589,539,845
820,591,708,842
820,592,26,852
820,593,464,290
820,597,481,366
820,601,630,835
820,606,828,649
820,610,848,778
820,612,377,132
820,616,815,306
820,622,826,473
820,630,849,490
820,632,498,553
820,633,501,44
820,649,588,127
820,662,790,491
820,667,831,525
820,682,20,601
820,703,77,632
820,708,234,847
820,743,534,69
820,759,593,144
820,771,240,849
820,776,525,2
820,778,549,10
820,790,601,490
820,795,682,480
820,809,759,481
820,811,7,499
820,812,44,505
820,815,127,771
820,823,132,848
820,824,776,365
820,826,842,549
820,828,127,597
820,829,144,316
820,831,667,465
820,834,306,468
820,835,316,573
820,837,365,703
820,839,778,77
820,840,809,134
820,841,134,291
820,842,366,235
820,843,554,316
820,845,592,370
820,846,606,98
820,847,610,606
820,848,291,78
820,849,309,365
820,852,632,512
821,NULL,703,540
821,2,775,290
821,6,778,301
821,7,790,836
821,10,811,837
821,14,815,NULL
821,44,816,657
821,69,831,743
821,75,834,763
821,77,848,475
821,78,528,824
821,80,589,843
821,98,601,848
821,127,649,224
821,132,75,632
821,134,316,610
821,135,554,491
821,144,795,496
821,202,78,682
821,223,127,777
821,224,264,520
821,225,291,559
821,234,496,775
821,235,551,315
821,240,559,509
821,264,622,764
821,271,837,834
821,290,69,616
821,291,224,662
821,301,539,377
821,306,573,553
821,309,763,14
821,315,829,372
821,316,840,499
821,356,134,542
821,359,612,545
821,364,657,589
821,365,667,778
821,366,776,667
821,370,202,828
821,372,499,852
821,377,616,525
821,464,NULL,567
821,465,6,78
821,470,476,271
821,475,509,291
821,476,567,356
821,480,826,365
821,481,846,568
821,483,849,44
821,490,852,75
821,491,135,240
821,496,223,364
821,498,225,597
821,499,481,649
821,501,483,708
821,504,490,132
821,505,512,841
821,508,662,815
821,509,504,10
821,512,777,534
821,520,836,316
821,525,843,359
821,528,80,476
821,534,240,601
821,539,315,612
821,540,475,622
821,542,682,630
821,545,828,134
821,551,234,465
821,553,377,512
821,554,505,846
821,559,553,498
821,567,632,826
821,568,845,135
821,573,271,370
821,589,301,616
821,591,10,795
821,593,508,480
821,597,534,771
821,601,743,551
821,606,764,7
821,610,44,223
821,612,364,508
821,616,365,776
821,622,480,831
821,630,491,80
821,632,824,464
821,649,842,234
821,657,470,591
821,662,568,811
821,667,77,816
821,682,290,849
821,703,306,127
821,708,464,366
821,743,545,528
821,763,809,826
821,764,98,554
821,771,525,809
821,775,372,44
821,776,593,504
821,777,591,790
821,778,597,98
821,790,14,309
821,795,359,505
821,809,542,840
821,811,606,847
821,815,309,490
821,816,356,649
821,824,498,842
821,826,366,845
821,828,708,2
821,829,841,144
821,831,847,539
821,834,848,6
821,836,235,470
821,837,144,593
821,840,224,829
821,841,370,10
821,842,465,235
821,843,540,606
821,845,610,481
821,846,7,491
821,847,98,764
821,848,520,69
821,849,2,77
821,852,630,225
823,NULL,708,589
823,2,778,549
823,6,795,234
823,7,809,499
823,10,836,591
823,20,848,657
823,26,473,667
823,44,483,682
823,69,498,606
823,75,509,NULL
823,77,520,309
823,78,553,364
823,80,592,421
823,98,606,465
823,127,667,483
823,132,759,649
823,135,826,837
823,144,829,840
823,153,847,528
823,202,80,534
823,223,235,567
823,224,306,764
823,225,309,616
823,234,525,708
823,235,549,811
823,240,567,223
823,264,632,703
823,291,763,2
823,301,771,356
823,306,777,498
823,309,816,559
823,315,835,568
823,316,839,592
823,356,223,633
823,359,815,26
823,364,75,80
823,365,132,464
823,366,153,501
823,370,301,525
823,372,512,573
823,421,601,630
823,464,144,775
823,465,315,135
823,468,359,662
823,470,499,743
823,472,588,778
823,473,764,843
823,475,7,539
823,480,470,554
823,483,834,610
823,490,842,763
823,498,98,812
823,499,490,776
823,501,528,820
823,505,597,826
823,508,657,846
823,509,225,44
823,512,365,78
823,520,505,359
823,525,554,632
823,528,559,809
823,534,2,843
823,539,240,845
823,542,616,512
823,549,841,542
823,553,26,475
823,554,370,612
823,559,593,622
823,567,811,842
823,568,831,509
823,573,534,601
823,588,539,316
823,589,568,365
823,591,649,835
823,592,364,777
823,593,542,847
823,597,612,224
823,601,633,291
823,606,812,836
823,610,845,480
823,612,846,777
823,616,20,815
823,622,743,816
823,630,820,848
823,632,843,849
823,633,234,7
823,649,790,10
823,657,849,593
823,662,44,771
823,667,475,852
823,682,573,98
823,703,589,202
823,708,6,77
823,743,78,508
823,759,372,75
823,763,682,841
823,764,127,473
823,771,468,301
823,775,501,366
823,776,837,370
823,777,776,372
823,778,622,470
823,790,135,588
823,795,464,153
823,809,472,306
823,811,480,372
823,812,508,472
823,815,840,505
823,816,852,597
823,820,2,776
823,826,10,795
823,829,465,127
823,831,662,499
823,834,703,542
823,835,708,225
823,836,69,235
823,837,202,240
823,839,224,132
823,840,225,490
823,841,366,520
823,842,591,6
823,843,610,356
823,845,316,553
823,846,356,790
823,847,365,811
823,848,366,20
823,849,372,26
823,852,464,223
824,NULL,465,377
824,2,476,545
824,6,509,568
824,7,512,775
824,10,528,475
824,14,539,464
824,20,771,795
824,26,498,588
824,44,775,601
824,69,809,225
824,75,836,407
824,78,468,473
824,80,520,657
824,98,632,776
824,127,743,790
824,132,811,821
824,144,816,504
824,153,852,837
824,202,144,98
824,223,240,NULL
824,224,290,839
824,225,315,476
824,234,504,481
824,235,567,144
824,240,568,223
824,271,841,365
824,290,517,498
824,301,553,520
824,306,657,528
824,315,837,554
824,316,843,315
824,356,235,845
824,360,481,841
824,364,759,14
824,365,764,847
824,366,812,849
824,370,26,606
824,372,360,271
824,377,649,290
824,407,271,573
824,464,306,840
824,465,364,153
824,468,372,240
824,470,554,597
824,472,601,743
824,473,839,499
824,475,14,512
824,476,224,633
824,481,606,682
824,483,795,306
824,490,80,505
824,491,223,811
824,496,473,630
824,498,616,517
824,499,708,593
824,504,820,809
824,505,7,820
824,509,483,842
824,512,790,44
824,517,633,78
824,520,662,301
824,525,849,816
824,528,6,234
824,539,365,370
824,540,407,509
824,545,496,559
824,553,842,573
824,554,98,708
824,559,499,829
824,567,829,846
824,568,NULL,235
824,573,525,360
824,588,540,472
824,593,622,649
824,597,225,778
824,601,777,843
824,606,821,2
824,616,845,499
824,622,505,202
824,630,667,316
824,632,776,372
824,633,132,75
824,649,153,364
824,657,593,465
824,662,848,525
824,667,75,616
824,682,545,771
824,708,10,809
824,743,127,812
824,759,301,6
824,764,370,7
824,771,490,69
824,775,202,78
824,776,234,356
824,777,470,496
824,778,475,622
824,790,588,632
824,795,847,662
824,809,69,777
824,811,491,852
824,812,377,490
824,816,597,491
824,820,846,829
824,821,356,836
824,829,682,366
824,834,78,848
824,836,573,26
824,837,20,132
824,839,559,539
824,840,778,759
824,841,464,849
824,842,472,2
824,843,44,468
824,845,834,224
824,846,316,540
824,847,356,10
824,848,366,127
824,849,377,483
824,852,465,504
826,2,505,820
826,6,573,821
826,10,606,202
826,44,795,763
826,75,839,852
826,98,845,372
826,127,849,657
826,134,852,835
826,135,10,841
826,144,153,235
826,153,306,498
826,202,360,539
826,224,365,549
826,235,464,592
826,290,512,809
826,301,592,834
826,306,759,573
826,315,842,593
826,316,44,839
826,356,472,843
826,360,480,10
826,364,98,534
826,365,290,837
826,366,364,153
826,370,475,134
826,372,593,6
826,421,301,553
826,464,315,306
826,472,610,842
826,473,809,849
826,475,75,360
826,480,499,473
826,481,542,315
826,491,616,499
826,498,657,616
826,499,834,795
826,505,202,472
826,512,372,505
826,534,473,542
826,539,481,567
826,540,491,759
826,542,567,135
826,549,823,153
826,553,837,364
826,554,539,836
826,567,2,491
826,573,554,512
826,592,764,144
826,593,534,633
826,597,549,823
826,606,127,44
826,610,632,75
826,612,633,127
826,616,836,845
826,622,843,224
826,632,743,846
826,633,421,301
826,657,821,316
826,743,841,464
826,759,846,610
826,763,2,554
826,764,6,622
826,795,134,610
826,809,763,567
826,820,823,366
826,821,235,480
826,823,370,597
826,834,498,98
826,835,540,743
826,836,356,134
826,837,597,356
826,839,622,360
826,841,820,540
826,842,823,610
826,843,135,622
826,845,144,606
826,846,202,370
826,849,316,764
826,852,366,2
828,NULL,370,771
828,2,465,483
828,6,501,612
828,7,534,144
828,10,545,240
828,14,549,306
828,20,778,662
828,44,809,10
828,69,811,534
828,75,841,821
828,78,568,839
828,80,570,301
828,127,759,69
828,132,144,225
828,134,360,472
828,143,633,539
828,144,848,549
828,153,309,20
828,202,364,309
828,224,372,470
828,225,468,291
828,235,470,504
828,240,512,14
828,291,540,44
828,301,622,763
828,306,682,778
828,309,771,820
828,315,839,NULL
828,316,847,2
828,356,240,127
828,360,476,593
828,364,80,708
828,365,225,811
828,370,491,834
828,372,504,224
828,377,612,315
828,421,815,567
828,464,153,597
828,465,365,606
828,468,377,153
828,470,520,759
828,472,776,809
828,475,69,847
828,476,496,667
828,481,601,839
828,483,837,505
828,490,525,143
828,491,657,356
828,496,235,525
828,498,306,816
828,499,483,840
828,501,597,632
828,504,764,202
828,505,143,470
828,508,743,496
828,512,812,501
828,520,821,508
828,525,10,610
828,528,301,764
828,534,356,777
828,539,475,835
828,540,559,528
828,542,662,795
828,545,846,7
828,549,6,649
828,559,505,545
828,567,508,573
828,568,593,837
828,570,14,360
828,573,528,591
828,591,816,616
828,593,610,364
828,597,632,78
828,601,649,235
828,606,78,540
828,610,834,815
828,612,539,6
828,616,777,134
828,622,795,465
828,632,2,476
828,633,498,512
828,649,606,841
828,657,NULL,372
828,662,20,812
828,667,490,836
828,682,591,848
828,703,820,849
828,708,75,80
828,743,134,316
828,759,542,568
828,763,567,776
828,764,616,481
828,771,708,490
828,776,835,542
828,777,845,657
828,778,7,703
828,795,472,846
828,809,499,370
828,811,504,464
828,812,127,559
828,815,224,491
828,816,763,240
828,820,849,499
828,821,132,743
828,834,842,365
828,835,573,667
828,836,667,845
828,837,291,475
828,839,315,520
828,840,316,225
828,841,421,240
828,842,703,132
828,845,836,622
828,846,840,75
828,847,202,235
828,848,224,377
828,849,464,682
829,NULL,481,372
829,2,501,69
829,6,592,365
829,7,815,464
829,10,839,540
829,14,223,567
829,20,224,470
829,44,777,649
829,69,812,14
829,75,301,316
829,78,616,481
829,98,831,592
829,127,847,504
829,132,316,815
829,134,370,301
829,144,841,315
829,153,315,496
829,202,365,499
829,223,366,309
829,224,377,480
829,234,820,6
829,235,240,271
829,240,309,472
829,271,480,845
829,291,512,852
829,301,632,551
829,306,703,559
829,309,821,743
829,315,840,153
829,316,7,234
829,356,271,839
829,364,372,778
829,365,464,820
829,366,491,821
829,370,496,554
829,372,591,78
829,377,667,468
829,464,202,545
829,465,470,144
829,468,291,98
829,470,528,235
829,472,612,240
829,475,98,525
829,480,504,777
829,481,551,790
829,490,649,824
829,491,708,831
829,496,69,834
829,499,597,612
829,501,633,370
829,504,520,836
829,505,549,610
829,512,759,520
829,520,776,549
829,525,823,591
829,528,852,816
829,534,78,846
829,539,499,NULL
829,540,588,2
829,545,848,202
829,549,44,291
829,551,235,366
829,554,490,633
829,559,610,662
829,567,849,841
829,588,144,846
829,591,153,75
829,592,505,377
829,593,540,490
829,597,790,356
829,606,824,364
829,610,662,528
829,612,567,708
829,616,132,823
829,622,778,7
829,632,75,505
829,633,306,539
829,649,593,540
829,662,845,588
829,667,525,759
829,682,534,852
829,703,14,475
829,708,475,812
829,743,539,20
829,759,545,512
829,776,816,667
829,777,20,840
829,778,834,616
829,790,234,10
829,812,6,682
829,815,682,291
829,816,846,534
829,820,472,847
829,821,743,127
829,823,2,132
829,824,10,491
829,831,127,549
829,834,468,776
829,836,134,848
829,839,465,134
829,840,622,465
829,841,554,127
829,845,559,306
829,846,364,377
829,847,372,551
829,848,356,622
829,849,364,703
829,852,365,NULL
831,NULL,366,79
831,2,483,143
831,6,589,509
831,7,601,771
831,10,775,496
831,14,143,534
831,20,234,775
831,26,501,525
831,44,509,622
831,69,512,630
831,75,778,703
831,79,2,842
831,98,153,606
831,127,306,153
831,143,630,476
831,144,849,483
831,153,316,553
831,202,370,468
831,223,480,470
831,224,481,472
831,225,490,360
831,234,815,465
831,235,225,481
831,240,301,610
831,271,491,633
831,291,545,795
831,301,633,843
831,306,771,224
831,309,795,464
831,315,846,852
831,316,127,567
831,356,476,815
831,360,496,235
831,364,568,271
831,365,588,223
831,366,809,356
831,370,271,616
831,377,592,649
831,458,657,601
831,464,235,365
831,465,360,573
831,468,364,589
831,470,549,812
831,472,842,2
831,473,848,14
831,475,79,612
831,476,240,820
831,480,458,657
831,481,468,7
831,483,470,291
831,490,573,811
831,491,667,306
831,496,504,520
831,499,612,588
831,501,790,NULL
831,504,812,240
831,505,465,829
831,509,540,847
831,512,816,849
831,520,829,370
831,525,26,490
831,534,291,75
831,539,554,309
831,540,610,366
831,542,777,759
831,545,20,778
831,549,75,225
831,551,356,816
831,553,223,682
831,554,315,776
831,559,622,845
831,567,6,539
831,568,606,662
831,573,649,6
831,588,662,777
831,589,743,821
831,592,365,98
831,601,539,458
831,606,823,473
831,610,98,480
831,612,616,505
831,616,811,846
831,622,NULL,315
831,630,475,504
831,633,567,202
831,649,759,26
831,657,852,545
831,662,14,549
831,667,520,316
831,682,553,512
831,703,847,520
831,708,377,554
831,743,551,540
831,759,559,667
831,771,843,481
831,775,224,491
831,776,708,551
831,777,821,554
831,778,845,592
831,790,144,708
831,795,473,848
831,809,7,144
831,811,499,127
831,812,505,568
831,815,525,475
831,816,534,559
831,820,542,10
831,821,682,364
831,823,10,539
831,829,44,499
831,842,309,743
831,843,703,44
831,845,202,377
831,846,776,470
831,847,464,501
831,848,69,823
831,849,75,771
831,852,472,790
834,NULL,496,829
834,6,593,840
834,7,811,291
834,10,843,309
834,14,271,819
834,20,301,490
834,26,504,597
834,69,520,407
834,75,775,480
834,77,816,743
834,78,819,468
834,79,6,473
834,80,7,481
834,98,134,826
834,134,483,828
834,135,568,509
834,143,682,512
834,153,135,816
834,223,291,80
834,224,366,290
834,225,372,852
834,235,468,476
834,240,501,811
834,271,525,483
834,290,559,301
834,291,573,370
834,301,667,542
834,306,763,823
834,309,823,98
834,315,NULL,517
834,316,80,223
834,356,480,771
834,359,771,592
834,360,491,271
834,365,517,475
834,366,542,528
834,370,545,588
834,372,592,775
834,377,657,78
834,407,703,79
834,421,826,153
834,465,370,290
834,468,407,372
834,473,759,504
834,475,77,26
834,476,79,235
834,480,509,69
834,481,649,225
834,483,840,356
834,490,153,776
834,491,421,828
834,496,505,616
834,498,662,NULL
834,499,776,821
834,501,795,845
834,504,809,848
834,505,815,6
834,509,588,359
834,512,820,795
834,517,743,573
834,520,837,703
834,525,360,759
834,528,490,843
834,542,778,135
834,545,812,682
834,553,841,763
834,554,842,778
834,559,476,809
834,568,821,545
834,573,597,554
834,588,601,649
834,592,377,501
834,593,616,559
834,597,828,667
834,601,553,143
834,610,633,377
834,616,829,505
834,633,290,517
834,649,315,816
834,657,554,77
834,662,69,498
834,667,98,597
834,682,473,421
834,703,20,790
834,708,26,601
834,743,223,20
834,759,306,240
834,763,847,306
834,771,499,553
834,775,512,568
834,776,824,708
834,778,708,820
834,790,743,847
834,795,845,223
834,809,848,465
834,811,75,593
834,812,224,610
834,815,225,837
834,816,528,841
834,819,610,525
834,820,852,134
834,821,10,316
834,823,309,657
834,824,790,7
834,826,481,224
834,828,143,499
834,829,475,75
834,837,356,366
834,840,365,491
834,841,465,520
834,842,498,812
834,843,542,135
834,845,235,315
834,847,240,366
834,848,316,815
834,852,356,153
835,7,553,528
835,14,573,554
835,20,816,632
835,77,7,633
835,78,633,819
835,80,795,271
835,127,819,421
835,134,20,476
835,144,202,504
835,153,356,505
835,202,366,525
835,224,490,622
835,225,528,708
835,234,823,852
835,235,271,542
835,271,539,14
835,291,549,501
835,301,630,790
835,306,809,20
835,315,225,301
835,316,592,551
835,356,622,667
835,364,127,759
835,365,234,795
835,366,476,202
835,372,662,306
835,421,842,589
835,475,80,657
835,476,372,682
835,490,501,809
835,491,568,771
835,496,77,811
835,501,491,134
835,504,542,153
835,505,551,356
835,525,632,606
835,528,649,764
835,539,657,823
835,540,771,845
835,542,826,366
835,549,847,476
835,551,421,491
835,553,496,539
835,554,589,225
835,559,763,496
835,568,776,540
835,573,601,630
835,588,606,649
835,589,616,820
835,591,811,849
835,592,504,7
835,601,759,592
835,606,153,816
835,616,316,234
835,622,588,743
835,630,591,820
835,632,828,842
835,633,845,144
835,649,764,549
835,657,790,553
835,662,820,573
835,667,540,828
835,682,554,372
835,708,291,591
835,743,301,77
835,759,849,80
835,763,14,776
835,764,306,826
835,771,315,224
835,776,364,235
835,790,667,315
835,795,559,316
835,809,743,364
835,811,505,127
835,816,525,291
835,819,708,588
835,820,847,592
835,823,852,475
835,826,134,539
835,828,224,847
835,842,225,134
835,845,682,559
835,847,235,588
835,849,365,630
835,852,475,78
836,2,539,570
836,6,597,591
836,7,829,667
836,10,26,499
836,14,465,601
836,20,775,612
836,26,540,553
836,44,778,824
836,69,132,829
836,75,135,597
836,77,475,775
836,78,703,472
836,80,812,364
836,98,846,370
836,127,848,828
836,132,223,20
836,134,542,26
836,135,589,549
836,144,826,475
836,202,225,568
836,223,309,610
836,225,360,616
836,234,819,842
836,235,290,377
836,240,316,776
836,271,481,407
836,290,551,501
836,301,708,481
836,306,815,520
836,309,44,554
836,315,301,622
836,316,616,134
836,356,649,301
836,360,610,491
836,364,202,649
836,365,240,662
836,366,483,69
836,370,499,483
836,372,517,790
836,377,811,815
836,407,472,10
836,465,473,223
836,470,501,235
836,472,77,309
836,473,520,545
836,475,127,826
836,476,234,372
836,481,630,271
836,483,841,366
836,490,144,551
836,491,545,816
836,496,559,841
836,499,790,703
836,501,821,764
836,504,372,812
836,505,496,632
836,512,315,777
836,517,662,849
836,520,80,465
836,528,98,540
836,534,570,360
836,539,759,512
836,540,795,847
836,542,809,144
836,545,2,316
836,549,78,528
836,551,271,821
836,553,490,845
836,554,601,809
836,559,816,848
836,567,7,852
836,568,622,225
836,570,377,235
836,573,612,365
836,589,764,778
836,591,849,823
836,597,504,202
836,601,824,470
836,606,847,567
836,610,852,589
836,612,667,630
836,616,134,2
836,622,235,559
836,630,476,539
836,632,505,826
836,649,10,44
836,662,75,80
836,667,553,132
836,703,549,315
836,708,491,542
836,759,568,811
836,764,632,234
836,775,554,465
836,776,14,622
836,777,306,606
836,778,567,473
836,790,776,496
836,795,591,6
836,809,528,75
836,811,534,504
836,812,606,795
836,815,828,476
836,816,845,846
836,819,6,759
836,821,842,505
836,823,20,567
836,824,407,306
836,826,499,356
836,828,512,490
836,829,823,240
836,841,365,290
836,842,573,567
836,845,622,842
836,846,703,127
836,847,821,632
836,848,69,476
836,849,356,240
836,852,364,826
837,NULL,499,80
837,6,622,816
837,7,834,360
837,10,372,592
837,20,498,828
837,79,662,6
837,80,847,202
837,98,849,271
837,127,7,473
837,132,356,501
837,134,458,597
837,135,842,812
837,143,703,483
837,144,828,771
837,153,364,776
837,202,505,79
837,223,79,465
837,225,366,490
837,234,841,470
837,235,291,505
837,240,539,554
837,271,852,777
837,290,540,815
837,291,554,225
837,301,811,315
837,315,6,610
837,316,153,632
837,356,481,649
837,360,649,841
837,364,235,842
837,365,472,132
837,366,520,143
837,370,525,223
837,372,570,364
837,458,708,534
837,465,475,366
837,470,553,819
837,472,223,134
837,473,559,290
837,475,132,570
837,481,809,234
837,483,134,458
837,490,568,528
837,491,771,545
837,498,821,622
837,499,NULL,662
837,501,98,820
837,504,290,475
837,505,483,491
837,520,491,847
837,525,501,849
837,528,143,834
837,534,465,153
837,539,504,301
837,540,551,809
837,545,815,811
837,549,819,98
837,551,240,498
837,553,360,520
837,554,776,682
837,559,778,821
837,568,812,824
837,570,80,708
837,588,135,10
837,591,820,235
837,592,823,356
837,593,777,291
837,597,816,539
837,610,826,549
837,622,597,591
837,632,271,20
837,649,301,127
837,662,315,144
837,682,316,553
837,703,365,823
837,708,473,568
837,771,528,852
837,776,592,6
837,777,545,7
837,778,549,135
837,809,559,472
837,811,824,6
837,812,632,240
837,815,20,540
837,816,591,316
837,819,593,365
837,820,470,473
837,821,534,703
837,823,588,778
837,824,234,481
837,826,290,499
837,828,682,570
837,834,10,568
837,841,202,NULL
837,842,225,223
837,847,490,271
837,849,559,356
837,852,127,588
839,NULL,377,509
839,6,809,559
839,7,846,601
839,10,44,826
839,14,421,10
839,20,820,98
839,26,525,127
839,44,790,498
839,69,225,520
839,75,315,528
839,77,504,534
839,78,657,553
839,79,667,597
839,80,845,776
839,98,847,468
839,127,14,570
839,132,468,662
839,134,549,849
839,144,852,377
839,153,365,465
839,202,458,632
839,223,481,633
839,224,483,667
839,225,498,708
839,234,840,819
839,235,306,842
839,240,356,271
839,271,520,846
839,290,567,6
839,301,759,77
839,306,202,472
839,315,366,512
839,316,703,545
839,356,771,588
839,359,NULL,593
839,360,633,80
839,364,153,491
839,365,490,554
839,366,496,771
839,370,570,778
839,372,622,79
839,377,682,568
839,421,20,589
839,458,763,811
839,465,472,75
839,468,473,223
839,470,512,421
839,472,360,481
839,473,539,370
839,475,144,472
839,481,509,366
839,483,525,473
839,490,662,852
839,491,778,743
839,496,359,NULL
839,498,824,657
839,499,829,759
839,501,554,790
839,504,597,824
839,505,601,20
839,509,559,496
839,512,819,505
839,520,79,763
839,525,134,26
839,528,234,470
839,534,815,69
839,539,649,202
839,540,811,567
839,542,841,657
839,545,26,703
839,549,80,240
839,553,501,372
839,554,542,649
839,559,849,829
839,567,223,847
839,568,224,134
839,570,372,306
839,588,465,365
839,589,470,542
839,591,505,622
839,592,491,662
839,593,589,682
839,597,591,153
839,601,592,809
839,622,593,840
839,632,823,845
839,633,545,301
839,649,588,820
839,657,826,144
839,662,78,567
839,667,776,823
839,682,815,359
839,703,7,483
839,708,132,549
839,743,202,841
839,759,828,499
839,763,842,567
839,771,69,592
839,776,75,828
839,778,553,44
839,790,568,224
839,809,667,458
839,811,528,7
839,815,77,360
839,819,271,539
839,820,632,78
839,823,127,225
839,824,224,315
839,826,235,364
839,828,364,545
839,829,540,708
839,840,240,421
839,841,301,649
839,842,6,826
839,845,10,14
839,846,14,501
839,847,475,708
839,849,708,132
839,852,316,271
840,NULL,504,306
840,2,553,365
840,6,811,504
840,7,20,839
840,10,77,617
840,20,315,775
840,44,812,829
840,69,834,509
840,75,309,764
840,77,525,778
840,79,708,834
840,80,846,848
840,98,848,476
840,127,44,481
840,132,464,649
840,134,567,10
840,135,69,202
840,143,509,224
840,144,775,240
840,153,366,301
840,202,476,366
840,223,483,464
840,224,491,559
840,225,534,821
840,234,2,44
840,240,545,290
840,290,589,316
840,291,591,667
840,301,795,589
840,306,820,708
840,309,NULL,815
840,315,135,823
840,316,290,7
840,356,490,223
840,359,777,309
840,365,480,759
840,366,499,819
840,372,617,20
840,407,622,69
840,421,153,593
840,458,667,795
840,464,234,824
840,465,407,80
840,470,606,498
840,472,291,483
840,476,528,153
840,480,649,491
840,481,764,632
840,483,852,134
840,490,458,812
840,491,465,407
840,496,539,553
840,498,630,606
840,499,657,77
840,504,470,225
840,505,662,372
840,509,610,79
840,525,809,458
840,528,306,465
840,534,821,470
840,539,143,616
840,540,778,662
840,542,816,703
840,545,819,144
840,549,839,224
840,553,79,528
840,554,80,790
840,559,496,2
840,567,498,75
840,588,759,79
840,589,144,657
840,591,223,NULL
840,593,776,234
840,606,829,490
840,610,790,499
840,616,815,542
840,617,10,852
840,622,75,143
840,630,481,291
840,632,372,496
840,649,458,534
840,657,480,356
840,662,505,359
840,667,542,777
840,682,616,828
840,703,301,549
840,708,316,591
840,759,132,630
840,764,588,776
840,775,703,132
840,776,849,315
840,777,98,421
840,778,127,588
840,790,824,820
840,795,828,540
840,809,846,816
840,811,559,480
840,812,421,567
840,815,470,622
840,816,823,421
840,819,540,464
840,820,549,505
840,821,202,135
840,823,7,811
840,824,224,6
840,828,472,809
840,829,554,846
840,834,593,421
840,839,6,682
840,846,240,852
840,848,301,6
840,849,225,127
840,852,682,132
841,NULL,743,134
841,2,790,306
841,6,812,315
841,7,26,316
841,10,309,809
841,14,475,821
841,20,613,848
841,26,545,498
841,44,811,501
841,69,836,26
841,75,360,372
841,77,630,475
841,79,763,512
841,80,837,549
841,98,271,597
841,127,316,617
841,132,470,667
841,134,617,816
841,135,843,606
841,144,240,771
841,153,377,777
841,202,525,849
841,223,2,80
841,225,458,759
841,234,7,795
841,235,568,135
841,240,573,153
841,271,842,775
841,290,509,573
841,291,559,593
841,301,826,743
841,306,845,790
841,309,75,662
841,315,365,708
841,316,775,633
841,356,483,836
841,360,616,553
841,364,472,588
841,365,481,542
841,366,505,545
841,370,606,819
841,372,667,10
841,377,708,223
841,407,501,271
841,421,14,812
841,458,759,202
841,464,291,77
841,465,498,301
841,470,567,365
841,472,846,839
841,473,69,528
841,475,223,593
841,476,491,458
841,480,496,505
841,481,819,360
841,483,848,464
841,490,612,473
841,491,777,540
841,496,364,613
841,498,828,682
841,499,80,407
841,501,366,44
841,504,407,235
841,505,520,837
841,509,592,476
841,512,421,826
841,520,549,846
841,525,144,589
841,528,601,79
841,534,795,290
841,539,633,377
841,540,816,465
841,542,834,483
841,545,528,98
841,549,852,309
841,553,135,464
841,554,499,843
841,559,662,2
841,567,809,7
841,568,839,421
841,573,610,504
841,588,649,616
841,589,771,703
841,592,372,491
841,593,464,829
841,597,465,630
841,601,657,824
841,606,77,6
841,610,79,472
841,612,98,481
841,613,234,496
841,616,235,589
841,617,540,601
841,622,829,845
841,630,NULL,480
841,633,476,504
841,649,820,509
841,657,821,539
841,662,553,559
841,667,823,470
841,682,539,568
841,703,597,630
841,708,534,823
841,743,593,842
841,759,622,69
841,763,589,75
841,771,504,490
841,775,505,525
841,776,512,834
841,777,849,132
841,790,315,763
841,795,588,144
841,809,132,499
841,811,134,NULL
841,812,202,14
841,816,290,612
841,819,776,234
841,820,824,366
841,821,542,534
841,823,301,649
841,824,306,820
841,826,480,567
841,828,490,811
841,829,10,852
841,834,225,240
841,836,20,127
841,837,98,592
841,839,127,657
841,842,44,370
841,843,682,473
841,845,703,520
841,846,6,776
841,848,554,777
841,849,473,820
841,852,540,364
842,2,559,491
842,6,824,811
842,7,835,795
842,10,421,588
842,20,464,775
842,26,549,852
842,44,823,708
842,69,839,763
842,75,264,589
842,77,632,835
842,78,776,836
842,79,764,616
842,80,848,633
842,98,224,316
842,127,359,764
842,132,480,795
842,134,657,498
842,135,837,826
842,153,473,509
842,223,316,657
842,224,370,812
842,225,551,819
842,234,831,821
842,235,458,80
842,240,588,421
842,264,777,545
842,271,846,776
842,290,593,359
842,291,820,504
842,301,834,553
842,306,836,610
842,309,135,834
842,315,309,135
842,316,617,153
842,356,633,364
842,359,795,551
842,360,630,597
842,364,470,777
842,365,491,26
842,366,512,264
842,370,616,290
842,372,703,458
842,421,69,592
842,458,811,649
842,464,360,828
842,465,501,837
842,470,597,534
842,472,364,520
842,473,771,525
842,476,271,528
842,480,520,776
842,481,775,44
842,483,153,301
842,490,509,549
842,491,301,846
842,496,525,10
842,498,606,20
842,499,476,98
842,501,496,134
842,504,534,465
842,505,567,473
842,509,570,127
842,512,826,224
842,520,223,225
842,525,372,7
842,528,759,235
842,534,77,496
842,539,498,630
842,540,589,240
842,545,601,356
842,549,127,480
842,551,763,309
842,553,778,476
842,554,649,601
842,559,790,606
842,567,290,223
842,570,291,2
842,573,682,540
842,588,849,617
842,589,852,682
842,591,80,839
842,592,366,743
842,593,662,771
842,597,472,77
842,601,821,78
842,606,490,360
842,610,592,472
842,616,841,824
842,617,134,593
842,622,667,79
842,630,809,501
842,632,79,6
842,633,465,291
842,649,2,539
842,657,819,588
842,662,812,632
842,667,828,809
842,682,845,841
842,703,78,490
842,708,553,845
842,743,610,573
842,759,573,778
842,763,622,790
842,764,667,505
842,771,545,567
842,775,481,622
842,776,7,848
842,777,743,306
842,778,483,356
842,790,499,570
842,795,539,824
842,809,540,831
842,811,545,464
842,812,98,559
842,819,132,483
842,820,505,849
842,821,708,234
842,823,826,315
842,824,846,499
842,826,849,75
842,828,75,365
842,831,225,481
842,834,26,554
842,835,235,820
842,836,306,823
842,837,591,132
842,839,234,372
842,841,10,366
842,845,44,667
842,846,78,821
842,848,235,846
842,849,315,512
842,852,356,759
843,NULL,501,775
843,2,589,819
843,6,831,820
843,7,134,14
843,10,509,476
843,14,551,539
843,20,824,601
843,26,554,606
843,44,77,617
843,69,483,290
843,77,633,509
843,80,10,591
843,98,291,617
843,127,365,815
843,134,662,44
843,135,708,69
843,202,223,315
843,223,356,632
843,224,464,633
843,225,632,816
843,234,69,472
843,235,316,630
843,240,377,790
843,271,528,821
843,290,606,824
843,291,816,831
843,301,44,559
843,306,224,464
843,309,359,667
843,315,370,616
843,316,630,682
843,356,491,551
843,359,809,662
843,364,468,202
843,365,504,271
843,366,775,589
843,370,480,234
843,372,759,567
843,377,771,812
843,464,309,7
843,465,505,80
843,468,476,225
843,470,682,534
843,472,703,610
843,473,819,498
843,475,235,549
843,476,499,703
843,480,501,708
843,481,790,815
843,483,315,597
843,490,616,771
843,491,617,542
843,496,534,778
843,498,7,592
843,499,14,795
843,501,520,852
843,504,539,98
843,505,540,309
843,509,567,481
843,520,290,496
843,525,301,501
843,528,811,10
843,534,777,223
843,539,496,291
843,540,812,764
843,542,815,834
843,549,135,841
843,551,498,2
843,554,764,6
843,559,NULL,356
843,567,306,470
843,589,841,135
843,591,821,309
843,592,80,370
843,593,98,377
843,597,820,528
843,601,795,777
843,606,823,77
843,610,601,127
843,616,826,505
843,617,234,364
843,622,240,475
843,630,490,848
843,632,592,490
843,633,549,823
843,662,2,849
843,667,6,483
843,682,20,809
843,703,472,316
843,708,473,491
843,759,475,777
843,764,778,359
843,771,542,235
843,775,622,377
843,776,848,554
843,777,849,134
843,778,525,504
843,790,597,759
843,795,271,473
843,809,364,480
843,811,366,540
843,812,372,567
843,815,26,667
843,816,127,764
843,819,202,468
843,820,667,593
843,821,852,240
843,823,465,306
843,824,470,301
843,826,834,366
843,831,10,622
843,834,14,26
843,841,559,NULL
843,848,591,372
843,849,593,224
843,852,610,365
845,NULL,617,366
845,2,823,465
845,6,846,490
845,7,202,498
845,10,407,20
845,14,553,223
845,20,2,509
845,26,551,539
845,44,824,775
845,69,496,777
845,80,509,6
845,98,610,601
845,127,829,632
845,132,475,613
845,134,613,848
845,135,622,597
845,144,301,667
845,202,224,682
845,223,364,847
845,224,633,2
845,225,821,315
845,235,589,472
845,240,606,505
845,271,847,613
845,290,568,235
845,291,632,480
845,301,842,622
845,306,464,815
845,309,775,470
845,315,20,377
845,316,743,499
845,356,549,525
845,364,476,610
845,365,520,617
845,366,815,630
845,370,657,826
845,372,816,841
845,377,820,132
845,407,528,372
845,464,365,820
845,465,616,836
845,470,649,224
845,472,836,240
845,473,7,134
845,475,240,778
845,476,377,795
845,480,545,821
845,481,839,554
845,483,144,764
845,490,223,790
845,491,483,839
845,496,490,291
845,498,501,828
845,499,703,842
845,501,708,271
845,505,828,662
845,509,597,823
845,520,612,849
845,525,764,80
845,528,26,612
845,539,835,759
845,540,NULL,616
845,545,525,26
845,549,132,473
845,551,776,481
845,553,826,835
845,554,777,10
845,559,6,98
845,567,14,365
845,568,778,528
845,588,831,771
845,589,135,202
845,592,498,545
845,593,630,776
845,597,505,834
845,601,771,309
845,606,554,633
845,610,759,667
845,612,812,703
845,613,588,464
845,616,592,553
845,617,316,743
845,622,790,14
845,630,480,407
845,632,499,520
845,633,539,828
845,649,601,831
845,657,777,127
845,662,291,132
845,667,306,496
845,682,309,812
845,703,315,816
845,708,795,306
845,743,816,549
845,759,841,567
845,764,682,824
845,771,491,301
845,775,271,356
845,776,811,551
845,777,848,592
845,778,10,316
845,790,370,491
845,795,481,501
845,811,567,290
845,812,662,370
845,815,473,811
845,816,134,568
845,820,80,708
845,821,849,606
845,823,69,135
845,824,98,144
845,826,127,592
845,828,559,849
845,829,593,852
845,831,667,476
845,834,743,588
845,835,225,649
845,836,540,559
845,839,290,593
845,841,306,225
845,842,356,240
845,846,465,589
845,847,470,592
845,848,475,657
845,849,588,829
845,852,44,483
846,NULL,509,316
846,2,829,366
846,6,840,465
846,7,235,468
846,10,549,589
846,14,468,771
846,20,6,777
846,26,508,496
846,69,775,512
846,75,370,826
846,77,657,377
846,78,828,795
846,80,316,811
846,98,795,820
846,127,69,840
846,143,75,508
846,144,306,551
846,153,632,829
846,202,240,69
846,223,365,315
846,235,591,622
846,240,610,540
846,271,14,819
846,291,483,606
846,301,77,633
846,306,472,775
846,309,223,78
846,315,372,839
846,316,776,845
846,356,496,NULL
846,359,839,509
846,360,841,601
846,364,480,743
846,365,589,10
846,366,842,291
846,370,78,612
846,372,458,662
846,377,743,790
846,458,764,812
846,465,534,364
846,468,553,476
846,470,703,591
846,472,708,849
846,473,816,505
846,475,356,682
846,476,504,764
846,480,505,775
846,481,512,831
846,483,143,840
846,490,815,852
846,491,520,98
846,496,551,359
846,499,771,480
846,501,819,490
846,504,377,657
846,505,633,842
846,508,662,588
846,509,568,491
846,512,831,778
846,520,359,809
846,525,567,301
846,534,847,372
846,540,476,472
846,542,836,473
846,545,612,512
846,549,315,20
846,551,NULL,360
846,553,153,509
846,554,606,545
846,567,616,143
846,568,622,593
846,588,80,759
846,589,360,2
846,591,470,153
846,592,499,616
846,593,501,667
846,597,554,144
846,601,790,501
846,606,545,554
846,610,592,26
846,612,759,77
846,616,26,356
846,622,809,481
846,632,811,568
846,633,309,819
846,657,601,824
846,662,821,365
846,667,823,475
846,682,812,592
846,703,815,764
846,708,820,823
846,743,824,520
846,759,826,567
846,764,845,703
846,771,848,597
846,775,849,202
846,776,852,499
846,777,2,534
846,778,7,836
846,790,10,848
846,795,301,80
846,809,473,490
846,811,525,549
846,812,291,632
846,815,364,828
846,816,366,7
846,819,465,240
846,820,475,6
846,821,481,306
846,823,490,847
846,824,597,14
846,826,542,372
846,828,593,470
846,829,271,370
846,831,682,127
846,836,777,75
846,839,202,235
846,840,144,301
846,841,540,144
846,842,588,223
846,845,98,271
846,847,127,553
846,848,491,588
846,849,20,309
846,852,144,483
847,NULL,764,512
847,2,849,775
847,6,127,829
847,7,234,831
847,10,589,264
847,20,271,370
847,26,601,491
847,44,828,501
847,69,407,504
847,75,470,616
847,77,775,662
847,80,468,407
847,98,613,472
847,127,370,591
847,132,496,633
847,134,835,657
847,144,315,821
847,153,316,852
847,202,235,301
847,223,264,468
847,224,708,589
847,225,809,834
847,234,837,NULL
847,235,593,223
847,240,630,291
847,264,816,377
847,271,483,470
847,291,498,483
847,301,763,520
847,306,509,540
847,309,364,682
847,315,377,811
847,316,778,828
847,356,504,26
847,364,501,153
847,365,617,224
847,366,309,534
847,370,365,551
847,372,743,820
847,377,819,480
847,407,553,509
847,464,366,26
847,465,632,134
847,468,662,309
847,470,667,545
847,472,682,790
847,473,703,839
847,475,771,69
847,476,554,528
847,480,528,771
847,483,356,778
847,490,657,819
847,491,790,271
847,496,795,708
847,498,811,845
847,499,816,80
847,501,839,235
847,504,480,490
847,509,551,525
847,512,472,622
847,520,831,775
847,525,834,816
847,528,69,7
847,534,75,617
847,539,77,667
847,540,80,835
847,542,10,234
847,545,20,407
847,549,224,468
847,551,476,632
847,553,512,77
847,554,829,202
847,559,836,475
847,567,534,617
847,588,539,630
847,589,223,795
847,591,NULL,837
847,592,464,613
847,593,520,75
847,601,820,465
847,606,821,366
847,610,823,2
847,613,542,473
847,616,559,476
847,617,153,44
847,622,633,144
847,630,824,496
847,632,839,498
847,633,491,240
847,657,592,542
847,662,606,553
847,667,610,846
847,682,616,10
847,703,622,20
847,708,809,132
847,743,490,835
847,763,525,809
847,764,540,588
847,771,549,601
847,775,588,364
847,778,589,365
847,790,591,836
847,795,845,315
847,809,846,6
847,811,852,127
847,816,473,134
847,819,545,264
847,820,601,539
847,821,763,559
847,823,2,567
847,824,567,849
847,828,591,743
847,829,708,306
847,831,26,464
847,834,499,592
847,835,7,606
847,836,301,225
847,837,372,499
847,839,475,98
847,845,134,703
847,846,144,549
847,849,465,610
847,852,470,682
848,NULL,759,823
848,2,77,843
848,6,132,613
848,7,264,633
848,10,591,649
848,14,597,75
848,20,316,790
848,26,610,225
848,44,829,464
848,69,528,473
848,75,617,520
848,77,2,820
848,78,613,20
848,80,843,476
848,98,845,775
848,127,78,795
848,132,589,811
848,134,815,316
848,144,356,592
848,202,301,759
848,223,840,815
848,224,7,842
848,225,588,235
848,235,592,377
848,240,852,508
848,264,776,662
848,290,508,682
848,291,831,776
848,301,407,845
848,306,483,846
848,309,365,475
848,315,366,617
848,316,811,630
848,356,812,841
848,365,26,7
848,366,290,465
848,372,306,528
848,377,816,553
848,407,504,612
848,464,372,812
848,465,633,501
848,470,775,505
848,473,778,764
848,475,790,134
848,476,593,589
848,480,616,834
848,481,622,840
848,483,473,2
848,490,823,632
848,491,824,657
848,496,828,836
848,499,834,69
848,501,476,597
848,504,481,829
848,505,657,554
848,508,764,483
848,512,771,496
848,520,553,26
848,525,554,264
848,528,559,610
848,534,309,78
848,540,377,144
848,542,464,365
848,545,465,490
848,549,491,771
848,551,632,525
848,553,662,591
848,554,703,44
848,559,809,491
848,567,480,504
848,568,795,6
848,573,630,301
848,588,649,240
848,589,682,407
848,591,708,545
848,592,501,470
848,593,505,616
848,597,836,622
848,601,841,828
848,610,842,80
848,612,777,301
848,613,573,356
848,616,601,567
848,617,224,10
848,622,225,26
848,630,496,306
848,632,499,481
848,633,80,480
848,649,127,777
848,657,568,NULL
848,662,775,77
848,682,820,542
848,703,821,591
848,708,846,14
848,759,NULL,291
848,764,6,309
848,771,10,540
848,775,14,549
848,776,20,98
848,777,44,512
848,778,69,549
848,790,98,824
848,795,134,202
848,809,144,224
848,811,512,366
848,812,235,568
848,815,291,703
848,816,75,534
848,820,240,852
848,821,525,290
848,823,612,573
848,824,520,601
848,828,534,778
848,829,540,812
848,831,202,816
848,834,223,708
848,836,315,553
848,840,470,127
848,841,475,132
848,842,490,315
848,843,549,365
848,845,551,811
848,846,567,20
848,852,588,223
849,NULL,771,364
849,2,570,377
849,6,234,528
849,7,271,829
849,10,617,847
849,20,366,NULL
849,26,606,559
849,44,831,657
849,69,549,811
849,75,407,836
849,77,6,812
849,78,829,821
849,80,597,837
849,98,264,842
849,127,290,365
849,132,630,483
849,134,44,617
849,144,364,633
849,153,775,315
849,202,776,835
849,224,764,845
849,225,NULL,843
849,234,10,356
849,240,26,539
849,264,820,597
849,271,508,764
849,290,612,771
849,291,835,591
849,301,840,703
849,306,841,26
849,309,842,520
849,315,2,549
849,316,824,743
849,356,517,759
849,364,520,372
849,365,601,491
849,366,610,592
849,370,622,610
849,372,509,612
849,377,512,839
849,407,528,504
849,464,370,708
849,465,377,816
849,470,759,828
849,472,365,831
849,473,837,470
849,475,839,568
849,476,843,593
849,481,77,846
849,483,504,69
849,490,505,573
849,491,508,632
849,499,525,775
849,501,551,153
849,504,559,290
849,505,743,570
849,508,816,662
849,509,821,80
849,512,823,225
849,517,836,301
849,520,845,464
849,525,846,820
849,528,633,10
849,539,649,234
849,540,483,306
849,542,657,465
849,549,316,508
849,551,356,264
849,553,372,407
849,559,465,776
849,567,470,78
849,568,472,309
849,570,812,366
849,573,826,370
849,588,476,662
849,589,499,682
849,591,662,316
849,592,667,472
849,593,708,501
849,597,539,271
849,601,540,509
849,606,573,551
849,610,501,622
849,612,828,743
849,617,847,98
849,622,811,517
849,630,777,542
849,632,790,588
849,633,809,591
849,649,839,840
849,657,20,481
849,662,69,630
849,667,75,291
849,682,78,835
849,703,80,841
849,708,592,75
849,743,593,777
849,759,790,824
849,764,816,847
849,771,835,490
849,775,7,540
849,776,98,132
849,777,127,649
849,790,553,224
849,809,567,78
849,811,568,512
849,812,591,790
849,816,622,77
849,820,632,20
849,821,682,144
849,823,703,240
849,824,464,525
849,826,473,134
849,828,315,567
849,829,475,44
849,831,481,202
849,835,490,823
849,836,491,6
849,837,588,7
849,839,225,127
849,840,240,202
849,841,132,2
849,842,306,473
849,843,309,476
849,845,372,836
849,846,491,601
849,847,134,809
852,NULL,815,821
852,2,816,824
852,6,820,831
852,7,483,290
852,10,490,549
852,20,491,597
852,26,496,610
852,44,842,790
852,69,843,815
852,75,458,839
852,77,10,616
852,78,834,829
852,80,835,845
852,98,829,468
852,127,468,370
852,132,470,501
852,134,75,708
852,144,98,826
852,153,127,842
852,202,132,483
852,223,370,534
852,224,372,573
852,225,633,812
852,234,649,823
852,240,662,837
852,271,708,504
852,290,759,127
852,291,776,223
852,301,153,470
852,309,360,490
852,315,617,528
852,316,622,816
852,356,592,491
852,360,593,612
852,364,597,144
852,365,601,520
852,366,840,554
852,370,508,589
852,372,512,69
852,377,525,80
852,458,534,617
852,464,364,743
852,465,365,809
852,468,481,98
852,470,499,240
852,472,501,271
852,473,504,309
852,475,366,508
852,476,616,234
852,481,837,499
852,483,839,542
852,490,841,545
852,491,845,795
852,496,846,NULL
852,499,847,225
852,501,848,291
852,504,NULL,464
852,505,2,551
852,508,26,559
852,512,44,657
852,520,69,475
852,525,271,846
852,528,606,26
852,534,610,458
852,540,612,476
852,542,630,835
852,545,831,588
852,549,836,829
852,551,6,364
852,554,7,372
852,559,20,836
852,567,77,2
852,573,134,360
852,588,144,820
852,589,554,839
852,592,476,843
852,593,771,630
852,597,223,377
852,601,224,473
852,606,225,476
852,610,657,834
852,612,826,224
852,616,234,835
852,617,240,132
852,622,301,633
852,630,309,771
852,632,315,153
852,633,316,315
852,649,809,465
852,657,812,601
852,662,377,134
852,667,551,202
852,682,559,496
852,703,567,301
852,708,573,606
852,743,588,777
852,759,795,841
852,771,811,622
852,776,821,682
852,777,823,10
852,790,824,472
852,795,290,512
852,809,291,649
852,811,356,662
852,812,790,505
852,815,831,811
852,816,848,840
852,820,78,7
852,821,80,848
852,823,202,78
852,824,464,540
852,826,505,567
852,829,743,44
852,831,777,667
852,834,821,316
852,835,475,776
852,836,520,847
852,837,528,234
852,839,540,75
852,840,472,365
852,841,703,481
852,842,837,824
852,843,6,77
852,845,225,127
852,846,465,366
852,847,545,845
852,848,549,75
NULL,202,79,264
NULL,14,763,10
2,240,763,69
6,372,79,476
6,370,143,490
7,132,613,496
14,153,468,534
20,470,763,593
44,316,815,616
69,588,763,98
69,377,815,657
75,490,819,592
75,370,849,777
77,306,835,819
79,472,840,225
80,98,421,309
80,143,617,370
98,499,617,377
127,69,421,520
132,10,613,573
134,483,458,837
135,NULL,612,464
143,224,613,597
144,540,617,601
153,356,613,75
153,559,617,591
223,2,79,667
224,235,264,703
224,372,613,143
225,240,468,820
225,465,509,847
225,472,613,98
234,377,829,481
234,528,837,821
235,26,570,842
240,606,135,843
240,153,421,44
240,589,763,80
271,473,613,480
271,776,829,501
290,360,468,824
290,476,509,75
290,370,517,364
291,364,570,811
291,601,763,NULL
291,499,837,570
301,315,421,517
301,496,517,421
301,127,570,763
306,763,828,816
309,496,421,26
315,630,135,612
315,553,421,823
315,630,517,365
316,512,775,264
356,588,617,540
356,828,834,708
359,840,834,291
364,366,264,573
364,271,613,508
365,291,570,539
365,836,842,567
366,360,617,10
366,470,815,829
366,481,840,509
370,505,819,540
370,743,826,610
372,481,613,234
377,365,570,235
407,501,468,309
407,542,819,465
421,633,517,811
458,809,480,134
464,816,568,545
464,520,613,132
465,824,573,223
465,703,837,291
468,501,407,481
468,667,829,534
470,820,829,591
472,622,815,776
472,824,829,475
473,491,613,271
473,667,815,291
475,504,509,465
475,632,517,649
475,499,613,225
475,504,835,630
476,80,458,667
476,525,468,75
480,496,613,134
480,649,771,517
480,473,775,549
481,534,264,593
481,465,508,613
481,520,509,470
481,508,613,473
483,545,508,819
483,821,828,849
483,821,831,271
490,831,573,509
490,508,819,568
490,540,835,78
490,568,837,473
491,496,775,517
496,20,407,534
496,525,613,356
498,592,508,473
498,44,512,778
498,778,568,301
499,480,407,14
499,475,613,143
501,472,407,291
501,520,775,316
504,764,592,360
504,612,764,542
504,559,840,775
505,633,570,778
505,657,815,840
505,370,829,2
508,617,143,366
508,498,517,662
508,44,539,473
508,593,649,498
509,597,483,554
509,490,843,80
512,202,359,777
512,743,508,465
512,776,836,14
517,78,480,616
517,771,616,824
517,616,775,NULL
520,777,828,316
525,473,79,764
525,573,613,143
525,776,815,421
525,622,816,759
525,551,819,790
528,649,143,828
534,823,568,657
534,682,570,837
534,407,617,542
534,657,816,554
539,78,568,589
539,819,589,601
539,458,617,490
539,743,819,508
540,632,468,828
540,468,508,77
540,553,509,80
540,812,616,567
540,759,819,473
542,499,407,528
542,588,613,841
542,554,775,264
545,520,407,589
545,69,815,657
545,682,847,407
549,525,498,778
549,573,509,842
549,771,841,2
551,540,775,473
551,622,831,481
551,771,837,588
551,776,843,819
553,588,509,820
553,812,811,823
554,777,657,845
554,542,775,481
554,657,778,491
554,777,811,843
554,622,840,657
559,682,816,306
559,763,819,309
567,606,509,458
567,778,771,476
568,845,135,778
568,593,617,848
568,223,657,839
568,812,837,135
570,364,264,235
570,568,509,542
570,812,764,828
570,6,837,291
573,475,264,708
573,567,509,831
573,662,517,370
573,836,824,616
588,840,135,153
588,545,407,472
588,491,458,476
588,542,613,481
588,816,616,540
588,612,649,606
589,775,508,77
589,10,795,407
591,616,657,553
591,610,743,617
591,601,839,657
592,610,509,132
592,98,613,499
592,776,759,708
593,633,509,153
593,610,617,240
593,824,829,490
593,498,840,622
597,490,264,778
601,539,458,841
601,593,509,842
601,612,617,75
601,559,775,573
601,776,795,588
606,593,775,662
606,776,819,777
610,589,407,468
612,775,617,588
612,845,649,616
612,601,775,588
612,77,777,682
612,795,826,498
613,573,153,841
616,649,26,591
616,657,143,846
616,834,483,852
616,831,812,75
616,491,835,80
617,682,NULL,143
617,512,458,224
622,551,264,588
622,539,743,610
622,508,764,816
622,20,819,836
622,763,826,839
622,601,836,841
622,591,843,315
630,682,763,842
630,809,771,843
630,840,777,849
630,6,847,69
632,6,79,837
632,828,840,849
633,790,517,290
633,835,809,852
633,365,829,377
649,491,271,470
649,616,458,567
649,795,517,616
649,517,795,491
657,809,143,520
657,480,508,79
657,809,841,202
662,528,79,508
662,588,407,26
662,622,498,69
662,777,816,77
662,820,848,80
667,553,458,134
667,534,468,224
667,377,795,549
667,809,816,551
682,NULL,143,617
682,617,407,10
682,10,777,223
682,505,816,360
682,845,849,528
703,842,7,545
703,225,79,553
703,708,143,567
703,78,848,775
708,771,NULL,591
708,759,80,592
708,703,458,601
708,591,835,790
743,829,75,153
743,153,554,476
759,811,458,496
759,811,496,835
759,505,795,10
759,612,812,69
759,567,831,26
763,834,517,306
763,632,592,778
763,839,682,69
763,622,839,79
764,667,360,80
764,649,458,134
764,790,483,849
764,505,570,132
764,144,662,359
771,472,14,465
771,662,835,588
771,223,841,589
775,662,508,98
775,225,589,264
775,501,593,464
776,568,223,472
776,823,480,144
776,667,821,829
776,545,840,476
777,790,476,657
777,837,505,812
777,306,545,846
778,98,499,837
778,365,839,69
778,824,843,496
790,472,483,301
790,835,505,306
790,836,528,316
790,764,570,370
790,501,831,377
795,763,517,834
795,763,570,98
809,567,504,315
809,849,542,606
809,501,551,610
809,75,763,776
811,823,468,77
811,490,476,520
811,708,498,540
811,632,504,NULL
811,849,601,75
812,667,79,464
812,20,504,465
812,811,551,512
812,820,606,568
812,490,763,630
812,790,843,473
815,144,359,764
815,682,421,98
815,77,504,821
815,823,553,480
815,539,843,491
816,568,264,545
816,589,421,568
816,743,512,223
819,836,75,407
819,588,264,632
819,573,309,708
819,841,842,364
820,708,360,472
820,622,589,505
820,846,852,551
821,849,132,202
821,630,501,306
821,202,771,359
823,852,NULL,465
823,812,77,630
823,616,264,764
823,2,291,829
823,592,421,69
823,610,630,468
823,703,775,490
824,845,2,545
824,778,630,553
824,80,840,759
826,365,224,290
826,153,553,365
826,606,612,632
826,366,835,823
828,301,44,842
828,153,481,632
829,224,NULL,849
829,845,606,44
829,821,836,78
831,7,820,225
834,223,14,662
834,291,78,10
834,290,359,468
835,852,78,616
835,790,144,662
836,309,366,708
836,475,370,517
836,476,470,819
836,662,777,845
837,202,144,370
837,7,370,525
837,841,610,534
839,234,98,815
839,842,290,235
839,520,370,290
839,144,499,316
839,153,534,356
839,77,743,525
840,NULL,134,539
840,559,356,610
840,777,359,795
840,528,365,828
840,589,632,849
841,135,153,554
841,606,356,828
841,271,370,839
842,849,6,823
842,134,20,837
842,790,240,69
842,617,365,370
842,775,504,271
842,26,528,359
842,811,554,470
843,465,225,499
843,2,481,509
843,480,776,520
845,549,235,540
845,617,366,225
845,852,372,271
845,134,472,364
845,776,834,377
845,69,852,475
846,360,667,504
846,824,778,505
847,20,6,764
847,77,44,795
847,849,98,823
847,491,132,837
847,98,202,264
847,852,225,316
847,824,240,356
847,80,291,464
847,845,306,501
848,264,542,633
848,98,545,821
849,290,144,475
849,829,153,505
849,78,202,509
849,7,224,553
849,365,291,589
849,846,301,606
849,132,542,682
849,364,589,499
852,309,473,525
852,26,542,759
852,667,589,542
852,826,632,592
852,835,667,847
852,528,682,80
525,135,845,509
481,509,606,127
708,512,359,290
771,517,759,630
834,517,775,633
534,570,26,743
682,570,132,839
812,591,657,69
630,591,840,132
820,597,498,309
6,597,613,464
132,606,223,496
75,613,592,508
491,616,764,592
790,630,483,2
NULL,632,847,464
370,662,364,553
846,662,809,821
777,682,264,616
540,682,835,306
2,703,79,407
528,703,264,553
505,703,316,597
144,708,501,795
464,759,79,812
559,759,458,852
649,759,809,508
829,759,812,606
776,763,80,2
834,763,821,14
592,763,823,235
601,764,824,290
6,775,592,849
841,777,819,356
44,778,505,483
632,778,649,508
540,778,839,549
480,790,622,606
134,795,491,612
542,809,826,657
682,811,570,235
823,811,612,223
520,811,828,465
421,815,153,473
682,815,567,490
264,815,612,764
703,816,630,848
632,819,77,512
846,819,622,841
551,819,763,630
630,819,841,476
845,820,616,44
831,820,708,69
841,820,837,225
836,821,811,306
240,823,223,505
481,824,821,775
549,826,135,235
290,826,549,360
44,826,567,370
842,826,606,512
593,826,616,612
491,826,843,764
846,828,NULL,841
824,829,539,2
528,829,824,836
6,831,778,845
223,831,811,848
703,834,837,235
815,834,845,377
301,836,14,407
824,837,559,470
771,837,592,490
632,837,593,821
632,839,78,828
824,839,567,80
823,839,597,144
657,839,824,315
271,839,845,365
795,840,539,481
764,840,776,505
610,841,790,771
567,842,10,839
481,842,20,264
848,842,75,306
10,842,540,617
153,842,622,775
496,843,20,505
790,843,127,542
44,843,365,617
501,843,622,819
588,845,790,839
708,846,10,202
366,846,80,360
759,846,127,473
545,846,235,496
662,846,592,771
632,846,610,777
372,846,622,847
306,847,315,2
542,847,465,836
811,847,496,845
512,847,591,849
852,847,622,356
NULL,847,632,464
703,848,75,476
372,848,306,407
776,848,377,499
223,848,490,501
77,848,622,505
649,849,26,542
828,849,591,633
606,852,7,811
831,852,234,542
759,852,567,75
809,852,703,202
NULL,75,224,143
2,554,316,78
2,235,202,79
2,26,306,570
6,20,78,613
7,75,80,498
10,75,134,613
14,480,223,264
14,69,10,421
14,75,360,468
14,98,365,570
14,271,539,835
20,10,153,613
20,309,132,657
26,315,202,359
26,14,309,421
26,132,301,570
44,264,370,570
44,127,75,826
69,153,240,135
75,NULL,512,135
75,153,7,613
75,240,10,763
77,235,291,468
77,6,225,617
78,301,372,517
78,224,6,613
79,465,612,632
79,568,235,763
80,153,20,421
80,225,10,509
80,291,98,570
98,291,80,421
98,80,153,498
98,291,80,763
98,549,504,812
127,468,309,359
127,44,75,509
127,14,153,591
132,225,20,613
132,153,7,617
134,356,98,613
134,366,NULL,617
135,69,708,153
143,597,508,591
143,525,475,837
144,377,132,617
144,224,2,649
153,14,98,468
153,127,20,509
153,512,80,617
202,505,NULL,79
202,551,291,359
202,78,235,458
223,667,44,591
224,78,465,613
224,370,10,630
234,364,356,613
235,301,26,421
235,80,75,458
235,365,26,570
240,491,291,421
240,553,490,498
240,315,69,763
271,465,630,539
290,356,364,517
290,69,554,836
291,483,508,498
291,78,240,617
306,370,80,570
306,470,153,763
306,366,224,826
309,290,472,407
309,473,44,421
309,132,364,468
309,26,132,591
309,588,470,763
315,588,545,359
315,512,470,421
315,290,475,517
315,517,301,763
316,588,540,498
316,224,78,509
316,743,816,534
316,498,549,826
356,290,240,509
356,234,528,617
359,NULL,588,545
359,NULL,508,551
360,539,809,570
360,202,473,775
364,501,473,468
364,613,271,520
364,290,6,568
364,377,534,570
365,657,377,570
365,525,134,617
366,464,528,143
366,509,542,570
366,143,539,617
366,475,144,835
370,528,568,617
370,464,315,826
372,508,553,79
372,364,501,468
372,364,78,517
372,464,143,613
372,540,407,617
372,132,6,840
377,465,NULL,234
377,153,306,591
377,309,26,597
377,559,588,617
407,504,10,840
421,491,496,517
421,776,14,551
458,476,525,509
458,622,509,597
458,568,841,617
458,496,476,764
464,370,567,143
464,372,525,613
465,475,225,613
465,601,306,763
468,610,225,143
468,771,823,359
470,6,75,592
470,473,69,743
472,512,225,79
472,545,771,589
472,480,540,613
472,776,309,763
473,271,539,837
475,520,264,79
475,539,553,264
475,667,520,360
475,365,520,517
475,610,499,826
475,78,306,835
476,589,632,79
476,468,612,143
476,525,573,468
476,356,504,509
476,364,809,597
476,240,370,764
480,306,223,14
480,372,470,234
480,481,472,613
481,472,356,234
481,551,7,271
481,480,593,509
481,360,10,633
481,234,632,837
483,458,842,764
483,848,264,795
490,144,20,775
490,20,153,815
490,223,202,840
490,234,852,843
491,617,370,234
491,508,473,613
491,421,301,835
491,135,315,840
491,315,306,843
496,606,501,79
496,NULL,551,360
496,517,491,421
496,370,480,517
496,491,845,613
496,315,132,775
496,633,2,778
496,662,505,835
498,776,501,NULL
498,508,630,517
498,508,821,811
499,316,549,264
499,372,573,407
499,545,470,759
499,470,291,840
501,44,315,483
501,525,777,764
504,465,534,407
504,573,542,509
504,26,10,592
504,549,542,835
505,490,370,26
505,601,475,79
505,682,360,570
505,542,370,617
505,481,75,819
508,612,588,79
508,592,764,359
508,473,77,539
509,839,589,79
509,202,2,135
509,475,80,458
509,291,470,568
509,372,839,570
509,540,491,840
512,777,821,359
512,520,553,421
512,508,366,551
512,264,202,775
517,622,633,421
517,771,78,632
517,365,78,662
517,795,496,763
517,315,777,790
520,472,480,143
520,708,465,234
520,472,622,407
520,593,589,421
520,597,848,613
525,235,476,458
525,573,143,613
525,812,377,617
528,657,834,79
528,512,464,143
528,795,834,359
528,77,364,657
528,271,356,829
528,568,633,835
534,468,662,407
534,601,458,617
534,504,77,819
539,820,476,234
539,370,480,271
539,44,223,816
540,662,490,2
540,7,472,483
540,588,372,613
540,601,132,633
540,496,356,775
542,309,612,135
542,778,508,759
545,815,834,359
545,359,821,708
545,134,14,834
549,498,316,26
549,464,630,135
549,481,848,264
549,811,816,468
549,593,44,509
549,470,264,662
549,504,144,743
549,610,301,837
551,490,512,458
551,359,778,682
551,501,316,775
551,573,743,835
553,496,811,407
553,264,225,795
554,504,153,633
559,356,545,483
559,606,841,509
559,775,NULL,589
559,144,505,815
567,840,776,135
567,491,821,264
567,606,816,421
567,235,7,480
567,377,26,573
567,421,98,819
568,480,291,153
568,490,821,271
568,764,778,570
568,816,315,617
568,812,505,837
570,372,534,14
570,539,370,633
570,809,708,763
573,528,499,407
573,407,824,468
573,852,75,490
573,316,835,826
573,776,549,835
588,549,816,135
588,551,630,421
588,622,551,509
588,831,225,630
589,708,601,223
589,610,606,509
589,202,10,545
589,568,144,795
591,470,559,26
591,360,573,616
591,505,840,811
591,795,588,835
591,649,549,837
591,370,315,839
592,421,491,26
592,812,551,421
592,6,98,509
592,360,632,764
592,421,473,826
592,366,682,837
592,501,491,839
593,588,472,264
593,360,819,528
593,682,841,610
593,132,601,617
593,240,551,632
593,132,499,708
593,505,480,775
597,134,591,26
597,591,839,360
597,26,69,612
597,520,98,613
597,480,481,826
597,364,309,829
601,567,26,421
601,520,490,458
601,144,520,470
601,306,20,612
601,633,127,820
601,649,224,834
606,366,144,NULL
606,703,98,80
606,2,79,475
606,504,127,790
610,632,472,143
610,848,480,223
610,559,480,458
610,633,458,509
610,667,360,630
610,525,475,829
612,542,846,26
612,633,490,143
612,NULL,597,223
612,512,80,475
612,540,264,775
612,498,490,819
612,301,6,821
613,6,540,78
613,662,496,143
613,845,592,848
616,764,840,79
616,306,14,153
616,775,44,264
616,496,775,360
616,10,44,553
616,360,290,592
617,559,10,291
617,540,849,407
617,840,534,458
617,407,534,682
617,499,540,843
622,819,567,421
622,372,573,517
622,508,79,819
622,540,778,843
630,573,2,316
632,264,763,79
632,520,743,517
632,553,79,840
633,622,475,264
633,823,291,498
633,421,777,517
633,499,77,771
633,517,508,775
633,264,356,820
633,44,776,831
649,573,759,517
649,366,2,588
649,542,592,819
657,819,505,143
657,553,601,458
657,470,372,568
657,812,790,570
657,499,588,616
657,821,78,816
662,512,831,79
662,464,545,364
662,464,520,372
662,592,771,498
662,630,790,517
662,490,553,539
662,542,588,613
662,470,309,821
662,78,NULL,828
667,815,14,26
667,301,80,520
667,778,134,591
667,512,134,819
667,539,606,829
667,223,316,842
667,549,464,843
682,612,591,143
682,821,842,359
682,224,601,366
682,356,69,545
682,525,606,775
682,421,235,816
703,610,496,407
703,632,553,458
703,366,225,790
708,835,819,234
708,790,834,271
708,811,202,291
708,776,271,372
708,703,795,458
743,69,465,475
743,835,315,491
743,225,496,520
743,821,845,551
743,499,473,573
743,75,316,777
759,708,NULL,79
759,843,819,539
759,551,235,573
759,776,377,778
759,20,377,824
763,841,708,458
763,790,306,517
763,512,NULL,622
763,301,842,826
764,144,224,20
764,501,528,601
771,708,490,20
771,75,841,301
771,508,481,795
771,472,316,811
771,202,554,835
775,824,472,465
775,98,703,491
775,834,633,517
775,491,360,549
775,377,14,841
776,2,848,496
776,144,290,573
776,559,69,593
776,708,98,834
776,98,134,836
776,649,234,842
777,828,7,153
777,790,517,372
777,743,849,517
777,370,132,528
777,708,77,849
778,7,470,240
778,567,44,476
778,597,588,498
778,235,10,508
778,828,508,520
778,316,667,534
778,7,667,540
778,743,622,591
778,848,840,593
778,764,7,601
778,630,2,843
790,841,743,470
790,567,NULL,499
790,763,315,517
790,135,823,612
790,821,553,763
790,240,14,815
790,622,480,819
795,840,649,10
795,824,7,132
795,649,759,143
795,846,708,359
795,771,356,517
795,505,831,549
809,841,481,6
809,370,597,271
809,834,528,366
809,795,235,377
809,551,80,501
809,475,504,839
811,366,306,290
811,143,630,504
811,834,763,517
811,372,568,534
811,7,591,835
811,849,591,837
812,633,568,458
812,306,811,480
812,549,771,504
812,2,14,567
812,473,499,612
812,240,490,667
812,591,309,764
812,306,2,828
815,852,501,6
815,708,759,366
815,291,481,703
815,476,240,790
815,743,480,820
815,616,224,831
815,809,240,834
815,6,77,846
816,849,291,44
816,847,372,134
816,630,223,264
816,852,240,377
816,421,44,601
816,630,366,777
816,764,234,843
819,464,98,202
819,10,144,225
819,630,551,264
819,842,593,498
819,496,132,559
819,553,360,592
819,573,534,622
819,667,504,842
820,78,703,470
820,306,356,508
820,528,290,568
820,829,743,591
820,472,264,667
820,366,481,682
820,554,539,840
821,815,77,264
821,366,593,483
821,849,2,501
821,509,483,573
821,551,127,703
823,632,512,264
823,826,421,315
823,512,153,759
823,743,852,831
823,815,359,834
823,483,778,839
824,836,662,20
824,465,667,567
824,816,491,667
824,649,540,764
824,240,365,834
826,592,841,421
826,235,315,475
826,224,843,481
826,743,573,612
828,835,816,421
828,539,612,468
828,812,612,498
828,743,812,570
828,849,612,601
829,610,592,223
829,2,632,224
829,839,240,501
829,847,852,593
829,316,499,597
829,848,649,632
831,743,820,20
831,775,520,234
831,468,534,301
831,20,127,809
834,662,824,360
834,821,828,365
834,842,509,496
834,593,829,824
834,828,7,842
835,601,501,365
835,153,568,490
835,771,301,568
835,816,551,601
835,826,622,763
836,234,377,7
836,512,271,14
836,795,553,77
836,2,472,78
836,610,240,98
836,567,778,135
836,483,819,534
836,504,567,573
837,593,826,372
837,588,778,504
837,234,481,551
837,NULL,498,559
837,682,360,593
837,534,98,826
839,370,823,234
839,849,539,475
839,370,633,490
839,509,356,504
839,849,841,540
839,662,771,591
840,464,534,98
840,290,365,472
840,481,223,525
840,567,290,545
840,465,80,554
841,763,127,20
841,823,44,291
841,316,509,610
841,240,480,622
842,633,127,591
842,79,496,662
842,79,839,703
843,496,632,20
843,235,848,465
843,364,759,525
843,202,501,776
843,NULL,359,811
843,616,498,826
845,370,464,NULL
845,559,630,7
845,657,316,69
845,849,7,846
846,809,616,458
846,743,508,525
846,790,235,542
846,847,601,610
846,458,78,708
846,365,542,776
846,366,501,815
846,14,364,816
847,134,464,372
847,509,225,554
847,234,365,593
847,490,593,763
847,539,372,824
848,834,499,372
848,573,483,499
848,843,473,551
848,291,377,559
848,613,372,588
848,264,633,593
848,77,481,809
848,778,589,831
849,591,847,667
849,365,764,826
852,309,483,6
852,840,545,20
852,777,223,593
852,601,771,632
852,315,845,703
364,7,480,235
588,10,542,224
601,14,2,224
202,26,291,481
377,44,790,812
225,79,505,2
202,79,372,657
606,79,475,759
657,127,525,847
630,132,468,235
778,132,837,823
601,134,703,836
606,143,840,528
75,143,840,703
366,144,852,836
821,223,44,841
476,225,520,512
372,234,847,496
601,235,847,821
764,264,476,778
364,271,836,476
20,290,496,364
828,301,559,847
508,315,759,240
831,315,153,809
823,316,831,240
667,359,846,468
127,360,842,480
14,365,795,309
490,407,553,815
80,458,616,588
840,458,812,662
512,465,264,202
225,465,134,657
202,468,224,828
632,473,476,567
831,476,496,553
6,476,360,606
597,476,143,657
776,476,77,815
291,480,831,823
132,481,377,528
795,483,290,472
26,496,841,366
14,498,771,98
309,499,610,483
525,499,78,823
315,501,144,480
842,504,616,483
473,504,465,771
809,504,616,841
366,508,483,597
831,509,843,551
132,509,542,567
377,509,44,592
795,517,491,616
632,517,498,790
69,528,839,553
468,534,240,14
465,534,843,483
777,534,841,657
309,534,777,743
811,534,842,839
837,539,143,649
306,539,464,828
290,540,2,549
465,540,559,815
848,540,708,829
153,542,593,472
610,542,662,549
224,542,632,567
848,542,588,775
501,545,610,480
301,545,520,508
606,545,356,633
202,545,476,743
2,549,356,290
472,549,852,743
593,551,505,771
811,553,812,224
849,553,816,491
356,553,309,508
10,553,819,841
525,554,77,589
840,554,589,657
852,559,364,153
815,559,539,743
703,567,202,464
98,567,776,829
370,568,79,589
491,568,223,657
795,570,377,14
366,570,743,80
134,573,820,476
316,573,842,567
240,573,472,811
306,573,481,836
823,588,542,775
20,589,509,559
512,589,508,771
505,589,80,809
649,591,470,612
849,591,601,657
132,591,809,836
372,592,841,775
821,593,843,528
7,593,612,775
202,593,846,777
316,597,588,508
743,601,589,554
809,601,69,559
505,606,815,309
790,610,848,14
847,610,528,657
20,612,504,407
790,612,476,472
545,612,473,567
465,612,601,775
520,612,823,811
499,612,78,821
98,613,465,153
372,613,847,271
472,613,271,465
505,616,657,79
306,616,809,657
10,616,542,771
NULL,616,764,821
504,616,271,847
843,616,504,848
240,617,841,153
610,617,534,407
649,622,554,848
26,622,528,849
823,630,553,135
845,630,132,816
848,630,80,824
819,632,498,14
829,632,549,78
370,633,554,843
476,649,848,309
301,649,372,464
476,657,491,143
366,657,826,597
7,662,834,407
458,662,795,483
359,662,309,809
845,667,465,551
504,682,225,612
290,682,359,815
491,703,811,836
622,708,567,78
612,708,464,360
134,708,365,464
778,708,703,508
593,708,568,848
465,743,473,545
132,743,849,829
610,759,667,79
610,759,811,143
612,759,364,588
824,759,475,809
360,759,836,815
841,763,80,458
778,764,847,540
98,764,504,777
812,771,499,98
464,775,667,134
356,775,2,483
2,775,234,633
852,776,840,144
366,776,593,764
301,776,470,841
525,777,306,549
98,777,759,597
271,777,837,819
20,777,845,852
498,790,662,508
829,790,708,512
849,790,649,612
364,795,44,464
649,795,820,508
567,795,481,815
224,809,743,542
490,811,633,143
10,811,606,360
69,811,616,476
568,811,366,570
370,812,617,77
14,812,501,464
632,812,14,540
20,812,496,764
14,812,496,829
69,812,834,843
377,815,534,2
44,815,657,75
610,815,407,542
588,816,617,360
309,816,843,591
632,816,554,662
132,819,790,542
370,819,567,545
842,820,771,77
551,820,360,597
10,821,554,539
144,821,377,649
845,821,632,771
837,821,470,809
764,823,592,98
528,823,795,127
809,823,837,235
77,823,539,468
364,823,809,759
816,824,776,127
316,824,840,472
364,824,509,559
553,824,847,588
464,826,759,290
366,826,837,534
812,828,520,356
848,828,6,632
315,828,778,759
44,828,612,820
14,829,816,202
10,829,597,364
525,829,839,365
567,829,505,472
127,829,622,597
821,831,225,743
356,831,849,777
490,831,69,823
316,834,841,153
616,835,771,77
234,835,616,80
846,836,309,80
649,836,764,234
848,836,14,240
622,836,202,473
473,836,612,505
372,836,559,852
505,837,591,315
144,837,703,540
364,837,234,551
849,839,828,NULL
224,839,509,504
153,839,14,542
764,840,849,542
606,840,225,819
816,841,132,306
809,841,498,823
2,842,223,44
26,842,6,301
481,842,826,360
819,843,465,224
819,843,364,240
816,843,480,559
610,845,776,2
764,845,271,7
271,845,593,847
553,847,846,98
306,847,819,127
77,848,540,589
NULL,849,617,144
490,849,743,225
812,849,291,845
612,852,606,301
223,852,847,309
845,852,617,315
7,852,26,528
315,649,26,616
843,475,77,708
612,588,79,616
622,315,135,69
812,708,135,840
2,606,143,633
540,235,224,306
491,777,234,837
153,842,235,790
534,811,264,370
649,472,271,831
225,542,301,840
2,771,306,708
501,69,315,845
771,815,359,839
777,606,365,377
534,240,366,606
824,7,377,834
703,819,407,501
815,372,407,520
528,271,407,790
840,69,421,525
840,703,458,589
831,476,458,606
567,480,458,616
763,708,458,811
225,75,468,80
839,525,468,359
10,505,468,372
682,520,473,69
593,370,476,NULL
370,306,483,616
98,480,491,291
682,301,491,592
223,841,496,44
842,622,496,370
75,202,498,795
840,662,498,816
795,573,505,649
476,78,509,520
846,377,509,589
811,632,517,763
475,78,517,775
841,845,520,370
481,849,525,499
483,377,525,501
464,134,528,44
473,69,539,622
475,98,540,839
224,69,540,840
234,364,542,613
570,2,542,778
852,69,545,473
504,528,549,132
80,366,551,630
127,540,551,633
778,606,553,202
498,601,559,633
836,491,559,848
202,824,568,370
473,512,568,501
264,235,568,763
812,836,570,26
778,633,570,264
568,291,570,509
132,777,573,630
77,301,589,559
240,476,589,622
505,846,592,359
823,7,593,845
370,534,593,846
6,20,597,613
475,505,601,778
309,316,601,790
845,496,606,NULL
512,682,606,377
7,370,610,617
315,491,610,630
828,539,610,633
315,852,612,617
480,134,613,525
847,491,613,540
847,364,613,542
473,465,613,588
7,845,613,592
77,667,630,6
235,315,630,316
593,778,632,501
496,315,632,824
606,622,633,458
559,612,633,848
372,464,649,840
470,224,657,143
545,840,657,476
2,80,657,570
841,842,662,458
622,301,662,473
508,795,662,589
365,542,662,816
10,834,667,592
10,69,667,840
10,840,703,290
778,134,708,573
78,98,708,606
539,475,759,458
778,559,763,20
470,682,763,568
828,649,764,132
80,682,764,458
301,823,764,606
NULL,491,771,568
271,616,775,501
271,473,775,508
69,472,775,703
795,134,776,44
667,465,776,790
481,468,776,820
80,763,777,153
359,764,777,592
499,824,778,6
764,828,778,132
235,667,778,508
591,622,778,573
364,144,778,592
824,593,778,834
372,633,790,568
2,777,790,649
365,821,795,499
632,364,795,517
504,316,809,271
820,465,809,616
6,501,811,132
836,26,812,144
831,127,815,225
828,520,815,364
553,202,819,225
847,134,819,601
568,824,820,539
309,771,820,601
306,554,821,NULL
649,465,821,69
551,481,821,234
612,504,821,290
630,831,821,601
499,539,823,364
127,567,824,795
554,812,824,842
633,549,828,504
235,842,828,763
835,491,828,820
610,496,829,504
632,551,829,512
365,465,831,553
842,364,835,234
545,2,836,135
811,475,836,517
662,127,836,568
591,682,837,143
135,778,837,520
364,473,839,77
6,370,839,234
852,790,839,271
240,525,839,589
356,525,839,771
816,606,840,77
776,809,840,315
764,481,840,365
10,465,840,539
512,829,841,223
NULL,481,841,291
593,470,842,837
824,490,845,539
821,842,846,545
528,490,847,617
809,821,848,551
703,811,848,834
144,649,849,290
841,826,849,573
234,NULL,849,649
540,573,849,826
476,78,849,846
616,75,852,315