phenotype1,phenotype2,phenotype3
14,7,nan
10,20,nan
14,75,nan
20,78,nan
127,44,nan
132,75,nan
202,77,nan
223,78,nan
225,79,nan
234,80,nan
127,235,nan
132,240,nan
134,291,nan
135,309,nan
143,366,nan
144,370,nan
202,372,nan
223,377,nan
224,458,nan
225,465,nan
234,476,nan
235,480,nan
240,481,nan
264,483,nan
291,490,nan
301,491,nan
306,496,nan
309,498,nan
315,501,nan
316,504,nan
356,505,nan
359,508,nan
360,512,nan
364,517,nan
365,534,nan
366,539,nan
370,540,nan
372,549,nan
377,551,nan
458,559,nan
464,567,nan
465,573,nan
473,588,nan
476,589,nan
480,593,nan
481,597,nan
483,606,nan
490,610,nan
491,612,nan
496,616,nan
498,622,nan
499,632,nan
501,667,nan
504,682,nan
505,703,nan
508,708,nan
509,821,nan
512,823,nan
517,824,nan
534,828,nan
539,829,nan
540,831,nan
545,834,nan
549,837,nan
551,843,nan
554,845,nan
559,847,nan
567,848,nan
568,849,nan
573,852,nan
588,7,nan
10,589,nan
44,591,nan
134,593,nan
135,597,nan
143,601,nan
144,606,nan
224,610,nan
264,612,nan
301,616,nan
315,617,nan
316,622,nan
360,630,nan
364,632,nan
464,649,nan
499,657,nan
545,662,nan
554,667,nan
568,682,nan
591,703,nan
601,708,nan
617,743,nan
630,759,nan
763,776,nan
764,790,nan
771,809,nan
775,840,nan
776,841,nan
790,846,nan
77,809,nan
80,811,nan
306,812,nan
356,815,nan
359,821,nan
365,823,nan
473,824,nan
649,828,nan
662,829,nan
743,831,nan
759,834,nan
771,837,nan
811,839,nan
812,840,nan
839,841,nan
509,843,nan
657,845,nan
764,846,nan
775,847,nan
815,848,nan
821,849,nan
823,852,nan
14,2,824
2,20,828
2,26,831
2,44,836
2,69,840
2,77,841
2,78,842
2,202,79
2,223,80
132,2,224
134,2,225
135,2,235
143,2,240
144,2,290
2,202,291
2,223,306
2,224,315
2,225,316
2,234,356
2,235,360
2,240,364
2,264,366
2,290,370
2,291,377
2,306,407
2,309,465
2,315,472
2,316,498
2,356,499
2,360,505
2,364,509
2,365,512
2,366,525
2,370,528
2,372,534
2,377,539
2,407,540
2,465,542
2,472,545
2,473,549
2,475,551
2,476,553
2,480,554
2,481,567
2,483,573
2,490,588
2,491,597
2,496,606
2,498,612
2,499,616
2,501,622
2,505,630
2,509,633
2,512,657
2,525,662
2,528,682
2,534,703
2,539,708
2,540,764
2,542,771
2,545,776
2,549,777
2,551,778
2,553,790
2,554,812
2,559,815
2,567,816
2,568,819
2,570,849
14,2,573
2,26,588
2,589,77
2,597,78
2,601,79
2,606,80
132,2,610
134,2,612
143,2,616
144,2,622
2,264,630
2,309,632
2,365,633
2,372,649
2,475,657
2,476,662
2,480,667
2,481,682
2,483,703
2,490,708
2,496,763
2,501,764
2,559,771
2,568,775
2,601,776
2,610,777
2,632,778
2,649,790
2,667,812
2,815,820
2,816,821
2,819,843
2,820,845
2,821,846
2,823,847
2,824,848
2,826,852
2,44,829
2,69,831
135,2,836
2,234,840
2,473,841
2,491,842
2,589,843
2,775,845
2,823,846
2,829,847
2,831,848
14,6,828
20,6,829
26,6,834
44,6,839
6,69,841
6,75,842
6,77,843
6,78,846
223,6,79
225,6,80
234,6,98
127,240,6
132,291,6
134,301,6
143,370,6
144,372,6
202,377,6
223,464,6
224,465,6
225,470,6
234,480,6
235,481,6
240,490,6
264,491,6
271,501,6
290,504,6
291,505,6
301,512,6
306,528,6
309,534,6
315,539,6
316,540,6
356,542,6
360,549,6
364,551,6
365,553,6
366,554,6
370,567,6
372,568,6
377,570,6
464,588,6
465,589,6
470,591,6
473,592,6
475,593,6
476,597,6
480,6,606
481,6,610
483,6,612
490,6,617
491,6,630
496,6,632
499,6,633
501,6,682
504,6,703
505,6,708
509,6,820
512,6,821
528,6,823
534,6,826
539,6,831
540,6,836
542,6,840
549,6,845
551,6,847
553,6,848
554,6,852
20,559,6
26,567,6
568,6,78
570,6,80
573,6,98
127,588,6
132,589,6
134,591,6
144,592,6
202,593,6
224,597,6
235,6,601
264,6,606
290,6,610
306,6,612
356,6,613
360,6,617
365,6,622
366,6,630
473,6,632
475,6,633
476,6,649
483,6,662
496,6,667
499,6,682
559,6,703
573,6,708
6,601,759
6,622,764
6,649,771
6,662,775
6,667,776
6,759,777
6,764,778
6,771,790
6,776,795
6,777,809
6,811,812
6,812,824
6,815,837
6,816,849
14,6,819
44,6,820
6,69,821
6,75,823
271,6,824
315,6,826
316,6,828
364,6,829
509,6,831
6,775,834
6,778,836
6,809,837
6,815,839
6,816,840
6,819,841
6,77,842
309,6,843
6,613,845
6,790,846
6,795,847
6,811,848
6,812,849
6,815,852
7,821,nan
14,7,829
20,7,831
26,7,836
44,7,840
69,7,842
7,75,846
7,77,847
7,78,848
7,80,849
7,852,98
127,7,nan
132,20,7
134,26,7
144,44,7
153,69,7
202,7,75
223,7,78
224,7,98
127,225,7
234,316,7
235,364,7
240,365,7
264,370,7
271,372,7
290,377,7
291,407,7
301,464,7
309,468,7
315,470,7
316,472,7
360,473,7
364,475,7
365,476,7
366,480,7
370,483,7
372,491,7
377,496,7
407,499,7
464,504,7
468,505,7
470,509,7
472,512,7
473,525,7
475,528,7
476,539,7
480,540,7
481,549,7
483,554,7
491,559,7
496,567,7
498,588,7
499,589,7
504,592,7
505,593,7
509,601,7
512,606,7
525,610,7
528,612,7
534,617,7
539,622,7
540,633,7
545,662,7
549,667,7
551,682,7
553,7,703
554,7,708
559,7,759
567,7,771
573,7,775
588,7,776
589,7,777
591,7,778
592,7,790
593,7,795
601,7,809
606,7,811
610,7,815
612,7,816
613,7,841
617,7,843
622,7,845
14,630,7
633,7,77
132,649,7
134,662,7
144,667,7
202,682,7
224,7,703
225,7,708
235,7,759
240,7,764
290,7,771
291,7,775
301,7,776
309,7,777
315,7,778
360,7,790
366,7,795
481,7,809
498,7,811
534,7,815
545,7,816
551,7,819
553,7,820
573,7,821
591,7,823
630,7,824
7,764,828
7,820,829
7,823,831
7,824,834
7,828,835
7,80,836
153,7,837
223,7,839
649,7,840
7,834,841
7,835,842
234,7,843
271,7,845
7,819,846
7,837,847
264,7,848
7,839,849
7,840,852
10,841,nan
10,14,843
10,20,845
10,26,846
10,44,847
10,69,848
10,75,849
10,77,852
10,78,nan
10,20,80
10,127,26
10,132,44
10,134,69
10,135,75
10,127,144
10,132,153
10,134,202
10,202,223
10,224,235
10,225,240
10,234,364
10,235,365
10,240,366
10,264,377
10,290,407
10,291,421
10,301,465
10,306,468
10,309,470
10,315,475
10,316,499
10,356,501
10,360,504
10,364,505
10,365,508
10,366,509
10,370,520
10,372,525
10,377,528
10,407,534
10,421,551
10,465,553
10,468,573
10,470,588
10,472,589
10,473,593
10,475,597
10,476,601
10,480,610
10,481,612
10,483,616
10,490,622
10,491,632
10,496,633
10,498,649
10,499,662
10,501,703
10,504,708
10,505,759
10,508,771
10,509,823
10,520,824
10,525,828
10,528,829
10,534,831
10,539,836
10,540,837
10,542,839
10,545,840
10,549,842
10,14,551
10,553,77
10,554,78
10,559,80
10,135,567
10,144,568
10,153,573
10,223,588
10,224,589
10,291,591
10,301,592
10,309,593
10,315,597
10,316,601
10,356,606
10,360,610
10,370,612
10,372,613
10,476,616
10,490,617
10,496,622
10,498,630
10,540,632
10,542,633
10,549,649
10,554,662
10,559,667
10,567,682
10,568,703
10,591,708
10,592,759
10,606,763
10,630,771
10,667,775
10,682,776
10,763,777
10,776,778
10,777,790
10,795,809
10,809,815
10,811,816
10,815,821
10,816,834
10,225,819
10,234,820
10,264,821
10,306,823
10,472,824
10,473,826
10,481,828
10,491,829
10,539,831
10,545,834
10,775,836
10,778,837
10,790,839
10,795,840
10,811,841
10,819,842
10,820,843
10,826,845
10,480,846
10,483,847
10,613,848
10,617,849
10,290,852
14,301,nan
14,2,306
14,309,6
14,360,7
10,14,364
14,26,365
14,366,69
14,372,75
14,377,98
127,14,421
134,14,464
14,143,465
14,144,470
14,153,472
14,202,473
14,223,475
14,224,476
14,240,480
14,264,481
14,271,490
14,290,496
14,301,498
14,306,499
14,309,501
14,360,520
14,364,525
14,365,528
14,366,534
14,372,539
14,377,540
14,407,542
14,421,553
14,464,597
14,465,601
14,468,610
14,470,612
14,472,622
14,473,630
14,475,632
14,476,633
14,480,662
14,481,667
14,490,703
14,496,708
14,498,771
14,499,775
14,501,776
14,505,790
14,512,795
14,520,809
14,525,811
14,528,816
14,534,819
14,539,821
14,540,824
14,542,828
14,545,829
14,549,831
14,551,835
14,553,836
14,554,839
14,567,841
14,2,570
14,573,6
10,14,588
14,26,591
14,597,69
14,601,75
14,606,98
127,14,610
14,143,612
14,153,616
14,202,622
14,223,630
14,224,632
14,240,633
14,264,662
14,290,667
14,407,703
14,505,708
14,512,759
14,551,763
14,554,771
14,573,775
14,588,776
14,591,790
14,606,795
14,616,809
14,759,811
14,763,812
14,815,834
14,816,843
14,819,846
14,821,848
14,824,nan
14,7,828
134,14,829
14,144,831
14,271,834
14,549,835
14,567,836
14,570,839
14,812,841
14,815,843
14,545,845
14,845,846
14,846,848
20,847,nan
2,20,848
20,6,849
20,7,852
2,20,78
20,6,80
20,7,98
10,127,20
132,20,98
134,20,202
144,20,224
153,20,235
20,202,264
20,223,290
20,224,291
20,225,301
20,234,365
20,235,366
20,264,465
20,271,470
20,290,473
20,291,475
20,301,480
20,306,481
20,309,490
20,315,491
20,316,505
20,364,512
20,365,525
20,366,528
20,370,534
20,372,540
20,377,545
20,407,573
20,421,589
20,464,593
20,465,597
20,470,601
20,473,606
20,475,610
20,476,612
20,480,613
20,481,616
20,490,630
20,491,649
20,496,662
20,498,682
20,504,743
20,505,764
20,509,824
20,512,828
20,525,829
20,528,834
20,534,836
20,539,837
20,540,839
20,545,841
20,549,843
20,554,846
20,559,78
20,567,80
127,20,573
134,20,589
144,20,593
153,20,597
20,223,601
20,225,606
20,306,610
20,309,612
20,364,613
20,370,616
20,372,617
20,377,622
20,407,630
20,464,632
20,498,649
20,504,657
20,539,662
20,549,667
20,554,682
20,567,703
20,622,708
20,632,743
20,667,759
20,708,763
20,764,776
20,771,778
20,775,823
20,776,831
20,777,840
20,778,842
20,790,845
132,20,795
20,234,809
20,315,811
20,316,812
20,421,815
20,559,816
20,657,819
20,703,820
20,759,823
20,771,824
20,777,828
20,790,829
20,795,831
20,809,834
20,811,835
20,812,836
20,815,837
20,819,839
20,820,840
20,271,841
20,476,842
20,496,843
20,509,845
20,775,846
20,816,847
20,617,848
20,835,849
20,836,852
2,26,841
26,6,842
26,7,843
10,26,845
14,26,846
26,69,847
26,75,848
26,77,849
127,26,852
132,2,26
134,26,6
144,26,7
10,202,26
14,224,26
225,26,69
235,26,75
240,26,77
127,26,264
144,26,290
202,26,291
224,26,301
225,26,306
235,26,309
240,26,315
26,264,316
26,290,356
26,291,359
26,306,364
26,309,365
26,315,366
26,364,370
26,365,372
26,377,465
26,407,481
26,421,491
26,464,501
26,465,504
26,470,505
26,473,508
26,475,512
26,476,520
26,481,525
26,483,534
26,490,539
26,491,540
26,496,545
26,498,549
26,499,551
26,501,553
26,504,554
26,505,559
26,508,567
26,512,573
26,520,593
26,525,606
26,528,610
26,534,612
26,539,616
26,540,622
26,542,649
26,545,667
26,549,703
26,551,708
26,553,759
26,554,815
26,559,819
26,567,823
26,570,836
132,26,573
134,26,588
26,316,591
26,356,592
26,359,593
26,366,597
26,370,601
26,372,606
26,377,610
26,407,612
26,470,616
26,473,622
26,475,649
26,490,662
26,499,667
26,528,703
26,542,708
26,570,743
26,588,759
26,591,812
26,662,815
26,743,819
26,812,820
26,820,823
26,824,834
26,301,831
26,421,834
26,476,836
26,483,839
26,496,841
26,498,842
26,592,843
26,597,845
26,601,846
26,824,847
26,464,848
26,831,849
26,839,852
44,840,nan
2,44,842
44,6,843
44,7,845
44,75,852
44,77,nan
127,44,6
132,44,7
10,134,44
144,44,75
127,153,44
132,223,44
134,225,44
234,370,44
235,377,44
240,421,44
264,44,468
291,44,472
301,44,473
306,44,475
309,44,476
315,44,481
316,44,501
364,44,504
365,44,505
366,44,508
370,44,512
372,44,520
377,44,549
421,44,567
44,464,592
44,465,593
44,468,612
44,472,630
44,473,632
44,475,633
44,476,649
44,481,657
44,483,662
44,490,667
44,496,682
44,498,708
44,499,743
44,501,759
44,504,771
44,505,775
44,508,776
44,509,831
44,512,836
44,520,839
44,528,841
44,539,849
2,44,540
144,44,542
153,44,549
225,44,551
235,44,553
240,44,554
291,44,559
301,44,567
306,44,570
309,44,588
315,44,591
316,44,592
364,44,593
365,44,601
366,44,606
372,44,610
44,464,612
44,465,616
44,499,617
44,509,622
44,528,630
44,542,632
44,551,633
44,554,649
44,570,657
44,588,662
44,591,667
44,601,682
44,606,703
44,703,708
44,743,777
44,759,778
44,763,790
44,771,795
44,775,821
44,776,823
44,777,824
44,778,828
44,790,829
44,795,848
223,44,809
264,44,811
44,490,812
44,539,815
44,540,816
44,610,820
44,616,821
44,622,823
44,809,824
44,820,826
44,483,828
44,496,829
44,553,831
44,559,836
44,763,839
44,811,840
44,816,841
44,826,842
44,77,843
44,498,845
44,617,847
44,812,848
234,44,849
240,44,852
2,264,69
290,6,69
301,69,7
10,306,69
14,309,69
26,315,69
316,69,98
127,356,69
132,364,69
134,365,69
135,464,69
144,465,69
153,470,69
202,472,69
223,473,69
224,475,69
225,476,69
234,481,69
235,490,69
240,491,69
264,499,69
290,501,69
301,504,69
306,505,69
309,508,69
315,512,69
316,520,69
356,525,69
364,528,69
365,539,69
366,540,69
370,542,69
372,551,69
377,553,69
407,588,69
421,592,69
464,601,69
465,606,69
470,616,69
472,632,69
473,633,69
475,649,69
476,657,69
480,667,69
481,682,69
483,69,703
490,69,708
491,69,743
496,69,759
498,69,776
499,69,777
501,69,778
504,69,790
505,69,795
508,69,809
509,69,834
512,69,839
520,69,841
525,69,842
528,69,843
534,69,846
539,69,847
540,69,848
542,69,849
545,69,852
2,549,69
551,6,69
553,69,7
10,554,69
26,559,69
588,69,98
127,591,69
132,592,69
153,593,69
202,597,69
224,601,69
240,606,69
366,610,69
372,612,69
377,616,69
407,622,69
421,630,69
480,632,69
496,633,69
509,649,69
534,657,69
549,662,69
593,667,69
597,682,69
610,69,703
612,69,708
622,69,743
69,759,771
69,763,811
69,771,812
69,775,824
69,776,828
69,777,829
69,778,831
69,790,836
69,795,840
14,69,809
134,69,811
135,69,812
144,69,815
225,69,820
234,69,821
235,69,823
370,69,824
498,69,828
545,69,829
554,69,831
559,69,834
591,69,836
662,69,839
69,775,840
69,820,841
69,821,842
69,823,843
223,69,845
483,69,846
630,69,847
69,845,848
69,846,849
69,847,852
75,848,nan
6,75,852
7,75,nan
10,14,75
14,26,75
127,26,75
132,44,75
143,75,80
127,144,75
132,153,75
134,223,75
135,240,75
143,372,75
144,377,75
153,464,75
202,465,75
223,468,75
224,470,75
225,472,75
235,475,75
240,476,75
264,480,75
290,481,75
291,496,75
301,499,75
306,504,75
309,505,75
315,508,75
316,509,75
356,512,75
360,525,75
364,534,75
365,540,75
370,549,75
372,553,75
377,554,75
407,589,75
458,597,75
464,612,75
465,613,75
468,632,75
470,633,75
472,649,75
475,657,75
476,662,75
480,703,75
481,708,75
490,743,75
496,75,763
498,75,777
499,75,778
504,75,795
505,75,809
508,75,811
509,75,839
512,75,841
520,75,842
525,75,846
528,75,847
534,6,75
540,7,75
10,549,75
44,551,75
553,75,80
134,554,75
202,567,75
224,573,75
225,589,75
235,591,75
290,592,75
291,593,75
301,597,75
306,601,75
309,606,75
315,610,75
316,612,75
520,613,75
567,616,75
591,617,75
593,622,75
601,632,75
606,633,75
610,649,75
616,657,75
622,662,75
667,75,759
703,75,764
708,75,771
743,75,812
75,759,815
75,763,816
75,764,821
75,771,823
75,775,831
75,776,834
75,777,836
75,778,840
264,75,795
356,75,809
360,75,811
364,75,812
365,75,815
370,75,816
407,75,819
490,75,821
498,75,823
528,75,824
573,75,826
667,75,828
75,776,829
75,829,831
135,75,834
551,75,836
592,75,839
617,75,840
75,775,841
75,824,842
75,826,846
75,828,847
75,829,848
75,836,849
458,75,852
464,77,nan
2,472,77
473,6,77
475,7,77
10,476,77
26,481,77
44,496,77
202,499,77
224,504,77
225,505,77
235,508,77
240,509,77
264,512,77
290,520,77
291,525,77
301,528,77
306,534,77
309,539,77
315,551,77
360,553,77
364,554,77
365,559,77
370,588,77
377,589,77
464,630,77
468,649,77
470,657,77
472,667,77
473,682,77
475,703,77
476,743,77
480,759,77
481,77,771
491,77,775
496,77,776
499,77,795
501,77,809
504,77,811
505,77,812
508,77,815
509,77,840
512,77,842
520,77,843
525,77,847
528,77,848
534,77,852
539,77,nan
540,6,77
551,7,77
26,554,77
44,559,77
224,567,77
225,588,77
235,589,77
291,592,77
309,597,77
315,601,77
360,606,77
364,610,77
365,612,77
480,616,77
491,617,77
501,622,77
597,630,77
606,632,77
610,633,77
612,649,77
622,657,77
632,662,77
667,77,777
682,77,778
703,77,816
708,77,819
743,77,820
759,77,823
77,771,834
77,775,836
77,776,839
77,777,841
77,778,846
202,77,795
240,77,809
290,77,811
370,77,812
377,77,815
468,77,816
470,77,819
540,77,820
567,77,821
592,77,823
601,77,834
616,77,835
662,77,836
708,77,839
77,821,840
77,841,849
2,77,842
301,77,843
306,77,846
633,77,847
649,77,848
264,77,849
617,77,852
622,78,nan
2,630,78
6,632,78
633,7,78
10,662,78
20,667,78
682,78,98
127,703,78
202,708,78
223,743,78
224,771,78
235,775,78
240,776,78
264,78,795
291,78,809
301,78,816
306,78,819
309,78,820
316,78,821
356,78,823
364,78,824
365,78,828
370,78,829
372,78,834
377,78,836
458,78,839
464,78,842
465,78,846
468,78,852
470,6,78
472,7,78
10,473,78
20,475,78
476,78,98
127,480,78
202,481,78
223,490,78
224,491,78
235,499,78
240,501,78
291,505,78
301,508,78
306,509,78
309,512,78
356,517,78
364,520,78
365,525,78
370,528,78
372,534,78
377,539,78
464,540,78
465,549,78
470,551,78
472,553,78
473,554,78
475,559,78
476,567,78
480,568,78
499,589,78
505,591,78
508,597,78
509,601,78
512,606,78
520,610,78
528,612,78
540,613,78
553,616,78
559,617,78
567,622,78
591,630,78
597,632,78
601,633,78
610,657,78
613,662,78
616,667,78
617,682,78
703,78,790
708,78,835
743,78,849
759,78,nan
2,771,78
264,775,78
316,776,78
481,78,790
490,78,795
491,78,809
501,78,816
525,78,819
534,78,820
539,78,821
549,78,823
554,78,824
568,78,828
606,78,829
657,78,834
759,78,835
78,836,848
551,78,842
589,78,846
612,78,848
517,78,849
473,79,nan
2,475,79
476,6,79
202,480,79
223,491,79
225,496,79
235,501,79
264,520,79
366,568,79
370,589,79
372,597,79
407,610,79
464,632,79
465,657,79
472,703,79
473,708,79
475,759,79
476,764,79
480,79,812
491,79,819
496,79,831
501,79,834
505,79,837
508,79,nan
2,509,79
512,6,79
202,520,79
223,525,79
225,528,79
235,539,79
264,553,79
370,588,79
372,589,79
464,597,79
465,601,79
505,606,79
508,610,79
509,612,79
512,616,79
525,622,79
539,630,79
553,632,79
588,657,79
601,662,79
606,667,79
612,703,79
630,708,79
759,79,839
763,79,841
764,79,842
472,79,812
528,79,819
616,79,831
662,79,834
622,79,837
667,79,839
407,79,840
776,80,nan
2,777,80
6,790,80
7,795,80
10,80,809
20,80,811
75,80,812
80,816,98
143,80,828
153,80,834
202,80,835
223,80,836
225,80,837
234,80,839
235,80,841
240,80,842
271,80,843
291,80,845
301,80,846
306,80,847
309,80,848
316,80,849
356,80,852
360,80,nan
2,364,80
366,6,80
370,7,80
10,372,80
20,377,80
407,75,80
421,80,98
202,458,80
223,464,80
225,465,80
235,468,80
240,470,80
271,472,80
291,473,80
306,475,80
309,476,80
356,480,80
360,481,80
366,483,80
370,490,80
372,491,80
377,496,80
465,498,80
470,499,80
472,501,80
473,505,80
475,508,80
476,509,80
481,512,80
490,520,80
491,525,80
499,528,80
508,534,80
512,539,80
528,540,80
540,549,80
551,588,80
553,589,80
554,597,80
559,601,80
567,606,80
570,633,80
588,657,80
589,662,80
591,667,80
592,682,80
597,703,80
601,708,80
606,759,80
610,80,820
612,80,821
616,80,823
617,80,840
143,622,80
301,630,80
316,633,80
364,657,80
407,662,80
458,667,80
464,682,80
468,703,80
480,708,80
496,743,80
501,759,80
520,763,80
525,764,80
549,776,80
554,777,80
559,790,80
567,795,80
570,80,809
591,80,811
592,80,812
610,80,816
612,80,820
622,80,821
630,80,823
743,80,824
763,80,828
234,80,835
483,80,836
498,80,837
505,80,839
509,80,840
534,80,841
539,80,842
551,80,843
553,80,845
616,80,846
764,80,847
80,824,848
80,828,849
80,834,852
6,836,98
7,837,98
14,839,98
20,840,98
69,843,98
78,849,98
80,852,98
132,6,98
134,7,98
14,144,98
153,20,98
202,69,98
224,78,98
225,80,98
234,372,98
235,421,98
240,464,98
264,470,98
271,472,98
290,475,98
291,476,98
306,480,98
309,481,98
315,483,98
316,508,98
356,509,98
364,520,98
365,542,98
366,545,98
370,553,98
372,554,98
377,559,98
421,568,98
464,613,98
465,622,98
468,630,98
470,632,98
472,682,98
473,703,98
475,708,98
476,771,98
480,775,98
481,776,98
483,778,98
490,790,98
491,795,98
496,812,98
498,816,98
499,819,98
501,820,98
504,821,98
508,823,98
509,841,98
512,846,98
520,847,98
525,848,98
132,528,98
144,534,98
153,539,98
224,540,98
225,542,98
235,545,98
240,549,98
306,553,98
309,554,98
316,559,98
356,567,98
364,568,98
365,570,98
366,573,98
377,588,98
512,591,98
540,592,98
549,593,98
573,597,98
588,601,98
593,606,98
597,610,98
601,612,98
613,662,98
617,667,98
622,759,98
630,763,98
632,764,98
633,777,98
662,815,98
667,824,98
682,829,98
703,831,98
708,834,98
759,842,98
264,763,98
271,764,98
315,771,98
465,775,98
468,776,98
490,777,98
491,778,98
496,790,98
498,795,98
499,812,98
501,815,98
504,816,98
534,819,98
539,820,98
591,821,98
606,823,98
633,824,98
826,845,98
202,829,98
234,831,98
290,834,98
370,836,98
473,837,98
525,839,98
528,840,98
567,841,98
570,842,98
610,843,98
612,845,98
291,846,98
592,847,98
134,848,98
826,849,98
829,852,98
127,831,nan
127,6,837
127,7,839
10,127,840
127,14,841
127,20,842
127,26,843
127,44,845
127,69,846
127,75,847
127,78,852
127,144,nan
127,153,7
127,14,202
127,20,223
127,224,26
127,225,44
127,235,69
127,240,75
127,264,78
127,153,290
127,202,301
127,223,306
127,225,309
127,235,315
127,240,316
127,264,356
127,290,359
127,309,360
127,315,364
127,356,365
127,360,366
127,365,370
127,372,464
127,377,468
127,421,470
127,464,483
127,465,490
127,468,501
127,470,504
127,472,505
127,473,509
127,475,520
127,480,525
127,481,528
127,483,540
127,490,549
127,491,551
127,496,553
127,498,559
127,499,567
127,501,568
127,504,573
127,505,588
127,509,589
127,512,591
127,520,597
127,525,617
127,528,622
127,540,632
127,542,633
127,549,649
127,551,662
127,553,667
127,554,682
127,559,703
127,567,708
127,568,759
127,570,763
127,573,776
127,588,777
127,589,778
127,591,790
127,592,809
127,593,811
127,597,816
127,601,819
127,606,820
127,610,821
127,612,823
127,617,848
127,622,849
127,6,630
10,127,632
127,144,633
127,224,649
127,306,657
127,316,662
127,359,667
127,364,682
127,366,703
127,370,708
127,372,743
127,377,759
127,465,763
127,473,764
127,475,771
127,480,775
127,481,776
127,491,777
127,496,778
127,498,790
127,499,795
127,512,809
127,554,811
127,570,812
127,606,815
127,612,816
127,630,819
127,743,820
127,764,821
127,771,823
127,775,824
127,795,826
127,812,828
127,815,829
127,472,831
127,542,835
127,601,836
127,610,837
127,657,839
127,824,840
127,826,841
127,828,842
127,593,843
127,829,845
127,836,846
127,301,847
127,592,848
127,593,849
127,835,852
132,837,nan
132,2,840
132,6,841
132,7,842
10,132,848
132,20,849
132,26,852
132,44,nan
132,2,69
132,6,75
132,144,26
132,153,44
132,202,98
132,223,225
132,224,301
132,225,306
132,235,309
132,240,315
132,291,364
132,301,365
132,306,370
132,309,377
132,315,464
132,316,512
132,356,520
132,364,540
132,365,549
132,370,551
132,372,559
132,377,567
132,464,568
132,465,588
132,468,589
132,470,592
132,472,593
132,473,601
132,475,606
132,476,610
132,480,616
132,481,622
132,483,630
132,490,632
132,491,633
132,496,667
132,499,682
132,501,708
132,504,759
132,505,771
132,508,775
132,509,845
132,512,847
10,132,520
132,525,69
132,528,75
132,144,540
132,153,542
132,202,549
132,224,551
132,240,553
132,356,559
132,372,567
132,470,568
132,475,570
132,476,573
132,481,588
132,483,589
132,508,591
132,509,592
132,528,593
132,542,601
132,553,606
132,573,610
132,591,612
132,613,7
132,235,616
132,291,617
132,465,622
132,468,630
132,472,632
132,473,633
132,480,649
132,490,657
132,491,662
132,501,667
132,504,682
132,505,703
132,525,708
132,612,743
132,649,759
132,662,764
132,703,771
132,316,775
132,496,776
132,499,777
132,570,778
132,657,790
132,777,795
132,795,809
132,811,815
132,815,823
132,816,824
132,819,836
132,820,839
132,223,821
132,743,823
132,764,824
132,776,828
132,778,829
132,790,836
132,811,837
132,828,840
132,829,841
132,617,842
132,816,845
132,819,847
132,821,848
132,809,849
132,811,852
134,812,nan
134,2,815
134,6,816
134,7,819
10,134,820
134,14,821
134,20,834
134,26,839
134,44,841
134,69,845
134,75,nan
134,6,98
134,202,7
10,134,223
134,20,224
134,225,26
134,235,44
134,291,75
134,225,301
134,235,306
134,309,315
134,315,316
134,316,525
134,356,528
134,360,539
134,364,542
134,365,545
134,366,551
134,370,554
134,372,567
134,377,568
134,458,588
134,464,589
134,465,610
134,470,622
134,472,708
134,473,743
134,475,771
134,476,775
134,480,776
134,481,777
134,483,790
134,490,795
134,491,809
134,496,811
134,498,826
134,501,828
134,504,829
134,505,835
134,508,848
134,512,849
134,520,852
134,2,525
134,14,528
134,539,69
134,540,98
134,224,542
134,291,545
134,301,549
134,306,551
134,309,553
134,356,554
134,364,567
134,365,568
134,370,573
134,372,588
134,377,589
134,470,591
134,472,593
134,473,597
134,475,601
134,476,606
134,480,610
134,481,612
134,491,613
134,496,616
134,505,617
134,508,622
134,512,630
134,520,632
134,540,633
134,573,649
134,591,657
134,593,662
134,597,667
134,601,703
134,606,708
134,616,743
134,759,836
134,764,840
134,771,842
134,775,843
134,202,776
134,223,777
134,366,778
134,464,790
134,465,795
134,490,809
134,501,811
134,504,812
134,553,815
134,617,816
134,632,819
134,633,820
134,649,821
134,657,826
134,662,828
134,667,829
134,703,834
134,764,835
134,836,847
134,360,837
134,498,839
134,549,840
134,612,841
134,630,842
134,759,843
134,778,845
134,613,847
134,483,848
134,837,849
134,841,852
135,843,nan
135,2,845
10,135,69
135,153,69
135,202,75
135,153,240
135,202,309
135,235,315
135,240,465
135,309,491
135,315,520
135,458,525
135,464,542
135,465,545
135,491,549
135,509,553
135,512,554
135,520,589
135,525,622
135,542,630
135,545,708
135,549,776
135,553,778
135,554,790
135,567,812
135,568,816
135,588,819
135,589,821
135,597,823
135,606,826
135,612,836
135,622,837
135,630,840
135,708,841
135,776,842
135,2,778
10,135,790
135,75,812
135,235,816
135,458,819
135,464,821
135,509,823
135,512,826
135,568,834
135,597,836
135,834,837
135,840,nan
135,588,841
135,606,842
135,567,843
135,568,845
143,573,nan
143,2,588
143,591,6
14,143,597
143,601,75
143,606,80
143,224,610
143,225,612
143,240,617
143,366,630
143,370,632
143,372,633
143,464,649
143,465,662
143,468,703
143,470,708
143,472,795
143,475,809
143,476,811
143,480,819
143,483,828
143,490,831
143,491,834
143,496,840
143,498,nan
143,2,499
143,504,6
14,143,505
143,508,75
143,509,80
143,224,512
143,225,520
143,240,525
143,366,528
143,370,534
143,372,539
143,464,553
143,465,567
143,468,573
143,470,588
143,525,591
143,528,597
143,534,601
143,539,606
143,610,622
143,612,682
143,472,613
143,483,616
143,508,617
143,512,622
143,553,630
143,567,632
143,633,846
143,490,649
143,491,657
143,496,662
143,498,682
143,499,703
143,504,708
143,505,759
143,616,795
143,657,809
143,811,837
143,475,819
143,476,828
143,480,831
143,509,834
143,520,837
143,759,840
143,795,846
144,809,nan
144,2,812
144,6,815
144,7,816
10,144,819
144,20,835
144,26,841
144,44,848
144,69,849
144,7,75
127,144,20
144,153,75
127,144,202
132,144,224
144,202,225
144,224,235
144,225,240
144,235,290
144,240,301
144,290,306
144,309,316
144,315,359
144,316,534
144,356,540
144,359,545
144,364,549
144,366,559
144,370,568
144,372,573
144,377,588
144,464,633
144,465,649
144,470,662
144,472,743
144,475,775
144,476,776
144,480,790
144,481,795
144,483,820
144,490,821
144,496,824
144,499,826
144,501,829
144,504,836
144,505,839
144,520,845
144,525,852
144,534,nan
10,144,540
144,545,69
144,549,98
144,153,551
144,301,553
144,306,554
144,309,559
144,315,567
144,464,588
144,465,589
144,470,592
144,475,593
144,476,597
144,481,601
144,483,606
144,490,612
144,520,617
144,542,622
144,551,632
144,554,633
144,567,649
144,589,657
144,592,662
144,612,667
144,622,682
144,632,703
144,708,759
144,743,778
144,759,811
144,764,823
144,771,828
144,775,846
144,2,776
144,6,778
144,356,790
144,364,795
144,366,809
144,377,811
144,480,812
144,504,815
144,505,816
144,553,819
144,593,820
144,597,821
144,601,823
144,606,824
144,764,826
144,829,840
144,831,847
144,496,835
144,499,836
144,501,837
144,682,839
144,703,840
144,708,841
144,472,845
144,525,846
144,657,847
144,662,848
144,667,849
144,837,852
153,7,840
10,153,841
14,153,7
10,153,20
153,44,75
153,69,98
127,153,75
153,235,80
153,240,98
132,153,301
135,153,315
144,153,316
153,235,356
153,240,370
153,290,464
153,291,465
153,301,468
153,306,470
153,309,472
153,315,476
153,316,528
153,356,534
153,364,539
153,365,551
153,366,573
153,370,591
153,377,593
153,421,606
153,464,708
153,465,743
153,468,776
153,470,777
153,472,790
153,473,795
153,476,809
153,480,815
153,481,816
153,483,823
153,490,824
153,491,826
153,496,828
153,498,834
153,501,835
153,504,837
153,505,842
153,509,846
153,512,852
14,153,525
153,20,528
153,534,69
153,539,80
132,153,540
135,153,542
144,153,549
153,291,551
153,364,553
153,365,554
153,366,559
153,377,568
153,473,573
153,483,588
153,549,591
153,554,593
153,588,597
153,606,622
153,613,847
153,44,616
153,512,617
153,540,622
153,559,632
153,568,633
153,616,649
153,657,831
153,708,839
153,306,743
153,309,759
153,490,763
153,491,775
153,498,776
153,501,777
153,504,790
153,505,795
153,525,809
153,542,815
153,553,816
153,597,823
153,632,824
153,633,826
153,657,828
153,759,829
153,775,831
153,829,834
153,835,849
153,481,837
153,496,839
153,421,840
153,480,841
153,509,842
153,512,846
153,763,847
153,649,849
153,657,852
202,662,nan
2,202,667
202,6,682
202,7,703
10,202,708
14,202,759
20,202,764
202,26,812
202,69,815
202,75,816
202,77,819
202,78,821
202,79,831
202,836,98
127,202,837
132,202,839
134,202,840
135,202,841
144,202,845
202,223,846
202,224,847
202,225,848
202,235,nan
2,202,240
202,264,6
202,291,7
10,202,301
14,202,306
20,202,309
202,26,315
202,356,69
127,202,359
134,202,360
144,202,364
202,223,365
202,224,366
202,235,370
202,240,372
202,264,377
202,291,407
202,372,458
202,464,509
202,465,512
202,468,525
202,472,539
202,473,545
202,476,549
202,480,553
202,481,554
202,483,589
202,490,592
202,491,593
202,496,622
202,498,632
202,499,649
202,501,743
202,504,775
202,505,776
202,509,843
202,512,75
202,520,77
202,525,78
202,528,79
202,534,80
202,539,98
135,202,545
202,225,549
202,301,551
202,315,553
202,364,554
202,365,567
202,458,568
202,465,573
202,468,589
202,472,592
202,473,593
202,480,597
202,490,601
202,491,606
202,498,616
202,499,622
202,501,632
202,504,633
202,505,649
202,520,657
202,528,662
202,534,667
202,551,682
202,573,703
202,708,777
202,743,809
202,759,824
202,764,826
202,771,849
132,202,775
202,306,776
202,356,777
202,359,778
202,370,795
202,377,809
202,407,811
202,464,812
202,476,815
202,481,816
202,483,819
202,496,821
202,567,823
202,568,824
202,597,826
202,601,828
202,616,829
202,633,831
202,657,835
202,795,836
202,823,837
202,828,839
202,829,840
202,841,852
202,366,843
202,606,845
202,771,846
202,778,847
202,309,848
202,811,849
202,360,852
223,364,nan
2,223,365
223,366,6
223,370,7
10,223,377
14,223,464
20,223,465
223,44,468
223,470,69
223,472,75
223,473,78
223,475,79
223,480,80
127,223,481
132,223,483
134,223,490
202,223,491
223,225,499
223,235,504
223,240,505
223,264,525
223,290,528
223,291,534
223,306,539
223,309,540
223,315,553
223,316,567
223,356,573
223,360,588
223,364,589
223,365,592
223,366,593
223,370,597
223,377,601
223,464,662
223,465,667
223,468,771
223,470,776
223,472,809
223,473,811
223,475,815
223,480,816
223,481,821
223,483,824
223,490,829
223,491,831
223,496,834
223,499,836
223,501,837
223,504,839
223,505,840
223,512,848
14,223,520
20,223,525
223,44,528
223,534,75
223,539,78
223,540,80
127,223,553
132,223,567
134,223,568
202,223,573
223,235,588
223,240,589
223,306,591
223,315,592
223,360,593
223,501,597
223,520,601
223,568,606
223,591,610
223,606,612
223,610,622
223,612,630
223,622,632
223,633,790
223,649,795
223,657,823
223,662,841
223,667,842
223,682,843
223,708,845
223,743,846
223,771,847
223,776,852
2,223,777
223,6,790
223,7,795
10,223,809
223,69,811
223,225,815
223,264,816
223,290,821
223,291,823
223,316,824
223,356,829
223,496,831
223,512,834
223,630,836
223,632,837
223,633,839
223,657,840
223,682,841
223,708,842
223,777,843
223,845,nan
223,309,846
223,743,847
223,771,848
223,649,852
224,657,nan
2,224,662
224,6,667
224,682,7
10,224,703
14,224,708
20,224,743
224,26,815
224,69,821
224,75,823
224,77,834
224,78,835
224,839,98
127,224,840
132,224,842
134,224,843
143,224,nan
144,2,224
202,224,6
224,235,7
10,224,264
14,224,290
224,306,69
224,315,75
224,316,78
127,224,360
132,224,364
134,224,365
143,224,366
144,224,370
202,224,372
224,235,377
224,458,473
224,464,512
224,465,520
224,468,534
224,470,539
224,472,540
224,473,542
224,475,549
224,476,551
224,480,559
224,481,568
224,483,588
224,490,593
224,491,601
224,504,606
224,505,610
224,509,612
224,512,616
224,520,617
224,534,622
224,539,630
224,540,649
224,542,764
224,549,771
224,551,775
224,553,811
224,554,816
224,559,824
224,567,826
224,568,828
224,573,831
224,588,845
224,589,847
224,592,848
224,593,849
224,597,852
224,601,77
224,290,606
224,301,610
224,315,612
224,464,613
224,481,616
224,567,617
224,573,622
224,630,790
224,632,812
224,633,819
224,649,829
224,316,657
224,360,662
224,364,667
224,365,682
224,370,703
224,372,708
224,377,743
224,458,764
224,465,771
224,470,775
224,472,790
224,475,809
224,476,811
224,505,812
224,554,815
224,589,816
224,592,819
224,632,821
224,633,823
224,824,98
224,306,826
224,468,828
224,480,829
224,483,831
224,490,834
224,491,835
224,504,839
224,553,840
224,597,842
224,809,843
224,291,845
224,366,847
224,372,848
224,509,849
224,512,852
225,534,nan
2,225,540
225,542,6
225,549,7
10,225,551
20,225,554
225,26,559
225,44,567
225,588,69
225,597,77
225,606,79
225,610,80
225,612,98
127,225,617
132,225,622
134,225,630
143,225,632
144,225,633
202,225,649
223,225,657
225,235,667
225,240,682
225,264,703
225,290,708
225,291,759
225,301,776
225,306,778
225,309,790
225,315,795
225,316,809
225,356,811
225,360,815
225,365,816
225,366,819
225,372,820
225,377,821
225,458,831
225,465,834
225,468,839
225,470,840
225,472,841
225,475,843
225,476,845
225,480,847
225,481,848
225,490,849
225,491,852
225,496,nan
2,225,498
225,499,6
225,504,7
10,225,505
20,225,509
225,26,512
225,44,520
225,525,75
225,528,77
225,534,98
127,225,540
132,225,542
134,225,549
144,225,551
202,225,553
225,264,554
225,290,559
225,291,567
225,301,568
225,315,588
225,316,589
225,365,593
225,372,597
225,377,606
225,458,610
225,465,612
225,475,613
225,490,616
225,525,617
225,528,622
225,593,630
225,632,662
225,633,775
225,649,823
225,657,824
225,662,828
225,667,835
225,682,837
225,703,842
225,69,708
225,743,80
143,225,759
225,235,775
225,240,776
225,356,795
225,360,809
225,366,811
225,470,812
225,472,815
225,480,816
225,481,819
225,491,820
225,498,821
225,499,823
225,504,824
225,505,828
225,512,831
225,520,834
225,553,835
225,568,836
225,812,837
225,79,839
223,225,840
225,476,841
225,496,842
225,616,843
225,743,845
225,836,847
225,840,848
225,841,849
225,842,852
234,849,nan
2,234,852
20,234,6
234,44,7
10,234,80
20,234,98
234,316,44
234,356,69
234,364,80
234,365,98
234,316,539
234,356,551
234,364,593
234,365,616
234,370,617
234,372,632
234,377,633
234,464,775
234,465,776
234,470,790
234,472,815
234,476,819
234,480,820
234,481,824
234,490,835
234,491,836
234,496,839
234,504,840
234,520,69
234,370,525
234,372,528
234,464,539
234,465,542
234,472,551
234,476,593
234,480,613
234,491,616
234,528,617
234,632,649
234,633,809
234,649,816
234,708,821
234,764,843
234,775,847
234,776,nan
234,6,777
234,7,790
10,234,795
234,470,809
234,481,815
234,490,816
234,496,819
234,504,820
234,520,821
234,525,823
234,708,824
234,777,829
234,831,842
234,795,835
234,823,836
234,837,841
234,377,839
234,542,840
234,613,841
2,234,843
234,6,847
234,764,849
234,776,852
235,790,nan
2,235,816
235,6,819
235,7,820
10,235,821
20,235,823
235,26,824
235,44,826
235,69,828
235,75,829
235,77,835
235,78,836
235,79,837
235,80,839
235,841,98
127,235,842
132,235,845
134,235,847
135,235,nan
144,235,6
10,153,235
20,202,235
223,235,44
224,235,69
225,235,75
235,240,78
235,264,79
235,271,80
235,290,98
132,235,291
134,235,301
144,235,306
153,235,309
202,235,315
223,235,316
225,235,356
235,271,360
235,290,364
235,291,365
235,301,366
235,306,370
235,309,377
235,360,407
235,421,473
235,458,475
235,464,520
235,465,525
235,468,539
235,470,540
235,472,542
235,473,551
235,475,553
235,476,559
235,480,567
235,481,573
235,490,601
235,496,630
235,498,633
235,499,667
235,501,775
235,504,776
235,505,777
235,508,778
235,512,809
235,520,811
235,525,812
2,235,528
235,539,7
235,26,540
127,235,542
235,240,545
235,264,549
235,315,551
235,316,553
235,364,559
235,370,567
235,421,568
235,499,570
235,501,573
235,504,588
235,505,589
235,528,591
235,545,592
235,568,593
235,589,601
235,591,616
235,593,617
235,622,649
235,630,682
235,633,771
235,649,831
235,667,834
235,682,846
235,703,848
235,708,77
235,356,759
235,458,763
235,464,771
235,472,775
235,476,776
235,480,777
235,481,778
235,490,790
235,496,795
235,498,809
235,508,811
235,512,812
235,549,816
235,588,819
235,592,820
235,703,821
235,708,823
235,759,824
235,763,826
235,795,828
224,235,829
235,365,831
235,366,834
235,622,835
235,377,836
235,465,837
235,468,839
235,470,841
235,616,842
235,617,843
135,235,845
144,235,846
235,407,847
235,843,848
240,845,nan
2,240,846
240,6,847
240,7,848
10,240,849
14,240,nan
2,240,26
240,44,6
240,69,7
10,240,75
240,78,98
153,240,80
202,240,98
127,223,240
132,225,240
143,240,468
144,240,472
153,240,476
202,240,481
223,240,490
225,240,491
235,240,498
240,271,504
240,290,505
240,291,508
240,301,525
240,306,540
240,309,542
240,315,545
240,316,549
240,356,553
240,364,559
240,365,567
240,366,588
240,370,593
240,372,601
240,377,606
240,421,622
240,464,667
240,465,682
240,468,811
240,470,812
240,472,816
240,475,819
240,476,820
240,480,821
240,481,828
240,490,834
240,491,837
240,498,839
240,499,840
240,501,841
240,504,842
240,505,843
240,508,852
240,44,509
240,512,69
240,525,77
240,528,78
143,240,534
240,271,539
240,290,540
240,291,542
240,301,545
240,306,549
240,309,551
240,366,554
240,372,559
240,377,567
240,464,568
240,475,573
240,499,588
240,509,589
240,512,593
240,528,601
240,534,606
240,539,610
240,551,612
240,568,617
240,589,622
240,610,630
240,612,632
240,633,776
240,649,777
240,662,778
240,667,790
240,682,795
240,703,809
240,708,815
240,759,829
14,240,763
240,75,764
127,240,771
144,240,775
235,240,776
240,315,777
240,316,778
240,365,790
240,480,795
240,501,809
240,573,811
240,617,812
240,630,815
240,632,816
240,633,819
240,649,820
240,662,821
240,703,823
240,824,836
240,80,828
132,240,829
240,364,831
240,370,834
240,470,836
240,554,837
240,759,839
240,764,840
240,771,841
240,775,842
240,824,843
240,831,845
240,708,846
240,823,847
240,828,848
240,829,849
240,831,852
264,7,nan
14,2,264
26,264,6
264,69,7
10,264,75
14,264,98
127,20,264
202,26,264
223,264,44
224,264,69
225,264,75
235,264,77
264,316,78
264,366,79
264,370,98
127,264,377
202,264,468
223,264,470
224,264,472
225,264,475
235,264,476
264,316,542
264,356,545
264,364,553
264,366,570
264,370,573
264,377,597
264,465,612
264,468,662
264,470,667
264,472,763
264,475,776
264,476,777
264,480,795
264,481,811
264,483,819
264,490,820
264,491,821
264,499,823
264,512,nan
264,520,78
264,525,79
264,356,528
264,364,534
264,465,539
264,480,540
264,481,542
264,483,545
264,490,549
264,491,551
264,499,553
264,512,554
264,525,567
264,528,568
264,534,570
264,540,573
264,549,588
264,551,589
264,588,593
264,597,622
264,606,630
264,612,632
264,616,682
264,622,703
264,630,708
264,632,778
264,633,815
264,662,816
264,667,847
264,682,848
264,703,849
2,264,708
10,264,763
20,264,764
264,44,775
264,77,776
264,520,777
264,554,778
264,568,795
264,589,811
264,616,815
264,764,816
264,819,842
264,6,820
264,593,821
264,775,823
264,567,842
264,606,847
264,633,848
264,539,849
271,551,6
271,573,7
14,271,616
20,271,630
271,633,80
271,708,98
235,271,776
240,271,777
271,316,790
271,356,795
271,360,809
271,364,816
271,365,819
271,370,821
271,372,824
271,407,834
271,465,836
271,470,837
271,472,839
271,473,841
271,476,842
271,480,843
271,481,845
271,483,846
271,490,847
271,491,849
271,501,852
20,271,504
271,508,80
271,512,98
235,271,520
271,316,525
271,360,528
271,364,539
271,365,542
271,370,551
271,372,568
271,407,573
271,465,593
271,470,597
271,473,613
271,501,616
271,504,630
271,508,632
271,512,633
271,520,649
271,528,708
271,542,764
271,593,775
271,597,776
271,632,777
271,764,790
271,795,831
271,809,835
271,6,816
271,7,819
14,271,821
240,271,824
271,472,829
271,476,831
271,480,834
271,490,835
271,491,836
271,525,837
271,539,839
271,568,841
271,649,842
271,775,843
271,356,845
271,481,846
271,483,847
271,490,849
271,491,852
2,290,496
290,499,6
290,504,7
10,290,505
14,290,512
20,290,525
26,290,528
290,534,69
290,540,75
290,551,77
290,554,98
127,290,559
144,290,567
153,290,568
223,290,573
224,290,588
225,290,589
235,290,592
240,290,593
290,301,597
290,306,601
290,309,606
290,315,610
290,316,612
290,356,616
290,359,667
290,360,682
290,364,703
290,365,708
290,366,759
290,370,764
290,372,771
290,377,775
290,407,790
290,464,795
290,465,809
290,468,816
290,470,819
290,472,820
290,473,824
290,475,826
290,476,834
290,480,840
290,481,841
290,483,842
290,496,843
290,498,845
290,499,848
290,501,849
290,504,852
2,290,505
10,290,508
290,509,69
290,512,77
290,301,517
290,306,520
290,309,525
290,315,528
290,316,534
290,356,540
290,364,542
290,365,545
290,370,549
290,372,551
290,377,554
290,465,559
290,470,567
290,472,568
290,481,573
290,498,588
290,508,589
290,542,592
290,593,632
290,597,776
290,601,811
290,606,815
290,610,836
290,6,612
14,290,616
20,290,632
290,633,75
127,290,649
223,290,667
224,290,682
225,290,703
235,290,708
240,290,759
290,359,764
290,360,771
290,366,775
290,464,776
290,473,790
290,475,795
290,476,809
290,480,811
290,520,815
290,649,816
290,819,837
290,7,820
290,821,98
144,290,824
153,290,826
290,407,834
290,501,836
290,545,837
290,549,839
290,839,840
26,290,841
290,633,843
290,821,845
290,834,848
290,840,849
290,843,852
291,846,nan
2,291,847
291,6,848
291,7,849
10,291,852
20,291,nan
26,291,6
291,44,7
26,291,75
291,44,77
202,291,78
240,291,80
291,364,98
132,291,365
134,291,366
153,291,370
223,291,465
224,291,468
225,291,480
235,291,496
240,291,498
291,359,505
291,360,528
291,364,545
291,365,554
291,366,589
291,370,592
291,377,617
291,407,630
291,421,633
291,464,682
291,465,703
291,468,820
291,470,821
291,472,823
291,473,831
291,475,834
291,476,835
291,480,841
291,481,842
291,483,843
291,490,845
2,291,491
10,291,496
20,291,498
291,499,75
291,501,77
291,504,98
132,291,505
134,291,508
153,291,509
223,291,512
225,291,525
235,291,528
291,360,534
291,470,539
291,472,540
291,473,542
291,475,545
291,476,549
291,481,551
291,483,554
291,490,559
291,491,567
291,499,568
291,509,570
291,512,573
291,525,589
291,559,591
291,592,601
291,593,606
291,601,632
291,606,649
291,617,775
291,630,776
291,632,777
291,633,811
291,649,815
291,662,829
291,667,840
291,682,78
291,703,80
224,291,708
291,464,759
291,567,763
291,377,775
291,421,776
291,504,777
291,508,795
291,539,809
291,540,811
291,549,812
291,667,815
291,759,816
291,795,820
291,809,821
291,812,823
291,816,828
291,501,829
291,534,831
291,542,834
291,551,835
291,568,837
291,591,840
291,593,841
291,662,842
291,708,843
291,828,845
291,359,846
291,364,847
291,573,848
291,589,849
291,592,852
301,597,nan
301,6,601
301,606,7
10,301,610
14,301,612
20,301,616
26,301,622
301,44,630
301,632,69
301,633,75
301,649,77
301,662,78
301,667,80
127,301,682
132,301,703
134,301,708
144,301,743
153,301,759
202,301,764
224,301,790
225,301,795
235,301,809
240,301,811
290,301,816
301,315,821
301,316,823
301,356,824
301,365,826
301,366,829
301,370,831
301,372,835
301,377,839
301,407,840
301,421,841
301,464,843
301,465,845
301,468,846
301,470,847
301,472,849
301,473,852
301,480,nan
301,481,6
301,483,7
10,301,490
20,301,491
26,301,496
301,44,498
301,499,69
301,501,78
127,301,504
132,301,508
134,301,512
301,315,520
301,356,525
301,365,528
301,366,534
301,370,539
301,372,540
301,407,542
301,464,545
301,468,549
301,473,551
301,480,553
301,483,559
301,490,567
301,491,568
301,539,570
301,542,573
301,545,589
301,551,592
301,597,771
301,601,776
301,606,777
301,610,778
301,612,820
301,616,828
301,622,836
301,630,842
301,632,848
14,301,633
301,649,75
301,662,77
144,301,682
202,301,703
240,301,708
301,316,743
301,470,759
301,472,763
301,481,764
301,496,771
301,499,776
301,512,777
301,520,778
301,525,790
301,528,795
301,540,809
301,549,811
301,567,816
301,568,820
301,589,821
301,763,823
301,824,837
224,301,826
225,301,828
235,301,829
301,377,831
301,465,834
301,501,835
301,504,836
301,534,837
301,553,839
301,559,840
301,573,841
301,592,842
301,834,843
301,835,845
153,301,846
301,498,847
301,508,848
301,512,849
301,520,852
306,539,nan
2,306,542
306,549,6
10,306,553
14,306,554
20,306,559
26,306,567
306,591,69
306,592,75
306,601,77
306,606,78
306,612,80
306,622,98
127,306,630
132,306,632
134,306,633
144,306,649
153,306,657
202,306,662
223,306,667
224,306,682
225,306,703
235,306,708
240,306,759
290,306,764
306,315,771
306,356,775
306,364,776
306,365,777
306,366,778
306,370,790
306,372,811
306,377,812
306,407,815
306,464,816
306,465,819
306,468,823
306,470,824
306,472,826
306,473,834
306,475,835
306,480,842
306,481,843
306,483,845
306,490,846
306,491,847
306,496,848
10,306,498
26,306,501
306,44,504
306,508,77
306,512,80
306,315,517
306,356,520
306,364,525
306,377,528
306,407,534
306,468,539
306,470,540
306,472,542
306,473,545
306,475,549
306,490,551
306,491,553
306,496,554
306,498,559
306,499,567
306,505,570
306,508,573
306,545,591
306,592,610
306,601,616
306,606,763
306,610,795
306,612,809
306,616,820
306,622,821
306,630,831
306,632,836
306,633,839
306,649,840
306,657,841
306,662,849
306,667,nan
2,306,682
306,6,703
20,306,708
306,743,75
306,759,98
127,306,763
132,306,764
134,306,771
153,306,775
223,306,776
235,306,777
240,306,778
290,306,790
306,365,795
306,370,809
306,465,812
306,480,815
306,512,816
306,520,819
306,525,820
306,528,821
306,534,823
306,540,824
306,743,826
144,306,828
306,366,829
306,464,831
306,481,834
306,504,835
306,517,836
306,829,839
202,306,840
225,306,841
306,501,842
224,306,843
306,509,846
306,551,847
306,553,848
306,573,849
309,588,nan
2,309,597
309,6,606
309,610,7
10,309,612
14,309,630
20,309,632
26,309,649
309,44,657
309,662,69
309,667,75
309,682,77
309,708,78
309,743,80
309,759,98
127,309,763
132,309,764
134,309,771
135,309,776
144,309,778
153,309,790
202,309,795
223,309,809
225,309,811
235,309,812
240,309,815
290,309,819
309,315,823
309,316,828
309,356,829
309,359,834
309,360,836
309,364,841
309,365,842
309,366,843
309,377,845
309,407,847
10,309,421
14,309,464
20,309,465
309,44,468
309,470,69
309,472,75
309,473,77
309,475,78
127,309,483
132,309,490
134,309,491
144,309,496
153,309,498
202,309,499
223,309,501
225,309,504
235,309,505
240,309,508
290,309,512
309,316,520
309,359,525
309,364,528
309,365,534
309,366,539
309,377,540
309,464,542
309,470,549
309,475,551
309,476,553
309,481,554
309,491,559
309,496,567
309,498,568
309,499,573
309,501,588
309,553,591
309,559,593
309,591,597
309,593,601
309,606,633
309,610,777
309,612,831
309,616,840
309,630,848
309,632,849
309,633,852
309,649,nan
2,309,657
309,6,662
309,667,7
309,315,682
309,356,708
309,465,743
309,473,759
309,512,763
309,528,764
309,534,771
309,540,775
309,542,776
309,549,777
309,551,778
309,554,790
309,573,795
309,601,809
309,616,811
309,812,820
309,815,846
135,309,816
309,360,819
309,468,820
309,483,821
309,490,823
309,504,828
309,505,829
309,520,831
309,525,834
309,539,836
309,567,840
309,821,841
26,309,842
309,472,843
309,407,845
309,508,846
309,512,847
309,568,848
309,775,849
309,816,852
315,823,nan
2,315,824
315,7,828
10,315,829
20,315,836
26,315,842
315,44,843
315,69,852
315,44,75
224,315,77
225,315,98
127,301,315
132,306,315
135,315,491
144,315,496
153,315,501
202,315,504
223,315,505
224,315,512
225,315,520
235,315,525
240,315,528
290,315,542
301,315,545
306,315,549
309,315,551
315,316,553
315,359,588
315,364,592
315,365,593
315,366,597
315,370,601
315,372,606
315,377,610
315,421,630
315,464,703
315,465,708
315,470,743
315,472,771
315,475,777
315,476,778
315,480,809
315,481,812
315,483,821
315,490,837
315,491,839
315,496,841
315,501,845
315,504,846
315,505,848
315,508,849
2,315,512
315,364,517
315,365,520
315,366,525
315,464,528
315,472,539
315,483,542
315,490,545
315,508,549
315,539,551
315,553,591
315,554,612
315,567,616
315,568,617
315,588,622
315,591,633
315,592,649
315,593,657
315,597,667
315,601,682
315,606,775
315,610,776
315,612,790
315,616,795
315,617,816
315,622,819
315,630,835
315,632,840
315,633,847
315,6,649
20,315,657
26,315,662
315,667,69
315,682,77
315,703,98
127,315,708
132,315,743
134,315,759
153,315,763
202,315,771
240,315,775
290,315,776
315,316,777
315,370,778
315,372,790
315,377,795
315,465,809
315,470,811
315,475,812
315,554,816
315,567,819
315,568,821
315,632,823
315,662,824
315,759,826
315,811,828
315,829,831
315,831,nan
315,7,834
144,315,835
223,315,836
235,315,837
315,359,839
315,476,840
315,481,841
315,763,842
10,315,843
315,480,845
315,75,846
315,834,847
315,836,848
315,842,849
315,845,852
316,852,nan
2,20,316
316,44,6
316,7,75
10,316,78
20,316,80
132,26,316
134,316,44
144,316,69
153,316,75
271,316,80
290,316,98
127,309,316
132,315,316
134,316,472
144,316,499
153,316,504
223,316,512
224,316,520
225,316,525
234,316,528
235,316,539
240,316,540
271,316,551
290,316,554
301,316,559
309,316,567
315,316,588
316,472,592
316,498,597
316,499,601
316,501,606
316,504,610
316,505,612
316,508,617
316,509,622
316,512,630
316,520,632
316,525,649
316,528,657
316,534,662
316,539,667
316,540,682
316,542,703
316,545,743
316,549,764
316,551,771
316,553,795
316,554,809
316,559,811
316,567,815
316,573,816
316,588,820
316,589,823
316,591,828
316,592,829
316,597,834
316,601,835
316,606,836
316,610,837
316,612,841
316,616,842
316,617,845
316,622,846
316,630,847
316,632,nan
2,316,633
316,649,7
316,657,69
316,662,98
127,316,667
223,316,682
235,316,703
264,316,708
316,505,764
316,508,771
316,549,775
316,573,776
316,589,777
316,591,778
316,633,790
316,708,795
316,776,809
316,777,811
316,778,812
316,790,815
316,816,831
316,820,840
316,821,843
316,823,848
316,824,849
316,6,826
10,316,828
234,316,829
240,316,831
316,498,834
316,826,835
26,316,836
225,316,837
316,501,839
316,534,840
316,545,841
316,553,842
316,812,843
316,824,845
316,839,846
316,509,847
316,616,848
316,622,849
316,821,852
356,824,nan
2,356,826
356,6,828
10,356,831
26,356,845
356,6,69
356,75,80
127,356,78
202,356,80
235,356,98
132,309,356
134,356,364
144,356,366
153,356,480
202,356,483
223,356,496
225,356,504
234,356,520
235,356,528
240,356,534
264,356,540
271,356,542
290,356,545
301,356,549
306,356,551
309,356,553
356,364,567
356,365,573
356,366,592
356,472,597
356,475,601
356,476,606
356,480,622
356,481,632
356,483,667
356,490,682
356,491,703
356,496,743
356,499,759
356,501,777
356,504,778
356,505,811
356,508,812
356,509,842
356,512,78
306,356,517
356,472,520
356,475,525
356,476,528
356,481,534
356,490,540
356,491,542
356,499,545
356,501,549
356,505,551
356,508,553
356,509,554
356,525,559
356,554,567
356,559,573
356,588,612
356,592,613
356,597,657
356,601,662
356,606,708
356,610,771
356,612,775
356,613,848
356,616,852
356,617,nan
2,356,622
356,632,69
356,633,98
134,356,649
144,356,657
223,356,662
225,356,667
240,356,682
290,356,703
301,356,708
356,365,743
356,517,759
356,588,771
356,616,775
356,633,776
356,649,777
356,778,815
356,790,819
356,795,820
356,809,821
356,811,823
356,812,829
356,815,836
356,816,837
356,819,839
356,820,841
356,821,847
356,823,849
10,356,824
356,75,826
132,356,828
153,356,829
271,356,831
356,610,834
356,776,835
356,809,836
356,839,840
356,840,846
234,356,841
356,512,842
356,790,843
356,795,845
26,356,846
356,835,847
356,841,848
356,843,849
356,846,852
127,359,nan
144,26,359
144,309,359
202,315,359
290,359,468
291,359,509
309,359,512
315,359,525
359,468,667
359,496,764
359,505,778
359,508,795
359,509,nan
291,359,512
359,496,520
359,505,525
359,508,528
359,520,545
359,528,551
359,545,588
359,592,662
359,593,682
359,612,708
359,662,771
359,667,809
359,682,811
359,708,823
359,764,846
359,551,771
359,588,777
359,592,778
359,593,795
359,612,809
359,811,821
359,815,839
359,821,840
359,823,842
359,834,843
26,359,839
290,359,840
359,777,842
359,778,843
359,815,846
360,828,nan
2,360,831
360,6,834
360,7,836
10,360,837
14,2,360
14,360,75
225,360,77
291,360,80
134,360,372
202,360,464
223,360,472
224,360,473
225,360,481
235,360,505
271,360,512
290,360,525
309,360,549
360,366,601
360,372,610
360,407,612
360,464,759
360,465,771
360,468,819
360,472,824
360,473,826
360,475,839
360,476,841
360,480,846
360,481,852
360,490,nan
360,491,6
360,496,7
360,505,75
127,360,512
134,360,520
202,360,525
223,360,528
224,360,534
309,360,539
360,480,549
360,496,551
360,520,553
360,534,559
360,570,682
360,573,708
360,588,764
360,589,775
360,591,809
360,592,811
360,593,820
360,597,842
360,601,80
360,465,606
360,468,610
360,475,612
360,504,616
360,539,617
360,551,622
360,559,630
360,588,632
360,591,633
360,592,649
360,606,662
360,617,667
360,630,682
360,708,790
360,759,816
290,360,764
360,476,771
360,490,775
360,491,790
360,573,809
360,593,811
360,622,815
360,662,816
360,667,819
360,815,820
235,360,824
360,553,826
360,570,828
360,589,831
360,597,834
360,616,836
360,649,837
360,77,839
360,407,841
360,632,842
360,633,846
271,360,852
291,364,nan
2,309,364
315,364,6
364,366,7
10,364,370
14,364,372
20,364,377
26,364,464
364,44,465
364,472,69
364,475,75
364,476,77
364,480,78
364,491,80
364,496,98
127,364,499
132,364,501
134,364,504
144,364,505
153,364,509
202,364,512
223,364,520
224,364,534
234,364,539
235,364,540
240,364,542
264,364,545
271,364,568
290,364,573
291,364,589
306,364,592
309,364,593
315,364,597
356,364,601
364,366,606
364,370,610
364,372,612
364,377,630
364,464,743
364,465,775
364,468,824
364,470,828
364,472,829
364,473,836
364,475,837
364,476,843
364,480,845
364,491,846
364,496,847
364,499,849
364,501,nan
26,364,504
364,44,505
364,508,69
364,509,75
132,364,512
364,508,517
364,517,520
364,525,549
364,528,551
364,534,554
364,539,559
364,540,567
364,542,570
364,545,588
364,549,632
364,551,633
364,553,657
364,554,662
364,559,667
364,567,682
364,568,703
364,570,708
364,573,759
364,588,771
364,589,795
364,592,812
364,593,819
364,597,821
364,601,823
364,606,831
364,610,841
364,612,852
364,6,613
364,617,7
10,364,630
14,364,632
364,633,78
144,364,649
153,364,657
202,364,662
235,364,682
240,364,703
271,364,708
356,364,743
364,525,759
364,553,764
364,771,811
364,775,842
20,364,776
364,77,777
364,778,98
127,364,795
134,364,809
223,364,811
364,473,812
364,617,815
364,776,816
364,777,819
364,778,821
364,809,823
364,816,824
364,826,835
364,828,839
2,364,829
306,364,831
364,528,835
364,649,836
364,826,837
364,80,839
290,364,841
364,470,842
364,764,843
364,815,845
364,468,846
234,364,847
240,364,849
291,364,852
306,365,nan
2,315,365
356,365,6
365,372,7
10,365,465
14,365,470
20,365,475
26,365,476
365,44,481
365,490,69
365,499,75
365,501,77
365,505,78
365,508,98
127,365,512
132,365,520
134,365,525
153,365,528
202,365,534
223,365,539
224,365,540
225,365,542
234,365,551
235,365,553
240,365,554
271,365,573
290,365,588
291,365,592
301,365,601
306,365,606
309,365,610
315,365,612
356,365,617
365,370,622
365,372,630
365,377,632
365,464,771
365,465,777
365,470,778
365,472,811
365,475,820
365,476,821
365,480,823
365,481,826
365,490,828
365,491,829
365,499,831
365,501,836
365,504,841
365,505,845
365,508,846
365,512,7
365,517,78
365,520,98
127,365,525
134,365,528
153,365,534
202,365,539
223,365,540
234,365,542
291,365,549
365,377,551
365,553,559
365,554,567
365,559,589
365,567,633
365,568,657
365,570,743
365,573,790
365,588,795
365,589,809
365,592,819
365,593,824
365,601,834
365,606,835
365,610,840
365,612,848
365,616,nan
365,6,617
10,365,622
20,365,630
365,44,632
365,633,69
365,657,75
132,365,662
235,365,667
301,365,682
365,464,703
365,472,708
365,480,743
365,491,759
365,504,764
365,517,771
365,545,776
365,568,777
365,593,778
365,662,790
365,667,795
365,682,809
365,703,811
365,708,815
365,816,847
2,365,819
26,365,820
365,77,821
224,365,823
225,365,824
365,370,826
365,549,828
365,816,829
365,831,843
365,834,852
14,365,835
240,365,836
271,365,837
365,776,839
365,815,840
365,837,841
365,839,842
365,843,849
309,365,845
365,759,846
365,616,847
365,764,848
365,771,849
365,777,852
366,811,nan
2,366,819
366,6,820
366,7,821
10,366,823
14,366,834
20,366,837
26,366,847
366,44,849
10,366,69
235,366,79
301,366,80
306,366,98
127,315,366
134,356,366
143,366,464
144,366,475
153,366,481
202,366,490
223,366,499
224,366,505
225,366,509
235,366,512
240,366,525
264,366,528
290,366,534
291,366,539
301,366,540
306,366,542
309,366,554
315,366,568
356,366,588
360,366,589
364,366,597
366,464,776
366,465,778
366,470,809
366,473,812
366,475,824
366,476,831
366,480,848
366,481,nan
2,366,483
366,490,6
366,491,7
14,366,496
26,366,499
366,44,501
366,504,69
366,505,79
366,508,98
127,366,509
143,366,512
144,366,520
153,366,525
202,366,528
223,366,534
224,366,539
225,366,540
240,366,542
264,366,545
290,366,551
291,366,554
360,366,559
366,473,568
366,570,657
366,573,662
366,588,667
366,589,682
366,592,708
366,593,743
366,597,759
366,601,764
366,606,790
366,610,816
366,617,841
366,630,843
366,633,845
366,649,852
366,657,80
309,366,662
366,465,667
366,470,682
366,476,703
366,483,708
366,491,743
366,496,759
366,508,764
366,520,771
366,551,775
366,559,776
366,570,777
366,573,778
366,592,790
366,601,795
366,606,809
366,610,811
366,630,812
366,633,815
366,703,816
366,819,835
366,820,842
134,366,821
364,366,823
366,545,824
366,593,826
366,649,829
366,771,831
366,795,834
20,366,835
366,777,836
366,504,837
366,826,839
366,480,840
366,501,841
366,836,842
366,841,843
366,845,846
366,829,846
366,839,847
366,775,848
366,776,849
366,790,852
370,829,nan
2,370,836
370,6,839
370,7,841
10,370,842
20,370,843
26,370,849
370,44,852
26,370,69
134,370,75
240,370,77
264,370,78
370,464,79
370,465,80
370,468,98
127,370,470
132,370,472
134,370,473
143,370,475
144,370,476
153,370,483
202,370,496
223,370,501
224,370,539
234,370,542
235,370,545
240,370,549
264,370,551
271,370,593
290,370,597
291,370,601
301,370,606
306,370,610
315,370,616
364,370,617
370,464,790
370,465,795
370,468,828
370,470,831
370,472,837
370,473,845
370,475,846
370,476,847
2,370,480
370,483,6
20,370,490
370,491,69
370,496,75
370,499,77
370,501,79
370,505,80
143,370,508
153,370,512
365,370,517
370,480,520
370,490,525
370,491,528
370,512,534
370,539,553
370,540,568
370,542,573
370,545,589
370,549,591
370,551,592
370,553,630
370,554,632
370,567,657
370,568,662
370,570,764
370,573,777
370,588,778
370,589,811
370,591,812
370,592,820
370,593,821
370,597,824
370,601,nan
370,606,7
10,370,610
370,44,612
370,616,78
370,617,98
127,370,622
132,370,630
144,370,632
202,370,633
223,370,657
224,370,662
291,370,667
306,370,682
315,370,703
364,370,708
370,499,743
370,540,764
370,567,771
370,612,776
370,633,777
370,667,778
370,682,790
370,703,795
370,708,809
370,771,811
370,812,823
234,370,816
235,370,819
290,370,820
301,370,821
370,505,823
370,517,824
370,534,826
370,743,828
370,829,834
370,525,831
370,528,834
370,554,836
370,570,837
370,588,839
370,776,841
370,809,842
370,816,843
370,520,845
271,370,846
291,370,847
370,508,849
370,525,852
372,540,nan
2,372,549
372,553,6
372,554,7
10,372,559
14,372,567
20,372,573
26,372,588
372,44,591
372,592,69
372,593,75
372,597,78
372,601,79
372,617,80
372,630,98
127,372,632
132,372,633
134,372,649
143,372,657
144,372,662
202,372,667
224,372,703
225,372,708
234,372,775
240,372,778
271,372,790
290,372,811
301,372,820
306,372,821
315,372,824
360,372,826
364,372,828
365,372,829
372,407,836
372,458,837
372,464,840
372,468,843
372,470,845
372,476,846
372,480,6
372,481,7
10,372,483
26,372,491
372,44,496
372,499,78
372,501,80
132,372,504
134,372,505
271,372,508
290,372,509
301,372,512
372,480,517
372,481,520
372,483,525
372,501,528
372,504,534
372,508,539
372,509,540
372,512,542
372,520,549
372,525,551
372,528,553
372,534,554
372,539,559
372,542,567
372,568,570
372,570,777
372,573,823
372,588,834
372,589,835
372,591,839
372,592,841
372,593,842
372,597,848
372,601,849
372,606,852
372,610,nan
2,372,612
20,372,613
372,617,75
372,622,79
202,372,649
224,372,657
225,372,662
240,372,667
360,372,682
364,372,703
365,372,708
372,464,743
372,499,759
372,505,771
372,517,775
372,551,776
372,606,777
372,610,778
372,612,790
372,622,811
372,682,812
372,743,815
14,372,816
372,69,820
144,372,821
234,372,823
306,372,824
372,491,826
372,496,828
372,812,829
372,815,834
372,816,835
315,372,836
372,470,839
372,589,840
372,759,841
372,771,842
372,776,843
372,845,847
372,468,847
372,407,848
372,568,849
372,573,852
377,589,nan
2,377,601
377,6,610
377,612,7
10,377,616
14,377,622
20,377,649
26,377,662
377,44,667
377,682,69
377,703,75
377,708,77
377,743,78
377,759,80
377,771,98
127,377,775
132,377,776
134,377,777
144,377,790
153,377,795
223,377,811
224,377,812
225,377,815
234,377,816
235,377,819
240,377,820
264,377,821
290,377,824
291,377,828
301,377,829
306,377,831
309,377,834
315,377,836
364,377,839
365,377,841
377,465,843
377,468,847
377,476,848
377,480,7
10,377,481
26,377,483
377,44,490
377,491,77
377,499,98
127,377,501
134,377,504
144,377,505
235,377,508
240,377,509
264,377,512
290,377,525
291,377,528
301,377,534
306,377,539
315,377,545
364,377,549
377,465,553
377,476,554
377,480,559
377,481,567
377,490,568
377,568,570
377,573,591
377,588,593
377,589,606
377,591,617
377,592,632
377,593,633
377,597,778
377,601,845
377,606,846
377,610,849
377,612,nan
2,377,616
20,377,617
377,622,69
377,630,78
132,377,632
153,377,633
223,377,649
225,377,657
377,468,662
377,483,667
377,491,682
377,496,703
377,499,708
377,501,743
377,504,759
377,512,771
377,525,775
377,528,776
377,534,777
377,540,778
377,545,790
377,549,795
377,551,809
377,553,811
377,554,812
377,559,815
377,573,816
377,597,819
377,630,820
377,657,821
377,824,852
377,6,828
14,377,829
377,75,831
224,377,834
234,377,836
377,509,839
377,539,841
202,377,843
377,505,845
377,567,846
377,588,847
377,589,848
377,592,849
377,508,852
2,407,509
407,528,7
14,407,540
20,407,545
26,407,553
407,610,69
407,612,75
407,622,79
407,630,80
202,407,682
235,407,703
271,407,795
290,407,815
291,407,834
301,407,836
306,407,840
309,407,841
2,360,407
372,407,7
10,407,465
14,407,468
407,472,69
407,480,75
407,481,80
202,407,490
271,407,491
290,407,496
291,407,499
301,407,501
306,407,504
372,407,509
407,465,520
407,480,528
407,496,534
407,499,540
407,501,542
407,545,573
407,553,588
407,573,811
407,588,824
407,589,845
407,610,847
407,612,849
235,407,617
360,407,622
407,472,630
407,481,662
407,490,682
407,491,703
407,542,790
407,589,795
407,662,811
407,815,848
20,407,819
26,407,824
407,79,834
309,407,836
407,504,840
407,520,841
407,617,845
407,790,847
407,795,848
407,824,849
10,421,826
14,421,835
20,421,839
10,26,421
153,421,44
235,421,69
309,421,80
315,421,98
127,421,473
153,421,491
235,421,520
240,421,551
291,421,567
301,421,568
309,421,588
315,421,592
421,470,593
421,473,622
421,491,682
421,496,777
421,512,811
421,517,834
26,421,520
421,525,80
127,421,551
421,470,553
421,512,567
421,525,568
421,553,588
421,589,601
421,592,776
421,593,823
421,601,828
421,606,840
421,622,841
421,44,630
421,496,682
421,606,776
421,630,777
421,633,811
421,812,842
14,421,815
20,421,816
421,819,98
240,421,823
301,421,826
421,815,828
421,816,834
421,819,835
421,69,839
421,80,840
421,589,841
458,839,nan
458,75,840
235,458,78
372,458,80
134,458,475
135,458,509
202,458,520
224,458,551
225,458,553
235,458,559
372,458,588
458,473,597
458,475,622
458,476,632
458,480,633
458,483,682
458,490,763
458,491,764
458,496,795
202,458,512
224,458,520
458,473,525
458,483,534
458,490,539
458,512,551
458,539,553
458,559,606
458,567,617
458,568,667
458,588,708
458,589,819
458,597,837
458,601,841
458,606,842
458,610,846
458,616,75
458,617,78
458,622,80
134,458,632
225,458,633
458,491,649
458,525,657
458,534,662
458,567,667
458,589,682
458,703,811
458,708,812
458,759,831
458,763,nan
458,476,764
458,610,795
458,649,809
458,811,852
458,496,812
458,568,819
458,601,831
458,662,837
458,703,839
458,809,840
458,616,841
458,657,842
458,662,846
458,759,852
464,763,nan
464,6,771
464,7,775
14,464,776
20,464,790
26,464,819
44,464,820
464,69,823
464,75,824
464,77,840
464,6,78
464,483,80
464,501,98
127,464,504
132,464,509
134,464,512
135,464,520
143,464,525
144,464,534
153,464,539
202,464,545
223,464,553
224,464,567
234,464,593
235,464,601
240,464,612
290,464,632
291,464,633
301,464,649
306,464,662
309,464,667
315,464,682
360,464,708
365,464,759
366,464,795
370,464,809
372,464,812
464,483,831
464,501,842
464,504,843
464,509,847
14,464,512
464,520,75
464,525,98
127,464,528
202,464,534
223,464,539
235,464,540
290,464,542
306,464,545
309,464,549
360,464,551
365,464,553
464,528,567
464,540,568
464,542,588
464,549,589
464,592,826
464,593,828
464,597,829
464,601,848
464,612,7
464,613,78
464,630,79
143,464,632
224,464,633
234,464,649
240,464,662
301,464,667
366,464,682
372,464,703
464,551,708
464,588,743
464,597,759
464,630,763
464,771,815
464,775,841
464,776,845
464,790,849
464,795,852
464,809,nan
20,464,811
26,464,812
44,464,815
464,77,816
132,464,819
134,464,820
144,464,823
153,464,824
364,464,826
464,703,828
464,821,829
291,464,831
315,464,840
464,592,841
464,811,842
464,69,843
464,80,845
464,589,847
464,816,848
464,820,849
464,824,852
465,834,nan
2,465,843
465,6,845
10,465,846
14,465,848
20,465,852
14,26,465
144,44,465
202,465,69
223,465,75
240,465,78
264,465,79
306,465,80
309,465,98
127,360,465
132,370,465
134,377,465
135,465,512
143,465,520
144,465,525
153,465,534
202,465,539
223,465,540
224,465,542
225,465,549
234,465,613
235,465,616
240,465,622
264,465,630
271,465,632
290,465,633
291,465,649
301,465,662
306,465,667
309,465,682
315,465,703
365,465,776
366,465,777
370,465,778
377,465,790
407,465,795
465,470,811
465,472,812
465,473,815
465,475,821
465,481,829
465,483,836
465,490,839
465,491,840
465,498,841
465,499,842
465,501,847
465,504,849
465,505,nan
26,465,508
465,509,79
234,465,525
271,465,528
290,465,534
291,465,539
301,465,540
315,465,542
364,465,545
365,465,549
366,465,551
407,465,553
465,470,554
465,472,559
465,473,567
465,483,573
465,490,588
465,528,589
465,551,593
465,554,597
465,559,601
465,567,606
465,589,610
465,593,612
465,597,613
465,601,616
465,606,622
465,630,743
465,632,763
465,633,820
465,649,824
465,657,828
465,662,831
2,465,667
465,6,682
10,465,703
44,465,708
465,69,743
465,75,763
465,771,78
127,465,776
132,465,777
134,465,778
153,465,790
225,465,795
235,465,809
465,475,811
465,481,812
465,491,815
465,498,816
465,499,819
465,501,820
465,504,821
465,508,823
465,509,824
465,545,828
465,588,829
465,610,831
465,708,834
465,816,836
465,819,837
465,823,839
20,465,840
465,80,841
224,465,842
465,505,843
465,525,845
465,553,846
465,809,847
465,657,848
465,612,849
465,616,852
468,630,7
10,468,632
14,468,662
44,468,703
468,75,771
468,77,776
468,78,816
468,80,820
468,823,98
127,468,824
132,468,828
143,468,831
153,468,839
202,468,843
223,468,847
224,468,852
225,468,7
10,235,468
14,240,468
290,468,75
291,468,77
301,468,78
306,468,80
309,468,98
202,359,468
223,360,468
224,364,468
240,370,468
290,372,468
291,377,468
301,407,468
306,468,473
360,468,476
372,468,481
377,468,501
468,481,505
468,508,525
468,525,573
468,534,610
468,539,612
468,540,667
468,549,811
468,553,819
468,573,834
468,589,846
143,468,610
225,468,612
235,468,630
264,468,632
309,468,649
359,468,662
370,468,667
468,473,703
468,540,771
468,649,776
127,468,811
132,468,816
364,468,819
468,476,820
468,501,823
468,505,824
468,508,828
468,534,829
468,549,831
468,553,834
468,589,839
468,539,843
468,540,846
153,468,847
202,468,852
223,470,6
224,470,7
10,225,470
14,240,470
20,264,470
26,290,470
301,470,69
306,470,75
309,470,77
364,470,78
366,470,80
372,470,98
127,465,470
132,470,473
134,470,476
143,470,480
144,470,481
153,470,490
223,470,504
224,470,509
225,470,512
234,470,616
235,470,622
240,470,632
264,470,633
271,470,649
290,470,667
291,470,682
301,470,703
306,470,708
309,470,743
315,470,759
364,470,771
366,470,790
370,470,811
372,470,815
421,470,816
465,470,820
470,473,823
470,475,828
470,476,836
10,470,480
14,470,481
470,483,69
470,490,75
470,491,78
470,496,98
127,470,498
132,470,499
134,470,501
143,470,504
153,470,505
291,470,508
470,475,509
470,496,512
470,498,520
470,528,540
470,534,542
470,539,551
470,540,553
470,542,554
470,545,559
470,549,588
470,551,589
470,553,592
470,554,593
470,559,612
470,567,662
470,568,763
470,588,775
470,589,831
470,591,837
470,592,839
470,593,840
470,597,841
470,601,842
470,606,843
470,612,845
470,616,846
470,622,847
470,632,852
470,6,633
20,470,649
470,662,80
315,470,667
370,470,682
470,501,703
470,508,708
470,520,743
470,528,759
470,591,771
470,601,775
470,776,777
470,777,809
470,778,812
470,790,821
470,809,824
470,811,848
470,812,849
470,7,815
144,470,816
234,470,819
235,470,820
271,470,821
421,470,823
470,483,824
470,491,828
470,499,829
470,505,831
470,534,836
470,539,837
470,545,839
470,606,840
470,657,841
470,776,842
470,819,843
26,470,845
365,470,846
470,549,847
470,567,848
470,597,849
470,601,852
2,472,610
472,613,7
10,472,622
14,472,632
44,472,649
472,667,69
472,708,75
472,743,77
472,771,78
472,80,816
472,819,98
127,472,820
132,472,823
134,472,826
143,472,837
144,472,839
153,472,840
202,472,841
223,472,842
224,472,843
225,472,845
234,472,847
2,235,472
240,472,7
14,264,472
127,290,472
134,291,472
144,301,472
153,306,472
202,309,472
223,315,472
224,316,472
234,356,472
235,360,472
240,364,472
271,365,472
290,370,472
306,407,472
309,465,472
315,472,475
356,472,476
360,472,480
365,472,481
370,472,483
407,472,490
465,472,501
472,475,505
472,480,508
472,490,512
472,501,520
472,508,525
472,539,567
472,540,573
472,542,588
472,545,592
472,549,593
472,551,597
472,553,601
472,559,630
472,567,703
472,568,775
472,573,778
472,588,790
472,589,836
472,592,846
472,593,852
10,472,597
44,472,601
472,610,69
472,612,75
132,472,613
225,472,622
291,472,630
301,472,632
316,472,649
472,476,667
472,483,682
472,512,703
472,520,708
472,525,743
472,553,763
472,568,771
472,589,775
472,763,776
472,778,824
472,790,831
472,77,795
472,78,809
143,472,811
472,540,812
472,545,815
472,551,816
472,559,819
472,682,820
472,776,823
472,795,824
472,809,826
472,828,849
472,481,829
472,542,831
472,549,836
472,828,837
364,472,839
472,505,840
472,79,841
472,80,842
472,811,843
472,539,845
472,612,846
264,472,847
271,472,849
301,472,852
309,473,nan
2,360,473
364,473,6
468,473,7
10,470,473
14,473,476
20,473,480
26,473,483
44,473,490
473,491,69
473,496,77
473,499,78
473,501,79
473,509,98
127,473,520
132,473,525
134,473,528
153,473,540
202,473,549
223,473,567
224,473,568
235,473,573
271,473,597
290,473,601
291,473,606
301,473,610
306,473,612
309,473,630
360,473,632
364,473,633
366,473,649
370,473,662
421,473,682
458,473,703
465,473,790
468,473,831
470,473,836
473,476,849
14,473,480
20,473,481
44,473,483
473,490,69
473,491,79
127,473,496
134,473,498
223,473,499
235,473,501
271,473,504
290,473,505
306,473,508
366,473,509
370,473,512
421,473,520
465,473,528
473,534,559
473,539,588
473,540,592
473,542,593
473,545,759
473,549,775
473,551,795
473,553,812
473,554,819
473,559,823
473,567,824
473,568,834
473,573,841
473,588,842
473,592,843
473,593,845
473,597,846
473,601,847
473,606,nan
2,473,610
10,473,612
473,613,98
132,473,622
224,473,630
291,473,632
301,473,633
473,481,649
473,498,662
473,504,667
473,508,682
473,534,703
473,539,708
473,542,743
473,554,764
473,622,771
473,775,848
473,7,778
473,78,790
473,795,80
153,473,809
202,473,811
473,551,812
473,764,815
473,809,816
473,811,819
473,820,826
473,823,837
473,824,839
473,826,841
473,831,852
473,6,834
473,77,836
473,553,837
473,743,839
473,512,841
473,667,842
473,771,843
473,820,845
473,778,846
26,473,847
473,708,848
473,816,849
473,820,852
2,475,821
475,6,823
475,7,824
10,475,828
14,475,836
20,475,841
26,475,848
2,44,475
14,475,69
143,475,75
264,475,77
291,475,78
465,475,79
470,475,80
472,475,98
127,475,505
132,475,508
134,475,520
143,475,528
144,475,540
223,475,568
224,475,573
225,475,593
235,475,630
240,475,633
264,475,667
290,475,682
291,475,703
306,475,743
309,475,759
315,475,775
356,475,776
360,475,790
364,475,795
365,475,809
366,475,811
370,475,812
458,475,819
465,475,829
470,475,839
472,475,843
475,499,845
475,504,847
475,505,849
44,475,508
475,509,77
475,512,79
370,475,517
458,475,520
475,499,525
475,504,528
475,539,570
475,540,601
475,545,606
475,549,610
475,551,612
475,553,622
475,559,632
475,567,649
475,568,708
475,570,778
475,573,820
475,593,826
475,597,6
475,601,7
10,475,606
26,475,612
475,613,75
475,622,78
475,630,80
475,632,98
127,475,633
225,475,649
309,475,657
356,475,667
475,512,682
475,525,703
475,545,708
475,549,743
475,551,759
475,553,771
475,559,775
475,567,776
475,597,777
475,657,778
475,790,815
475,795,834
475,809,837
475,811,846
475,812,852
475,69,815
134,475,819
144,475,820
224,475,821
315,475,823
360,475,824
365,475,826
475,539,828
223,475,829
235,475,831
240,475,834
364,475,836
366,475,837
475,771,839
475,777,841
475,831,843
132,475,845
143,475,846
144,475,847
290,475,848
291,475,849
309,475,852
315,476,nan
2,356,476
360,476,6
364,476,7
10,365,476
14,366,476
20,370,476
26,372,476
377,44,476
473,476,69
476,490,75
476,491,77
476,501,78
476,509,79
476,512,80
476,520,98
132,476,528
134,476,539
143,476,553
144,476,554
153,476,559
202,476,567
224,476,589
225,476,597
234,476,632
235,476,633
240,476,649
264,476,662
271,476,764
290,476,771
291,476,775
309,476,776
315,476,777
356,476,778
360,476,811
364,476,815
365,476,820
366,476,821
370,476,824
372,476,828
377,476,831
458,476,840
468,476,7
10,470,476
14,472,476
20,473,476
26,476,490
476,491,80
132,476,496
143,476,499
144,476,501
153,476,504
202,476,509
225,476,512
234,476,520
235,476,525
240,476,528
264,476,539
291,476,540
470,476,545
472,476,549
476,499,551
476,540,553
476,545,554
476,559,573
476,567,601
476,573,606
476,588,616
476,589,622
476,592,657
476,593,667
476,597,682
476,601,703
476,606,795
476,610,809
476,612,819
476,616,834
476,622,835
476,630,836
476,632,842
476,633,843
476,649,845
476,657,846
476,662,847
476,667,849
476,682,852
476,703,nan
44,476,743
271,476,776
476,496,777
476,504,778
476,549,790
476,551,795
476,588,809
476,592,811
476,610,815
476,790,820
476,821,841
2,476,824
476,69,828
224,476,831
309,476,834
476,525,835
476,6,836
476,75,840
476,77,841
476,78,842
290,476,843
476,593,845
476,743,846
476,771,847
476,630,848
476,632,849
476,848,852
10,480,nan
2,480,69
480,6,75
480,7,77
10,127,480
134,14,480
144,20,480
223,480,69
224,480,75
290,480,77
301,480,78
372,480,79
377,480,80
470,480,98
127,472,480
132,480,481
134,480,491
143,480,496
144,480,501
153,480,505
202,480,509
223,480,525
224,480,549
225,480,554
234,480,633
235,480,649
240,480,662
264,480,682
271,480,708
290,480,759
291,480,776
301,480,777
306,480,790
356,480,812
360,480,816
364,480,819
365,480,821
366,480,823
370,480,826
372,480,829
377,480,834
407,480,841
458,480,842
470,480,843
472,480,845
473,480,846
2,480,481
14,480,490
480,491,98
225,480,499
271,480,501
291,480,504
306,480,505
315,480,508
356,480,509
480,517,520
480,520,545
480,525,559
480,528,567
480,539,568
480,540,593
480,545,610
480,549,630
480,553,632
480,554,657
480,559,743
480,567,795
480,568,811
480,593,847
480,597,nan
480,610,7
153,480,613
202,480,616
235,480,622
240,480,630
360,480,632
364,480,633
366,480,649
370,480,657
458,480,662
473,480,667
480,528,682
480,539,703
480,540,708
480,743,815
480,759,820
480,764,848
20,480,771
480,775,78
480,776,80
234,480,777
407,480,790
480,504,795
480,508,809
480,517,811
480,553,812
480,703,815
480,816,840
480,79,819
132,480,820
480,616,823
480,622,826
480,490,829
480,499,831
480,667,834
480,682,840
480,597,841
264,480,842
480,606,843
480,764,845
480,831,846
480,845,847
480,848,nan
14,481,nan
2,26,481
481,6,69
481,7,78
10,132,481
14,144,481
153,20,481
224,26,481
225,44,481
235,481,75
291,481,77
306,481,78
356,481,80
366,481,98
127,372,481
132,377,481
134,465,481
144,480,481
153,481,496
202,481,501
223,481,528
224,481,553
225,481,567
234,481,649
235,481,682
240,481,703
264,481,708
271,481,775
290,481,776
291,481,777
301,481,778
306,481,795
309,481,809
315,481,811
356,481,815
360,481,819
365,481,824
366,481,826
372,481,836
377,481,841
407,481,845
465,481,848
10,468,481
20,470,481
44,472,481
473,481,80
480,481,98
134,481,496
240,481,499
290,481,501
301,481,504
309,481,505
365,481,508
407,481,509
470,481,512
473,481,520
481,504,525
481,512,528
481,534,568
481,539,597
481,540,606
481,542,610
481,549,633
481,551,667
481,553,764
481,554,771
481,567,790
481,568,812
481,573,821
481,588,829
481,593,834
481,597,839
481,601,843
481,606,849
481,610,852
481,612,77
271,481,613
315,481,616
472,481,622
481,505,630
481,525,632
481,534,633
481,539,649
481,542,657
481,551,662
481,573,667
481,593,682
481,622,703
481,708,820
481,743,828
481,759,840
481,764,nan
481,6,771
481,7,775
481,75,776
127,481,777
202,481,778
223,481,790
481,540,795
481,549,809
481,601,811
481,612,812
481,632,815
481,657,816
481,662,819
481,759,820
481,816,821
481,824,842
481,826,846
2,481,828
468,481,829
481,588,831
481,616,834
360,481,836
481,499,837
481,520,839
481,554,840
481,630,841
481,743,842
481,795,843
481,811,845
481,812,846
481,820,848
481,831,849
481,837,852
44,483,nan
2,483,80
483,6,98
127,483,7
10,134,483
26,264,483
291,44,483
306,483,69
370,483,80
464,483,98
127,483,491
132,483,499
134,483,501
143,483,504
144,483,542
153,483,549
202,483,554
223,483,588
224,483,593
264,483,597
271,483,616
290,483,703
291,483,708
301,483,764
306,483,775
309,483,778
315,483,790
356,483,819
366,483,820
370,483,823
372,483,837
377,483,843
458,483,846
464,483,847
465,483,849
470,483,852
2,472,483
473,483,6
10,483,491
26,483,498
144,483,499
153,483,501
202,483,504
223,483,505
290,483,508
377,483,509
465,483,525
470,483,534
473,483,540
483,498,542
483,505,545
483,509,549
483,525,554
483,540,559
483,545,573
483,559,588
483,589,610
483,593,612
483,597,630
483,606,662
483,610,667
483,612,795
483,616,821
483,630,824
483,662,834
483,667,836
483,682,839
483,703,840
483,708,842
483,764,845
483,775,nan
483,69,778
132,483,790
143,483,795
224,483,819
301,483,820
356,483,823
366,483,824
372,483,828
458,483,831
483,573,834
483,589,836
483,682,837
483,839,841
483,840,848
483,7,841
271,483,842
315,483,843
366,483,845
472,483,846
483,534,847
483,540,848
483,606,849
483,610,852
490,612,nan
2,490,616
10,490,630
14,490,633
20,490,657
26,490,667
44,490,682
490,69,703
490,775,78
490,776,80
127,490,778
132,490,790
143,490,809
144,490,811
153,490,815
202,490,816
223,490,821
224,490,823
225,490,824
234,490,829
235,490,831
264,490,842
271,490,845
291,490,846
301,490,847
306,490,848
309,490,849
315,490,852
356,490,nan
360,490,6
10,365,490
14,366,490
26,377,490
407,490,69
458,490,75
465,490,78
470,490,80
472,490,98
127,473,490
132,476,490
134,480,490
153,490,496
202,490,498
264,490,499
291,490,501
309,490,504
315,490,505
356,490,508
458,490,509
465,490,512
470,490,520
472,490,525
473,490,528
476,490,539
490,496,540
490,498,545
490,499,549
490,501,551
490,505,553
490,508,554
490,509,559
490,539,567
490,545,568
490,549,573
490,551,588
490,553,592
490,593,601
490,597,610
490,601,622
490,606,632
490,610,649
490,612,771
490,616,812
44,490,617
223,490,622
225,490,630
234,490,632
235,490,633
240,490,649
365,490,657
366,490,662
377,490,667
480,490,703
490,512,708
490,528,743
490,554,763
490,592,771
490,606,775
490,662,776
490,708,777
490,763,778
490,790,820
490,795,828
490,809,836
490,811,839
490,812,840
490,815,843
2,490,816
143,490,819
306,490,820
370,490,821
490,520,823
490,525,824
490,540,828
490,559,829
490,567,831
490,588,834
224,490,835
271,490,836
301,490,837
360,490,839
490,593,840
144,490,841
490,504,842
490,597,843
490,841,845
490,568,846
490,593,847
490,597,848
490,601,849
490,606,852
491,610,nan
2,491,612
491,6,613
491,617,7
10,491,633
20,491,662
26,491,703
491,69,708
491,759,77
491,78,790
491,80,821
491,824,98
127,491,826
132,491,829
134,491,834
135,491,836
143,491,840
153,491,841
202,491,845
223,491,848
224,491,849
234,491,nan
240,491,6
264,491,7
20,271,491
26,291,491
301,491,69
306,491,77
309,491,78
315,491,98
127,356,491
202,360,491
223,364,491
224,365,491
225,366,491
234,370,491
271,372,491
301,377,491
309,407,491
315,421,491
458,476,491
465,483,491
470,491,496
473,491,499
476,491,501
480,491,505
483,491,508
491,496,509
491,499,520
491,501,525
491,505,540
491,508,542
491,509,549
491,517,616
491,520,649
491,525,657
491,528,743
491,539,795
491,540,809
491,542,815
491,545,816
491,549,820
491,551,831
491,553,835
491,554,837
491,559,839
491,567,842
491,568,846
491,588,847
10,491,592
132,491,593
134,491,597
240,491,601
291,491,606
356,491,610
360,491,612
465,491,613
491,588,617
491,601,630
491,632,771
491,633,778
491,649,811
491,657,79
143,491,662
264,491,667
372,491,682
377,491,703
458,491,708
470,491,743
480,491,759
491,559,764
491,593,771
491,682,775
491,764,777
491,778,843
2,491,790
153,491,795
306,491,809
364,491,811
366,491,815
421,491,816
473,491,819
491,528,820
491,545,821
491,553,824
491,554,826
491,567,828
491,592,829
491,606,831
491,828,834
491,80,835
365,491,836
370,491,837
491,568,839
491,630,840
491,667,841
135,491,842
491,632,843
491,777,845
491,551,846
491,539,847
491,542,848
407,491,849
491,597,852
496,606,nan
2,496,622
496,6,630
496,662,7
10,496,667
14,496,703
20,496,708
26,496,743
44,496,759
496,69,763
496,75,764
496,77,771
496,79,834
496,80,836
496,840,98
127,496,841
132,496,847
134,496,848
143,2,496
10,144,496
14,153,496
202,26,496
223,496,69
225,496,77
234,496,80
235,496,98
223,290,496
225,291,496
235,301,496
306,315,496
309,356,496
315,364,496
356,366,496
359,496,509
360,496,534
364,496,610
366,496,633
370,496,682
372,496,775
377,496,776
407,496,811
421,496,812
458,496,852
470,496,7
44,473,496
476,496,75
480,496,79
127,481,496
134,490,496
143,491,496
202,496,501
234,496,504
359,496,505
370,496,508
470,496,509
473,496,512
491,496,517
496,504,520
496,512,525
496,534,567
496,539,819
496,540,821
496,545,824
496,551,829
496,553,831
496,554,835
496,559,842
496,567,843
496,606,845
496,6,610
20,496,612
481,496,613
496,505,616
496,517,622
496,525,630
496,554,632
496,559,633
496,662,777
496,667,778
496,682,790
496,703,795
496,708,828
496,743,839
496,759,846
291,496,763
301,496,764
306,496,771
309,496,775
372,496,776
377,496,777
476,496,778
480,496,790
496,501,795
496,520,811
496,545,812
144,496,819
496,508,821
496,539,824
496,612,828
496,632,829
153,496,831
360,496,834
421,496,835
490,496,836
496,540,839
496,616,840
496,841,nan
132,496,842
134,496,843
290,496,845
458,496,846
496,553,847
496,551,848
496,554,852
498,559,nan
2,498,567
10,498,592
14,498,601
20,498,606
26,498,612
44,498,616
498,622,69
498,632,75
498,657,80
498,662,98
127,498,708
134,498,776
143,498,795
153,498,809
202,498,811
225,498,812
235,498,816
240,498,819
290,498,820
291,498,821
301,498,823
306,498,824
309,498,828
465,498,837
470,498,841
473,498,842
483,498,847
2,490,498
10,498,501
309,498,508
316,498,512
498,517,630
498,520,682
498,525,771
498,539,826
498,540,840
498,542,843
498,545,845
498,549,nan
26,498,551
44,498,553
498,559,69
498,567,75
498,568,98
143,498,588
202,498,592
225,498,593
290,498,597
291,498,601
301,498,606
470,498,612
498,525,616
498,539,622
498,542,630
498,549,632
498,593,633
498,649,778
498,657,790
498,662,839
498,682,7
14,498,708
235,498,771
465,498,776
498,517,777
498,545,778
498,551,790
498,553,795
498,597,809
498,649,811
498,777,812
498,80,816
127,498,819
240,498,820
306,498,821
473,498,823
490,498,824
498,540,826
498,633,828
20,498,834
134,498,837
153,498,839
483,498,840
490,498,841
498,520,842
498,501,843
498,540,845
498,542,847
499,545,nan
2,499,551
499,554,6
499,559,7
10,499,567
14,499,570
26,499,573
44,499,588
499,593,69
499,597,75
499,606,77
499,610,78
499,616,80
499,617,98
127,499,622
132,499,649
143,499,662
144,499,667
202,499,703
223,499,708
225,499,743
235,499,759
240,499,771
264,499,775
290,499,790
291,499,795
301,499,809
306,499,811
309,499,812
316,499,816
356,499,820
364,499,821
365,499,823
366,499,824
370,499,828
372,499,839
377,499,846
407,499,848
465,499,852
14,470,499
26,473,499
44,475,499
476,499,69
480,499,77
481,499,78
483,499,80
490,499,98
127,491,499
132,499,520
143,499,525
264,499,528
301,499,539
306,499,540
309,499,542
316,499,545
356,499,549
364,499,551
370,499,553
372,499,554
377,499,559
475,499,567
481,499,568
499,542,570
499,553,573
499,588,601
499,589,632
499,592,777
499,593,778
499,597,819
499,601,831
499,606,841
499,610,842
144,499,612
225,499,613
290,499,616
365,499,617
470,499,622
476,499,632
480,499,633
499,525,649
499,528,657
499,540,662
499,568,667
499,592,682
499,703,776
499,708,829
499,743,834
499,759,843
499,771,845
499,775,849
499,6,776
499,7,777
10,499,778
235,499,790
240,499,795
291,499,809
465,499,811
499,520,812
499,539,816
499,549,819
499,589,820
499,612,821
499,657,823
499,682,824
499,826,836
499,828,837
499,829,847
2,499,831
499,75,834
202,499,836
223,499,837
366,499,839
490,499,840
491,499,841
499,633,842
499,826,843
473,499,845
499,840,846
499,847,nan
2,499,848
483,499,849
490,499,852
491,501,nan
2,498,501
501,512,6
10,501,520
14,501,525
26,501,542
44,501,549
501,551,69
501,553,77
501,554,78
501,568,79
501,588,80
501,592,98
127,501,593
132,501,601
134,501,606
144,501,612
153,501,616
202,501,622
223,501,630
235,501,777
240,501,790
271,501,809
290,501,821
291,501,823
301,501,828
306,501,829
309,501,831
315,501,834
316,501,835
356,501,836
364,501,837
365,501,839
370,501,842
372,501,843
377,501,847
407,501,849
464,501,852
465,501,nan
468,501,77
470,501,78
472,501,79
473,501,98
134,476,501
153,481,501
202,483,501
235,490,501
240,491,501
291,496,501
301,498,501
306,501,512
309,501,520
315,501,525
316,501,528
356,501,542
366,501,545
372,501,549
464,501,551
468,501,553
480,501,554
501,545,567
501,568,632
501,573,667
501,588,743
501,592,759
501,593,764
501,597,795
501,601,812
501,606,816
501,610,819
501,612,846
501,616,848
501,6,622
501,630,69
223,501,632
271,501,633
365,501,667
377,501,682
465,501,703
470,501,708
472,501,743
481,501,759
483,501,764
496,501,775
501,610,776
501,682,777
501,703,778
501,708,790
501,795,815
501,809,820
501,811,845
2,501,812
10,501,815
44,501,816
290,501,819
370,501,820
476,501,821
501,528,823
501,573,828
501,597,829
501,776,831
501,778,834
127,501,835
132,501,836
473,501,839
501,633,841
490,501,842
14,501,843
501,567,845
501,811,846
501,80,847
26,501,848
44,501,849
501,69,852
504,75,nan
504,6,77
504,7,98
10,144,504
20,202,504
225,26,504
234,44,504
240,504,69
290,504,75
301,504,77
356,504,98
127,364,504
134,470,504
143,476,504
144,483,504
153,504,525
202,504,528
223,504,534
224,504,554
225,504,559
234,504,708
235,504,771
240,504,775
271,504,776
290,504,795
291,504,811
301,504,821
306,504,828
309,504,829
315,504,831
316,504,836
356,504,837
360,504,839
364,504,842
365,504,843
366,504,846
372,504,847
377,504,848
407,504,7
20,464,504
132,473,504
134,475,504
153,480,504
223,481,504
224,483,504
271,490,504
306,496,504
316,504,509
360,504,520
377,504,525
407,504,528
464,504,534
473,504,539
504,509,542
504,542,549
504,554,573
504,559,588
504,567,612
504,573,616
504,588,630
504,592,667
504,593,759
504,597,777
504,601,778
504,606,809
504,610,812
504,612,815
504,616,816
504,630,819
504,632,820
504,633,824
504,657,834
504,667,841
504,682,849
504,703,852
504,708,nan
309,504,743
315,504,759
366,504,771
475,504,775
480,504,776
481,504,777
490,504,778
504,567,790
504,597,795
504,610,809
504,632,811
504,633,812
504,657,815
504,682,816
504,703,819
504,820,835
504,6,821
44,504,824
235,504,828
291,504,829
465,504,831
496,504,834
504,539,835
504,606,836
10,504,837
504,593,839
504,790,840
504,69,841
504,549,842
504,601,843
504,520,846
504,525,847
504,528,848
504,743,849
504,771,852
505,775,nan
2,505,776
505,6,777
505,7,778
10,505,790
14,505,795
20,505,809
26,505,820
44,505,821
505,69,824
505,75,826
505,77,836
505,78,839
505,79,840
505,80,841
127,505,843
132,505,848
134,505,849
143,505,6
144,20,505
153,505,80
132,202,505
134,223,505
143,224,505
144,225,505
153,235,505
202,240,505
224,290,505
235,291,505
240,306,505
290,309,505
306,315,505
309,316,505
356,364,505
359,468,505
360,472,505
364,473,505
365,475,505
366,481,505
370,490,505
372,496,505
377,505,512
465,505,540
468,505,549
470,505,551
472,505,553
473,505,554
475,505,559
480,505,568
481,505,588
483,505,593
490,505,597
491,505,606
496,505,610
505,512,612
505,520,622
505,525,630
505,540,662
505,542,667
505,545,682
505,549,708
505,551,743
505,553,771
505,554,811
505,559,812
505,567,819
505,568,823
505,570,828
505,573,835
505,588,837
505,589,842
505,591,846
505,592,852
505,593,nan
2,505,597
10,505,601
14,505,606
26,505,610
505,612,69
505,616,77
127,505,617
315,505,622
316,505,630
356,505,632
360,505,633
377,505,649
465,505,657
470,505,662
491,505,667
505,520,682
505,542,703
505,567,708
505,573,743
505,759,834
505,7,764
44,505,771
505,75,775
505,776,78
291,505,777
365,505,778
366,505,790
483,505,795
505,589,809
505,811,831
505,812,845
223,505,815
225,505,816
370,505,819
372,505,820
480,505,821
505,649,823
505,657,824
505,592,826
505,616,828
505,633,829
505,703,831
359,505,834
505,591,835
505,632,836
505,601,839
505,525,840
505,617,841
505,759,842
505,764,843
505,771,845
505,816,846
505,545,848
505,549,849
505,551,852
508,554,nan
10,508,568
26,508,591
44,508,592
508,597,69
508,606,75
508,610,77
508,612,78
508,630,79
508,662,80
508,667,98
132,508,682
134,508,703
143,508,708
240,508,795
271,508,816
290,508,848
291,508,849
301,508,852
306,508,nan
10,309,508
315,44,508
316,508,69
356,508,75
309,359,508
356,364,508
365,370,508
366,465,508
370,468,508
372,470,508
377,480,508
465,481,508
468,508,540
470,508,542
472,508,549
473,508,553
475,508,567
480,508,632
481,508,633
483,508,764
490,508,771
491,508,790
496,508,819
498,508,820
235,508,512
372,508,517
475,508,520
496,508,525
508,528,545
508,534,573
508,539,589
508,540,613
508,542,617
508,545,657
508,549,743
508,551,759
508,553,815
508,554,821
508,559,828
508,567,846
508,568,79
134,508,573
240,508,588
377,508,591
473,508,592
483,508,593
490,508,597
498,508,606
508,512,610
508,520,612
508,525,613
508,534,617
508,559,622
508,588,630
508,593,632
508,622,633
508,649,776
508,657,809
508,662,811
508,667,812
508,682,823
26,508,703
508,708,78
315,508,743
364,508,759
472,508,771
508,77,775
508,776,98
132,508,778
271,508,790
301,508,809
306,508,811
508,80,812
316,508,815
365,508,816
491,508,819
508,551,820
508,775,821
359,508,823
508,528,828
508,534,846
508,549,848
508,551,849
508,559,852
509,567,nan
2,509,568
509,570,6
509,589,7
10,509,593
20,509,597
44,509,601
509,606,69
509,610,75
509,612,77
509,622,78
509,79,839
509,842,98
127,509,845
132,509,849
135,2,509
143,509,75
153,509,98
135,202,509
202,224,509
225,290,509
240,291,509
290,306,509
306,364,509
316,509,551
359,509,592
364,509,649
366,509,831
372,509,841
377,509,nan
10,407,509
458,509,78
464,509,79
465,509,80
132,470,509
153,473,509
224,475,509
225,476,509
240,480,509
356,481,509
372,483,509
377,490,509
407,491,509
458,496,509
464,504,509
476,509,520
480,509,525
481,509,540
509,525,549
509,540,551
509,553,573
509,554,633
509,559,821
509,567,847
509,568,6
44,509,570
143,509,573
316,509,588
366,509,589
490,509,592
491,509,593
509,520,597
509,549,601
509,559,606
509,610,823
127,509,612
475,509,622
509,633,834
509,77,820
465,509,821
470,509,823
496,509,824
509,820,831
473,509,834
509,542,839
509,588,840
509,824,841
509,842,846
509,7,843
509,69,846
509,75,847
509,553,849
512,568,nan
2,512,573
512,588,6
512,591,7
14,512,606
20,512,610
26,512,616
44,512,617
512,630,69
512,657,75
512,662,77
512,667,78
512,703,79
512,708,80
512,763,98
127,512,764
132,512,771
134,512,775
135,512,778
143,512,811
153,512,816
202,512,819
223,512,823
224,512,824
225,512,828
235,512,829
240,512,831
264,512,847
271,512,849
290,512,852
291,512,nan
20,306,512
26,309,512
316,512,75
315,359,512
360,366,512
364,370,512
365,372,512
366,464,512
370,465,512
372,476,512
377,481,512
421,496,512
458,512,520
464,512,525
465,512,528
470,512,534
472,512,551
473,512,567
475,512,612
476,512,622
481,512,743
490,512,776
496,512,790
498,512,795
501,512,812
505,512,820
508,512,821
512,520,834
512,525,839
512,528,842
512,534,848
2,512,539
14,512,542
512,545,98
132,512,551
134,512,553
143,512,567
153,512,568
223,512,573
224,512,588
264,512,589
309,512,591
377,512,593
421,512,606
472,512,610
473,512,612
512,539,616
512,542,617
512,553,622
512,630,759
512,632,826
512,633,841
44,512,657
512,662,79
202,512,667
225,512,682
291,512,703
306,512,708
364,512,743
365,512,759
470,512,763
512,589,764
512,632,771
512,633,775
512,776,809
512,777,846
512,77,778
512,790,80
235,512,795
271,512,809
301,512,811
356,512,812
360,512,816
490,512,819
498,512,820
501,512,821
512,554,823
512,593,824
127,512,826
240,512,828
316,512,829
475,512,831
505,512,834
512,545,836
512,7,839
458,512,841
512,682,842
512,811,847
512,823,848
290,512,849
315,512,852
356,517,nan
290,372,517
301,421,517
306,491,517
315,496,517
356,508,517
364,517,573
365,517,630
370,517,633
372,517,649
421,517,777
475,517,790
491,517,824
496,517,836
290,498,517
370,517,520
517,573,622
517,616,743
517,622,763
517,630,771
517,632,795
517,633,849
301,517,649
306,517,662
475,517,743
517,520,759
517,632,763
517,662,771
517,775,834
517,759,790
517,78,795
517,811,nan
315,517,824
356,517,834
372,517,836
475,517,849
10,480,520
14,481,520
26,490,520
44,498,520
499,520,69
504,520,75
505,520,77
508,520,78
512,520,79
520,549,80
520,553,98
127,520,589
132,520,593
134,520,597
135,520,612
143,520,613
202,520,632
223,520,649
224,520,657
225,520,662
234,520,776
264,520,815
271,520,819
290,520,834
301,520,837
306,520,839
309,520,842
315,520,843
316,520,845
356,520,846
26,359,520
360,520,75
364,520,77
365,520,78
366,520,79
370,520,80
372,520,98
202,407,520
458,491,520
464,520,545
465,520,763
470,520,771
472,520,775
473,520,778
475,520,812
476,520,824
480,520,829
481,520,831
490,520,836
491,520,841
496,520,852
14,498,520
44,499,520
501,520,69
144,504,520
224,505,520
316,508,520
359,509,520
360,512,520
421,517,520
465,520,545
473,520,549
475,520,553
476,520,589
501,520,593
520,601,610
520,610,682
520,612,703
10,520,613
132,520,617
134,520,622
225,520,632
315,520,657
356,520,662
366,520,667
458,520,682
470,520,703
496,520,708
517,520,743
520,622,759
520,763,777
520,771,821
127,520,775
135,520,776
309,520,809
365,520,811
372,520,812
407,520,815
464,520,819
520,601,821
520,667,823
520,824,847
520,828,848
520,829,849
143,520,831
223,520,834
290,520,836
472,520,837
520,809,839
520,823,841
234,520,842
306,520,843
364,520,845
370,520,846
520,708,847
520,759,848
520,777,849
520,743,852
2,525,763
525,7,764
10,525,771
14,525,775
20,525,776
26,525,823
525,69,829
525,75,831
525,77,839
525,7,78
472,525,79
473,525,80
475,525,98
132,490,525
134,496,525
135,525,545
143,525,567
144,525,568
153,525,573
202,525,589
223,525,591
225,525,606
234,525,617
235,525,790
240,525,809
264,525,811
271,525,821
290,525,837
291,525,840
301,525,841
306,525,842
309,525,843
315,525,845
316,525,846
356,525,847
144,359,525
225,360,525
234,364,525
235,365,525
264,370,525
301,372,525
306,377,525
309,421,525
458,483,525
464,525,549
465,525,551
468,525,834
472,525,852
2,473,525
10,475,525
14,476,525
20,480,525
483,525,98
127,490,525
132,491,525
202,496,525
291,498,525
316,499,525
356,501,525
360,504,525
364,505,525
366,508,525
464,509,525
476,512,525
491,525,545
498,525,549
508,525,551
525,554,610
525,559,616
525,567,622
525,568,682
525,573,703
525,589,708
525,591,743
525,606,778
525,610,828
134,525,613
271,525,616
370,525,617
372,525,622
377,525,630
458,525,632
465,525,649
481,525,657
499,525,662
505,525,667
525,559,682
525,630,703
525,708,824
525,743,835
525,759,848
525,69,763
223,525,771
290,525,775
315,525,776
359,525,777
501,525,778
512,525,790
525,554,809
525,667,811
525,759,812
525,75,815
525,78,816
135,525,819
365,525,820
509,525,821
525,662,823
525,777,824
525,820,828
504,525,829
525,649,831
525,812,834
525,77,835
143,525,837
421,525,839
525,632,840
153,525,841
525,842,849
468,525,843
475,525,845
525,657,846
525,662,847
525,682,848
525,703,849
525,708,852
2,528,764
528,6,776
528,7,777
10,528,778
14,528,790
20,528,795
26,528,7
10,44,528
127,528,69
240,528,75
306,528,77
309,528,78
407,528,79
464,528,80
465,528,98
127,475,528
134,480,528
143,490,528
153,512,528
202,528,551
223,528,589
225,528,610
234,528,809
235,528,820
240,528,821
264,528,823
271,528,824
290,528,836
291,528,837
301,528,839
306,528,841
309,528,845
315,528,847
316,528,848
356,528,849
359,528,593
360,528,597
364,528,601
365,528,606
366,528,617
370,528,630
372,528,657
377,528,662
407,528,682
464,528,811
465,528,816
470,528,829
473,528,843
475,528,852
2,476,528
480,528,69
481,528,75
490,528,78
153,491,528
290,499,528
315,501,528
316,504,528
364,512,528
365,528,540
366,528,542
370,528,545
377,528,549
528,551,573
528,553,708
528,554,743
528,559,771
528,567,828
528,568,835
528,573,842
528,589,6
14,528,591
20,528,593
26,528,597
528,601,98
132,528,606
134,528,610
223,528,612
225,528,617
264,528,622
271,528,630
356,528,633
360,528,649
473,528,662
501,528,682
504,528,703
528,549,708
528,559,759
528,568,764
528,612,771
528,622,776
528,703,777
528,759,778
528,790,834
44,528,795
528,80,809
235,528,811
291,528,816
508,528,819
528,542,820
528,553,821
528,823,840
202,528,824
301,528,828
491,528,834
528,540,835
528,819,836
234,528,837
481,528,839
499,528,840
528,649,841
528,79,842
528,591,843
528,633,845
528,77,847
528,78,848
528,567,849
528,545,852
534,593,nan
2,534,606
534,6,612
534,622,7
10,534,649
14,534,667
20,534,682
26,534,708
534,69,743
534,75,759
534,77,777
534,78,795
534,80,811
534,815,98
143,534,819
144,534,820
153,534,823
202,534,826
223,534,829
224,534,831
225,534,836
240,534,837
264,534,848
2,290,534
291,534,6
301,534,7
10,306,534
14,309,534
20,316,534
26,356,534
360,534,77
364,534,78
365,534,98
144,366,534
153,370,534
224,372,534
225,377,534
290,407,534
458,496,534
464,534,821
465,534,828
468,534,75
143,470,534
202,473,534
240,481,534
264,483,534
301,496,534
356,504,534
372,508,534
377,512,534
504,534,554
508,534,559
534,567,573
534,568,633
534,570,790
534,573,nan
534,593,69
534,597,80
309,534,601
316,534,606
365,534,610
468,534,612
534,542,616
534,601,617
534,622,657
534,633,842
291,534,649
366,534,657
370,534,662
464,534,667
465,534,682
481,534,703
534,554,708
534,559,743
534,567,759
534,597,771
534,616,777
534,662,778
534,703,790
534,771,795
534,811,840
534,815,852
223,534,816
306,534,819
360,534,820
364,534,821
483,534,823
534,610,826
534,778,828
534,829,839
534,831,846
407,534,836
534,837,847
512,534,839
458,534,840
534,841,843
473,534,842
481,534,843
534,841,846
534,846,847
534,848,852
534,852,nan
20,539,nan
2,44,539
539,6,78
539,7,80
10,153,539
14,202,539
20,223,539
235,26,539
240,44,539
264,539,69
315,539,77
370,539,78
473,539,79
475,539,80
476,539,98
134,481,539
143,491,539
153,498,539
202,539,553
223,539,597
224,539,601
234,539,795
235,539,821
240,539,823
271,539,6
10,291,539
14,301,539
26,306,539
309,539,69
316,539,98
224,360,539
301,365,539
306,366,539
370,464,539
372,468,539
377,490,539
458,512,539
464,539,551
465,539,554
468,539,829
470,539,842
472,539,847
473,539,nan
2,475,539
143,480,539
234,481,539
291,490,539
309,491,539
360,496,539
470,498,539
480,499,539
496,504,539
508,539,559
512,539,567
539,551,606
539,553,616
539,554,622
539,559,633
539,567,667
539,568,820
539,570,837
539,588,839
539,589,840
539,597,843
134,539,601
364,539,606
465,539,610
472,539,612
499,539,616
539,610,617
539,622,662
539,630,703
539,633,826
539,649,828
539,657,835
539,662,836
539,667,845
316,539,682
365,539,703
366,539,708
504,539,743
508,539,759
539,570,795
539,630,809
539,649,815
539,743,816
539,759,819
539,809,820
539,815,821
539,816,823
539,824,841
372,539,826
377,539,828
539,612,829
539,657,831
539,682,835
539,708,836
539,824,837
539,839,842
539,79,840
539,841,98
458,539,842
464,539,843
539,588,845
539,831,847
539,845,849
540,77,nan
2,540,78
540,6,80
132,540,7
10,223,540
14,224,540
20,225,540
240,26,540
264,44,540
290,540,69
291,540,75
364,540,77
372,540,78
407,540,80
473,540,98
132,491,540
134,498,540
144,540,549
153,540,551
223,540,592
224,540,606
225,540,613
235,540,617
240,540,667
264,540,764
290,540,775
291,540,812
301,540,824
306,540,826
309,540,836
316,540,837
356,540,839
364,540,843
365,540,845
366,540,847
370,540,849
372,540,852
2,377,540
26,464,540
44,465,540
468,540,98
134,470,540
144,472,540
235,473,540
309,475,540
365,476,540
366,480,540
377,481,540
464,483,540
465,490,540
470,491,540
476,496,540
490,498,540
499,528,540
505,540,553
508,540,568
509,540,573
528,540,589
540,549,601
540,551,610
540,553,662
540,559,682
540,567,759
540,568,771
540,573,795
540,588,809
540,589,816
540,592,831
540,593,841
540,601,846
20,540,606
540,610,75
301,540,612
496,540,613
540,559,616
540,612,617
540,622,632
540,632,703
540,633,828
540,649,835
540,662,840
540,6,667
10,540,682
540,69,703
153,540,708
370,540,743
475,540,759
480,540,764
481,540,771
499,540,775
505,540,776
540,567,777
540,588,778
540,593,790
540,622,795
540,633,809
540,708,811
540,743,812
540,776,815
540,777,816
540,790,819
540,811,820
540,821,829
540,7,824
316,540,826
356,540,828
540,829,848
127,540,831
540,815,836
540,820,837
540,839,nan
306,540,840
472,540,841
540,778,842
540,821,843
540,842,845
540,846,847
540,847,849
540,6,848
540,7,849
10,540,852
132,2,542
134,542,6
10,135,542
14,153,542
26,291,542
301,44,542
309,542,69
481,542,98
127,498,542
132,504,542
134,505,542
135,542,549
144,542,573
153,542,588
224,542,592
225,542,616
234,542,764
235,542,795
240,542,816
264,542,819
271,542,831
290,542,839
291,542,841
301,542,843
306,542,846
309,542,847
315,542,848
316,542,852
2,356,542
364,542,6
14,365,542
26,366,542
370,44,542
372,542,69
235,407,542
240,464,542
264,465,542
271,470,542
290,472,542
364,473,542
366,481,542
465,483,542
473,491,542
491,499,542
501,512,542
504,528,542
505,542,554
508,542,589
509,542,593
512,542,610
528,542,617
534,542,633
542,549,662
542,554,667
542,567,776
542,568,777
542,570,809
542,573,826
542,588,835
542,589,849
542,592,98
127,542,593
144,542,601
224,542,606
225,542,610
356,542,612
499,542,613
542,617,682
542,622,708
542,630,778
542,632,790
542,633,823
542,649,834
542,657,840
10,542,662
306,542,667
472,542,682
508,542,703
542,568,708
542,601,743
542,606,759
542,612,764
542,759,771
234,542,775
365,542,776
370,542,777
372,542,778
470,542,790
542,632,795
542,703,809
542,771,815
542,816,828
315,542,819
316,542,820
542,630,821
542,815,823
542,821,826
542,828,836
501,542,831
542,743,835
542,570,836
542,622,839
464,542,840
509,542,841
528,542,843
542,820,846
542,567,847
542,588,848
542,657,849
542,662,852
545,667,nan
2,545,682
545,7,708
10,545,759
14,545,771
20,545,777
26,545,69
134,545,69
144,545,98
134,235,545
144,545,559
202,545,568
235,545,588
240,545,589
264,545,606
290,545,610
291,545,662
301,545,743
306,545,776
315,545,778
316,545,795
356,545,816
359,545,821
364,545,829
365,545,831
366,545,834
370,545,836
377,545,852
2,407,545
464,545,7
14,465,545
26,470,545
202,472,545
290,473,545
315,476,545
364,480,545
377,483,545
470,490,545
476,491,545
480,496,545
498,501,545
499,545,554
505,545,573
508,545,591
512,545,633
520,545,657
525,545,703
528,545,790
545,554,824
545,559,837
545,567,839
545,568,841
545,573,848
545,588,nan
20,545,589
545,591,98
306,545,592
356,545,601
365,545,606
370,545,610
483,545,612
490,545,633
498,545,657
505,545,662
508,545,667
545,612,682
545,703,812
545,708,840
545,743,842
545,759,845
545,771,846
10,545,776
240,545,777
264,545,778
301,545,790
359,545,811
366,545,812
464,545,815
465,545,816
472,545,819
475,545,821
491,545,824
499,545,828
512,545,829
545,592,831
545,811,834
545,828,836
135,545,837
528,545,839
545,819,840
545,601,841
545,610,842
496,545,845
473,545,846
520,545,847
525,545,848
549,591,nan
2,549,632
549,6,633
549,649,7
10,549,682
14,549,809
20,549,812
26,549,75
235,44,549
315,549,69
316,549,75
356,549,78
360,549,80
480,549,98
132,505,549
134,508,549
144,549,588
153,549,593
202,549,597
224,549,630
225,549,667
235,549,823
240,549,828
264,549,nan
290,549,6
291,44,549
301,549,80
306,549,98
127,309,549
132,315,549
134,316,549
144,356,549
290,360,549
291,364,549
306,365,549
370,470,549
372,481,549
377,483,549
464,528,549
465,549,811
468,549,78
153,470,549
224,472,549
301,473,549
364,475,549
370,476,549
372,480,549
465,481,549
472,483,549
473,490,549
491,499,549
498,520,549
499,525,549
501,549,573
504,549,601
505,549,606
508,549,610
509,549,849
135,520,549
264,525,549
309,528,549
468,540,549
542,549,589
549,573,743
549,588,816
549,589,820
549,591,829
549,593,837
549,597,845
549,601,852
2,549,606
14,549,610
365,549,630
377,549,632
464,549,633
540,549,649
549,662,764
549,667,775
549,682,776
549,703,777
549,708,778
549,743,790
549,764,835
549,771,839
10,549,775
549,69,776
202,549,777
225,549,778
240,549,790
476,549,795
504,549,809
549,811,819
549,812,831
549,816,836
549,819,840
549,820,843
549,823,846
475,549,826
501,549,828
549,703,829
549,708,831
549,771,835
549,826,836
549,837,842
549,839,847
549,7,840
20,549,841
549,795,842
549,843,848
491,549,845
499,549,846
501,549,847
504,549,848
549,662,849
26,549,852
551,78,nan
134,2,551
144,551,6
153,551,7
10,202,551
14,264,551
26,301,551
306,44,551
316,551,69
356,551,75
360,551,77
377,551,78
421,551,80
127,464,551
132,465,551
134,540,551
144,551,589
153,551,597
202,551,601
224,551,612
225,551,622
234,551,790
235,551,835
240,551,836
2,264,551
271,551,7
10,290,551
291,551,80
127,301,551
132,306,551
290,315,551
315,316,551
356,365,551
359,496,551
360,551,573
364,551,588
365,551,610
366,551,662
370,551,667
372,551,682
377,551,703
421,551,776
458,551,795
464,551,809
465,551,812
470,551,816
472,551,819
473,551,820
475,551,829
476,551,852
44,481,551
224,490,551
225,491,551
234,496,551
235,498,551
309,499,551
364,501,551
366,505,551
470,508,551
473,509,551
475,512,551
476,525,551
481,528,551
491,539,551
498,540,551
505,551,573
508,551,588
512,551,589
551,592,743
551,593,763
551,597,849
551,6,601
26,551,606
551,610,77
359,551,612
370,551,622
372,551,630
490,551,632
499,551,633
525,551,662
539,551,667
551,606,682
551,703,708
551,708,811
551,743,821
14,551,759
551,592,763
551,633,771
551,775,845
551,776,846
551,778,847
551,790,848
551,69,795
551,75,809
291,551,811
458,551,812
501,551,819
509,551,820
551,771,821
551,829,nan
551,630,831
551,632,835
551,759,836
528,551,837
551,593,842
271,551,843
301,551,845
551,842,846
551,847,852
551,778,848
551,790,849
551,795,852
2,553,820
553,6,821
553,7,823
10,553,824
14,553,845
26,553,77
309,44,553
364,553,69
365,553,75
370,553,77
458,553,78
476,553,79
481,553,80
490,553,98
132,512,553
134,553,573
135,553,588
143,553,591
144,553,592
153,553,606
202,553,616
223,553,622
224,553,632
225,553,657
235,553,763
240,553,764
264,553,778
301,553,790
306,553,812
309,553,815
315,553,816
316,553,826
356,553,831
360,553,834
364,553,835
365,553,836
370,553,837
372,553,840
377,553,849
421,44,553
458,553,80
464,553,98
127,465,553
132,468,553
144,470,553
153,472,553
223,473,553
225,475,553
235,476,553
264,480,553
301,481,553
306,490,553
315,491,553
356,496,553
473,498,553
475,499,553
480,501,553
491,505,553
498,508,553
509,520,553
512,528,553
520,553,601
528,553,630
539,553,662
540,553,703
553,559,795
553,573,819
553,588,841
553,589,848
553,591,6
553,592,7
14,553,601
553,606,69
553,616,79
135,553,622
202,553,632
377,553,657
464,553,662
468,553,667
505,553,682
553,589,708
553,708,759
553,763,839
553,764,847
10,553,771
553,75,778
134,553,790
407,553,795
421,553,811
501,553,812
553,667,816
553,78,819
465,553,820
470,553,821
472,553,823
499,553,824
539,553,826
553,559,831
553,682,834
553,835,842
553,836,846
240,553,837
316,553,839
2,553,841
360,553,842
553,759,845
553,771,846
224,553,847
225,553,848
301,553,849
316,554,nan
2,364,554
365,554,6
377,554,7
10,473,554
14,480,554
20,481,554
26,491,554
44,499,554
501,554,69
505,554,75
508,554,77
509,554,78
525,554,80
528,554,98
127,542,554
134,545,554
135,554,567
144,554,593
153,554,622
202,554,633
224,554,649
225,554,682
240,554,708
264,554,763
290,554,809
291,554,815
306,554,816
309,554,819
315,554,826
316,554,829
356,554,834
364,554,836
365,554,837
366,554,839
370,554,841
372,554,842
377,554,6
465,554,69
470,554,75
202,480,554
224,481,554
290,483,554
309,490,554
356,491,554
366,496,554
370,499,554
372,501,554
465,504,554
470,505,554
483,508,554
490,509,554
512,534,554
525,554,589
528,554,597
534,554,601
539,554,606
542,554,612
545,554,703
554,567,777
554,573,824
554,589,843
554,593,846
14,554,597
20,554,601
44,554,606
554,610,80
554,612,98
240,554,632
264,554,633
306,554,649
476,554,657
512,554,662
554,610,667
554,682,764
554,703,771
554,708,776
554,743,823
554,763,835
2,554,764
554,7,771
225,554,775
291,554,776
554,573,777
554,743,778
554,790,812
554,809,831
554,811,847
554,812,848
554,815,nan
10,554,816
26,554,819
127,554,820
315,554,821
539,554,823
554,667,824
134,554,826
554,829,845
504,554,831
554,790,834
554,820,835
554,821,836
554,837,852
554,632,839
554,662,840
135,554,841
153,554,842
225,554,843
240,554,845
496,554,846
499,554,847
554,77,848
554,78,852
559,80,nan
144,2,559
224,559,6
225,559,7
10,235,559
20,290,559
26,306,559
364,44,559
365,559,69
377,559,77
465,559,78
472,559,80
483,559,98
127,509,559
132,540,559
153,553,559
224,559,616
225,559,617
235,559,824
240,559,829
290,559,840
291,559,842
301,559,845
306,559,849
309,559,852
316,559,nan
356,559,6
360,559,7
10,364,559
20,365,559
366,44,559
372,559,78
458,480,559
465,491,559
470,498,559
472,508,559
473,528,559
475,539,559
480,559,630
483,559,775
490,559,778
491,559,811
496,559,821
498,559,823
499,559,828
504,559,831
505,559,834
473,508,559
496,509,559
525,559,591
528,559,593
534,559,606
539,559,610
540,559,612
545,559,633
553,559,682
559,573,809
559,588,848
2,559,589
559,591,69
240,559,593
301,559,601
475,559,610
476,559,612
559,588,616
559,617,743
559,622,764
559,630,812
559,632,815
559,633,835
559,662,837
559,667,839
559,682,841
559,703,843
559,743,847
26,559,759
309,559,763
316,559,764
356,559,771
360,559,775
470,559,778
499,559,790
534,559,795
559,622,809
559,763,811
559,771,812
559,795,815
127,559,816
504,559,819
505,559,821
559,589,823
559,601,824
559,632,828
559,829,836
490,559,831
559,776,834
559,790,835
559,667,836
559,703,837
132,559,839
153,559,840
291,559,841
372,559,842
525,559,843
559,662,845
559,667,847
559,703,848
559,759,849
559,77,852
132,567,nan
135,2,567
143,567,6
144,567,7
10,224,567
14,290,567
20,291,567
26,309,567
315,44,567
364,567,75
365,567,77
464,567,78
476,567,80
491,567,98
127,501,567
132,542,567
134,554,567
135,567,606
143,567,612
144,567,622
202,567,657
223,567,662
224,567,667
225,567,759
235,567,826
240,567,839
20,264,567
26,290,567
291,567,78
301,316,567
306,356,567
309,421,567
315,465,567
316,545,567
356,567,632
365,567,703
370,567,708
372,567,776
377,567,777
421,567,811
458,567,812
464,567,815
465,567,821
470,567,823
472,567,828
473,567,847
475,567,848
476,567,nan
480,567,80
134,481,567
225,490,567
264,491,567
370,496,567
498,508,567
499,539,567
501,567,601
504,567,616
505,567,617
508,567,633
509,567,649
512,567,763
525,567,778
528,567,795
534,567,816
539,567,824
540,567,829
542,567,831
545,567,836
554,567,840
567,573,849
2,567,601
567,606,75
240,567,612
306,567,616
377,567,617
458,567,622
470,567,632
481,567,633
499,567,649
505,567,657
567,573,662
567,667,819
567,682,842
567,703,845
567,708,846
567,759,852
44,567,763
567,77,771
472,567,776
475,567,777
498,567,778
528,567,790
567,795,841
567,809,843
567,6,811
14,567,812
567,815,98
202,567,816
480,567,819
512,567,821
567,790,823
127,567,824
490,567,828
525,567,829
540,567,831
567,7,836
10,567,839
301,567,840
372,567,841
534,567,842
223,567,843
224,567,845
504,567,846
496,567,848
499,567,849
567,809,852
568,79,nan
2,202,568
225,568,6
10,240,568
470,568,78
480,568,79
127,525,568
132,568,570
134,568,589
135,568,622
144,568,632
202,568,759
223,568,771
224,568,775
225,568,776
235,568,828
240,568,841
264,568,98
235,271,568
290,301,568
291,365,568
301,366,568
309,464,568
315,490,568
364,491,568
365,499,568
366,501,568
370,505,568
372,508,568
377,509,568
421,512,568
458,534,568
464,539,568
470,545,568
472,568,778
473,568,790
475,568,795
480,568,831
481,568,834
490,568,848
491,568,nan
364,499,568
370,501,568
372,505,568
377,508,568
481,509,568
512,542,568
525,568,667
528,568,703
534,568,708
539,568,816
540,568,819
542,568,820
545,568,821
568,570,839
568,589,78
223,568,593
315,568,606
458,568,617
568,622,682
568,632,811
568,633,812
568,657,845
568,662,846
10,568,667
127,568,682
132,568,703
134,568,708
144,568,759
568,593,763
568,606,764
568,771,824
153,568,776
271,568,777
475,568,790
568,662,795
568,811,835
568,812,836
224,568,816
264,568,819
291,568,820
540,568,821
568,764,823
568,6,824
421,568,828
473,568,831
568,763,834
568,823,835
568,836,849
290,568,837
301,568,839
528,568,841
568,589,845
568,593,846
568,777,848
568,823,849
2,570,828
14,570,6
127,14,570
26,364,570
365,44,570
499,570,80
534,570,98
127,568,570
132,570,657
235,570,836
26,264,570
291,570,98
132,301,570
306,366,570
360,372,570
364,377,570
365,570,633
366,570,682
370,570,743
377,570,778
475,570,811
499,570,812
505,570,6
306,534,570
360,539,570
370,542,570
475,568,570
505,570,633
539,570,657
542,570,682
570,708,763
570,743,790
570,763,795
570,764,849
44,570,777
235,570,778
570,790,839
570,795,842
570,809,849
14,570,811
570,708,812
570,809,828
2,570,836
570,80,837
570,839,98
301,570,842
306,570,849
360,573,nan
2,366,573
370,573,6
407,573,7
14,472,573
20,473,573
26,475,573
476,573,75
499,573,98
127,528,573
132,549,573
134,551,573
143,573,597
144,573,601
153,573,613
202,573,743
223,573,776
224,573,809
235,573,834
240,573,848
264,573,75
240,271,573
290,309,573
291,481,573
301,483,573
306,490,573
309,504,573
316,554,573
360,573,591
364,573,606
365,573,612
366,573,667
370,573,703
372,573,708
377,573,759
407,573,819
465,573,823
127,468,573
132,472,573
134,473,573
143,475,573
153,476,573
271,483,573
301,490,573
306,499,573
316,501,573
364,504,573
365,505,573
465,508,573
509,525,573
512,545,573
525,573,682
528,573,777
534,573,778
540,573,790
542,573,795
545,573,811
549,573,816
551,573,820
553,573,821
554,573,826
559,573,831
567,573,836
573,591,842
20,573,597
26,573,601
202,573,606
223,573,610
224,573,612
508,573,613
540,573,616
573,622,775
573,630,841
573,649,849
573,662,852
14,573,667
573,682,98
144,573,703
290,573,708
534,573,759
542,573,775
573,616,776
573,662,777
356,573,778
377,573,790
512,573,795
567,573,809
573,630,811
573,816,835
573,6,819
10,573,820
291,573,821
573,649,824
2,573,826
573,610,828
573,7,831
501,573,834
553,573,836
573,828,841
573,834,842
573,842,848
573,849,nan
2,573,852
134,588,nan
235,588,6
240,588,7
10,264,588
14,360,588
26,366,588
370,44,588
372,588,69
464,588,77
491,588,79
498,588,80
504,588,98
127,540,588
132,551,588
134,553,588
135,588,597
143,588,601
144,588,606
153,588,617
223,588,632
224,588,662
225,588,775
235,588,837
240,588,840
264,588,69
290,588,77
309,588,80
127,315,588
132,316,588
153,356,588
359,512,588
360,559,588
364,588,612
365,588,657
366,588,708
370,588,771
372,588,778
377,588,795
421,588,834
458,588,841
464,588,845
465,588,847
470,588,848
10,472,588
14,473,588
26,476,588
144,481,588
315,490,588
364,491,588
498,539,588
499,542,588
501,545,588
504,549,588
505,588,591
508,588,593
509,588,6
44,512,588
539,588,79
316,540,588
505,549,588
509,551,588
553,588,763
559,588,764
588,591,777
588,593,790
588,597,809
588,601,816
588,606,819
588,612,829
224,588,613
225,588,616
356,588,617
421,588,622
465,588,630
481,588,632
508,588,649
588,657,839
588,662,842
588,667,846
588,708,849
588,743,852
588,7,759
588,763,98
309,588,764
359,588,771
473,588,775
490,588,776
588,667,777
588,778,820
588,790,823
588,795,835
290,588,809
377,588,816
476,588,819
483,588,820
588,823,831
365,588,824
588,622,829
588,759,831
588,834,nan
588,630,835
588,776,837
472,588,839
2,588,840
588,743,841
588,790,842
470,588,845
490,588,846
499,588,848
501,588,849
504,588,852
505,589,nan
2,512,589
539,589,7
10,540,589
20,549,589
551,589,75
554,589,77
559,589,78
589,610,79
589,622,80
127,589,657
132,589,662
134,589,667
135,589,708
144,589,764
202,589,771
223,589,777
224,589,811
225,589,816
235,589,839
240,589,843
264,589,77
240,291,589
290,301,589
301,316,589
360,407,589
364,464,589
365,465,589
366,470,589
370,472,589
372,483,589
377,499,589
407,509,589
421,520,589
458,553,589
464,589,763
465,589,831
468,589,80
223,470,589
235,472,589
264,476,589
291,483,589
365,499,589
370,505,589
468,508,589
509,542,589
512,568,589
520,589,703
525,589,743
528,589,778
539,589,809
540,589,820
542,589,821
545,589,842
549,589,846
551,589,848
553,589,849
554,589,nan
10,568,589
589,593,75
589,601,78
589,606,79
316,589,610
360,589,616
589,632,819
589,657,847
589,662,7
20,589,667
132,589,682
134,589,703
144,589,743
525,589,763
589,593,764
589,601,771
589,6,775
364,589,777
377,589,778
458,589,795
589,809,823
589,811,836
589,816,841
202,589,819
366,589,820
372,589,821
589,682,823
589,831,845
589,835,852
127,589,836
224,589,839
545,589,840
589,606,841
421,589,842
465,589,843
589,616,845
589,632,846
589,682,847
589,775,848
589,835,849
589,840,852
143,591,nan
291,591,6
309,591,7
10,315,591
14,377,591
26,470,591
44,505,591
508,591,69
512,591,75
525,591,78
528,591,80
127,549,591
132,553,591
134,588,591
143,591,610
153,591,649
223,591,682
235,591,842
291,591,843
306,591,6
360,591,80
370,591,98
127,372,591
132,377,591
235,470,591
316,505,591
508,573,591
512,591,617
525,591,708
528,591,764
545,591,771
549,591,778
553,591,816
559,591,829
573,591,836
588,591,840
591,597,75
360,591,601
559,591,610
591,597,612
591,612,616
591,617,812
591,622,820
591,630,821
591,633,848
44,591,649
591,657,78
372,591,662
591,622,667
591,682,777
591,703,823
591,708,837
591,743,nan
134,591,764
370,591,771
591,601,777
591,616,778
591,630,790
591,795,846
591,809,847
591,811,849
591,69,812
153,591,816
591,662,820
591,667,821
591,795,823
591,828,835
306,591,829
591,633,835
591,703,836
14,591,839
44,591,840
223,591,842
235,591,843
591,809,846
591,811,847
591,790,848
591,828,849
592,6,829
592,7,831
10,592,834
26,316,592
366,44,592
370,592,69
377,592,75
470,592,77
490,592,80
127,551,592
132,592,610
144,592,657
202,592,775
223,592,790
235,592,843
290,592,845
291,592,847
301,592,848
306,44,592
144,315,592
235,316,592
301,356,592
360,592,667
364,592,708
365,592,743
366,592,764
370,592,776
372,592,823
377,592,7
26,421,592
464,592,69
472,592,80
224,473,592
290,476,592
356,490,592
360,491,592
498,542,592
499,545,592
501,592,616
504,592,632
505,592,649
508,592,682
10,509,592
540,592,75
202,545,592
359,551,592
372,553,592
421,592,601
473,592,610
491,592,613
592,616,771
592,632,835
592,649,837
592,657,842
127,592,662
132,592,667
291,592,682
315,592,708
476,592,743
553,592,759
592,601,763
592,764,777
592,771,820
306,592,775
364,592,776
365,592,777
499,592,778
501,592,790
505,592,809
592,811,841
592,812,846
498,592,819
508,592,820
592,778,823
592,826,839
592,829,852
592,6,831
504,592,834
592,763,835
592,837,849
592,839,852
223,592,841
464,592,842
470,592,843
592,812,845
592,826,846
472,592,847
592,809,848
592,811,849
592,812,852
144,593,nan
223,593,7
10,234,593
20,235,593
372,44,593
377,593,69
464,593,75
512,593,98
127,554,593
132,559,593
134,568,593
144,593,682
153,593,708
202,593,776
223,593,795
224,593,821
225,593,823
234,593,824
235,593,845
240,593,846
224,264,593
271,360,593
290,364,593
291,366,593
309,473,593
315,480,593
359,520,593
360,551,593
364,593,630
365,593,632
366,593,657
370,593,777
372,593,790
377,593,809
421,593,819
464,593,820
465,593,839
470,593,849
127,472,593
271,473,593
290,475,593
291,476,593
470,481,593
483,491,593
490,498,593
491,501,593
498,540,593
499,549,593
501,588,593
504,593,612
505,593,616
508,593,622
509,593,7
20,512,593
264,520,593
475,528,593
534,593,649
540,593,743
542,593,759
549,593,826
551,593,837
554,593,841
559,593,843
568,593,848
588,593,852
589,593,nan
593,601,69
134,593,606
240,593,610
499,593,612
589,593,616
593,617,842
26,593,622
309,593,630
370,593,633
472,593,649
508,593,657
542,593,662
593,667,764
593,682,771
593,708,847
153,593,743
225,593,759
593,763,778
593,764,828
593,75,771
476,593,775
504,593,776
505,593,777
528,593,778
534,593,790
593,763,795
593,809,834
10,593,811
481,593,820
593,606,821
593,610,823
593,811,824
44,593,826
465,593,828
593,6,829
593,834,98
132,593,837
490,593,839
593,667,840
483,593,841
593,601,842
593,662,843
593,667,845
593,682,846
593,775,847
593,776,848
593,633,849
593,667,852
597,682,nan
2,597,703
597,6,759
10,597,776
14,597,816
20,597,819
134,26,597
135,597,69
144,597,75
472,597,77
475,597,78
505,597,79
508,597,80
539,597,98
127,573,597
134,591,597
135,597,630
143,597,834
144,597,836
153,597,837
202,597,839
223,597,841
225,597,843
202,264,597
271,316,597
290,356,597
301,370,597
309,483,597
315,504,597
316,588,597
356,597,610
360,597,612
364,597,613
366,597,771
370,597,795
372,597,821
377,597,824
458,597,nan
464,597,6
465,597,75
470,597,98
143,472,597
309,473,597
360,475,597
364,476,597
377,480,597
473,481,597
483,498,597
490,499,597
491,509,597
498,551,597
499,597,622
501,597,632
504,597,657
505,597,667
508,597,790
224,509,597
271,520,597
290,528,597
458,534,597
480,539,597
481,549,597
551,597,809
554,597,820
573,597,828
588,597,846
591,597,848
597,610,78
597,612,79
597,613,845
597,622,852
2,597,630
597,632,77
127,597,657
372,597,667
490,597,703
597,759,777
14,597,771
225,597,776
301,597,777
465,597,778
20,597,790
223,597,795
315,597,809
366,597,816
554,597,819
597,778,820
597,821,826
597,823,829
597,69,824
464,597,826
470,597,828
520,597,829
597,823,834
10,597,836
491,597,837
534,597,839
549,597,841
528,597,842
26,597,843
501,597,845
597,846,849
597,80,848
153,597,849
223,597,852
224,601,nan
2,235,601
240,6,601
290,601,7
10,291,601
14,301,601
20,306,601
26,356,601
421,44,601
465,601,75
473,601,77
476,601,78
520,601,79
534,601,80
542,601,98
127,553,601
132,567,601
134,593,601
143,601,616
144,601,703
202,601,777
223,601,816
224,601,828
235,601,846
240,601,847
290,601,849
291,601,852
301,601,nan
2,306,601
309,6,601
315,601,7
356,601,80
360,475,601
364,499,601
365,501,601
366,504,601
370,539,601
372,589,601
377,591,601
421,601,823
134,458,601
143,464,601
144,465,601
309,470,601
315,472,601
360,473,601
365,475,601
366,476,601
472,481,601
490,505,601
491,528,601
498,545,601
499,559,601
501,592,601
504,601,630
505,601,632
509,601,98
127,520,601
470,528,601
534,601,657
539,601,682
540,601,708
545,601,778
549,601,790
551,601,811
553,601,820
554,601,831
559,601,834
567,601,845
20,573,601
44,588,601
589,601,75
591,601,78
223,592,601
370,593,601
481,601,610
491,601,612
573,601,616
601,617,77
549,601,630
601,610,632
601,612,633
601,622,649
601,657,812
601,662,819
601,682,821
601,703,836
601,708,843
26,601,743
601,69,759
601,763,79
202,601,764
316,601,771
364,601,775
377,601,776
540,601,777
601,633,778
601,763,790
601,795,824
601,809,839
601,811,842
498,601,812
601,649,819
601,771,820
601,776,821
601,823,835
14,601,824
601,759,828
601,809,831
601,834,841
372,601,835
601,764,836
554,601,839
601,662,841
601,842,848
601,843,852
551,601,845
554,601,846
132,601,847
144,601,848
202,601,849
224,601,852
225,606,nan
2,240,606
291,606,7
10,301,606
14,306,606
20,309,606
26,370,606
44,473,606
475,606,69
480,606,75
481,606,77
490,606,78
496,606,79
501,606,80
525,606,98
127,567,606
132,568,606
134,606,610
135,606,790
143,606,846
144,606,847
153,606,849
202,606,852
223,606,nan
2,224,606
225,6,606
10,240,606
223,264,606
290,315,606
291,360,606
301,372,606
306,377,606
309,499,606
315,505,606
316,559,606
356,606,612
360,606,622
364,606,632
365,606,662
366,606,703
370,606,816
372,606,826
377,606,828
421,606,835
135,458,606
143,465,606
224,470,606
366,473,606
458,475,606
470,476,606
480,491,606
481,504,606
483,509,606
490,512,606
491,539,606
496,540,606
498,553,606
499,573,606
501,593,606
504,606,633
505,606,682
508,606,759
132,509,606
356,512,606
421,525,606
528,542,606
534,606,667
539,606,815
540,606,841
26,542,606
134,545,606
290,549,606
316,551,606
528,554,606
545,559,606
567,606,763
573,606,7
14,588,606
476,606,610
508,606,612
534,606,622
551,606,630
589,606,632
606,633,829
606,649,836
606,662,843
44,606,667
606,682,69
606,703,75
606,708,80
127,606,759
588,606,763
606,649,764
20,606,775
144,606,776
153,606,777
364,606,778
465,606,790
606,795,812
606,809,840
606,77,811
202,606,812
606,778,815
606,811,816
365,606,819
549,606,820
554,606,821
606,777,823
606,820,824
606,823,826
606,828,842
606,821,831
606,835,845
606,776,836
606,708,840
606,795,841
606,809,842
483,606,843
606,630,845
606,824,846
606,831,847
606,847,849
6,606,852
223,610,nan
2,224,610
301,6,610
315,610,7
10,316,610
14,364,610
20,365,610
44,472,610
476,610,69
481,610,75
499,610,77
512,610,78
525,610,79
539,610,80
549,610,98
127,591,610
134,601,610
143,606,610
223,610,633
224,610,743
225,610,778
240,610,812
290,610,826
301,610,831
306,610,834
309,610,840
315,610,841
316,610,842
356,610,843
360,610,846
364,610,847
365,610,848
366,610,849
370,610,852
10,377,610
20,407,610
240,465,610
290,468,610
306,472,610
370,473,610
465,475,610
468,476,610
473,480,610
480,481,610
483,501,610
490,504,610
491,505,610
496,508,610
499,540,610
501,542,610
504,559,610
505,589,610
508,597,610
143,509,610
366,512,610
372,520,610
509,525,610
528,554,610
534,593,610
540,610,759
542,610,776
545,610,777
549,610,795
551,610,816
554,610,823
559,610,836
2,573,610
589,610,7
591,610,75
592,610,77
490,593,610
491,597,610
545,601,610
551,606,610
610,617,815
610,622,828
610,630,845
6,610,632
44,610,633
356,610,649
458,610,657
520,610,662
610,630,667
610,682,809
610,703,819
610,743,829
610,759,78
132,610,771
134,610,776
528,610,777
534,610,778
573,610,790
610,649,795
610,662,809
610,682,811
610,703,812
610,811,815
610,816,98
309,610,819
475,610,820
610,790,821
26,610,823
360,610,826
610,69,829
610,79,831
610,80,834
496,610,836
610,821,837
127,610,840
14,610,841
610,820,842
610,667,843
610,632,845
610,657,846
610,703,847
610,771,848
610,837,849
496,6,612
498,612,7
10,499,612
14,501,612
20,504,612
26,505,612
44,508,612
509,612,69
520,612,75
528,612,77
534,612,78
539,612,79
540,612,80
559,612,98
127,588,612
134,612,616
135,612,812
144,612,69
223,612,75
224,612,77
225,612,79
240,612,80
225,264,612
240,290,612
301,315,612
306,365,612
309,407,612
315,542,612
316,573,612
356,597,612
359,612,682
360,612,759
364,612,764
365,612,771
370,612,819
372,612,845
377,44,612
372,407,612
464,612,823
465,612,841
143,468,612
264,470,612
301,472,612
465,473,612
470,475,612
472,476,612
481,512,612
490,551,612
491,554,612
496,612,703
498,612,790
499,612,809
501,612,811
505,612,816
508,612,820
364,509,612
464,512,612
520,612,667
528,612,708
534,612,743
539,612,828
540,612,846
542,612,848
545,612,nan
2,551,612
554,6,612
559,612,7
10,567,612
26,573,612
132,588,612
223,591,612
224,593,612
316,597,612
377,601,612
473,606,612
593,612,616
612,617,849
612,630,852
612,632,78
134,612,633
290,612,649
309,612,667
356,612,682
475,612,703
481,612,708
612,630,743
612,759,776
612,764,836
144,612,771
483,612,775
612,632,776
612,777,795
612,790,98
306,612,795
370,612,811
567,612,812
612,815,829
601,612,816
606,612,819
612,820,831
127,612,821
135,612,823
144,612,826
360,612,828
20,612,829
468,612,831
472,612,836
475,612,841
476,612,845
612,821,846
612,7,848
10,612,849
612,633,852
6,613,662
613,7,847
10,356,613
496,613,75
520,613,78
573,613,98
132,588,613
134,613,841
143,224,613
153,465,613
224,480,613
234,6,613
356,475,613
364,508,613
372,542,613
464,613,848
465,613,98
134,472,613
473,481,613
475,499,613
480,597,613
132,481,613
234,491,613
372,496,613
499,592,613
508,613,78
464,520,613
525,613,845
20,540,613
271,542,613
472,573,613
491,588,613
592,613,75
143,597,613
225,613,662
525,613,841
613,7,845
10,613,847
20,613,848
202,616,nan
2,225,616
10,290,616
14,365,616
20,470,616
26,496,616
44,501,616
504,616,69
525,616,75
534,616,77
539,616,78
559,616,80
132,573,616
143,616,649
153,616,743
202,616,778
224,616,815
225,616,820
234,616,821
235,616,847
235,264,616
271,356,616
290,360,616
301,377,616
306,465,616
309,591,616
315,593,616
316,601,616
356,616,657
360,616,764
365,616,795
370,616,834
14,377,616
224,458,616
234,465,616
301,470,616
458,476,616
480,481,616
481,499,616
483,505,616
490,540,616
491,542,616
496,616,771
498,616,809
499,616,811
501,616,816
504,616,824
505,616,826
512,616,829
517,616,836
525,616,840
534,616,841
539,616,842
540,616,843
542,616,846
2,553,616
10,559,616
20,567,616
573,616,75
588,616,77
589,616,80
132,591,616
370,592,616
480,593,616
491,601,616
498,612,616
517,616,649
567,616,657
588,616,667
616,682,775
616,743,831
264,616,764
309,616,771
315,616,775
512,616,776
592,616,777
616,682,778
616,795,823
616,809,828
44,616,811
616,79,812
134,616,815
271,616,816
490,616,820
616,777,821
616,823,845
616,78,824
153,616,826
306,616,828
309,616,829
316,616,831
589,616,835
616,836,852
616,69,840
616,841,848
616,842,852
616,843,nan
616,776,845
616,667,846
616,820,847
10,616,848
20,616,852
234,617,nan
316,6,617
365,617,7
10,366,617
528,617,75
539,617,77
540,617,78
567,617,80
568,617,98
127,601,617
132,612,617
134,617,743
143,617,80
144,617,98
144,153,617
224,360,617
225,377,617
234,490,617
235,499,617
240,508,617
291,542,617
315,591,617
316,610,617
356,617,667
360,617,775
364,617,812
365,617,815
366,617,816
370,617,843
372,617,848
377,617,75
407,491,617
458,617,682
490,617,840
491,617,842
499,617,847
505,617,852
508,520,617
512,525,617
520,617,849
525,617,7
10,528,617
20,534,617
44,539,617
540,617,77
134,542,617
153,559,617
225,567,617
235,568,617
370,591,617
505,593,617
407,610,617
534,612,617
617,667,78
143,617,682
224,617,743
588,617,775
617,812,841
617,815,845
240,617,816
291,617,840
315,617,841
364,617,842
559,617,843
6,617,845
617,7,847
132,617,848
134,617,849
593,617,852
601,622,nan
2,622,633
6,622,649
622,667,7
10,622,763
14,622,811
20,622,815
26,407,622
44,475,622
480,622,69
498,622,75
509,622,77
517,622,78
528,622,79
551,622,80
567,622,98
127,597,622
132,606,622
134,622,632
135,622,816
143,225,622
144,235,622
153,301,622
202,306,622
223,315,622
224,316,622
225,356,622
235,370,622
240,372,622
264,472,622
301,481,622
306,501,622
315,554,622
316,589,622
356,622,662
360,622,820
365,622,835
370,622,839
372,622,846
421,622,80
458,490,622
465,499,622
470,508,622
472,520,622
473,534,622
475,540,622
476,588,622
480,622,657
490,622,775
496,622,778
498,622,812
499,622,821
501,622,823
505,622,824
508,622,828
465,509,622
505,512,622
520,610,622
525,622,759
528,622,771
534,622,790
539,622,840
540,622,842
542,622,847
551,622,849
553,6,622
554,622,7
559,622,77
127,568,622
144,573,622
153,588,622
202,589,622
360,591,622
421,593,622
458,597,622
470,601,622
496,606,622
525,610,622
568,622,632
622,633,831
622,649,841
622,657,848
622,662,nan
26,622,667
44,622,682
143,622,703
223,622,708
473,622,743
539,622,759
559,622,763
591,622,764
622,682,771
14,622,775
132,622,776
135,622,778
224,622,790
542,622,795
593,622,809
622,776,811
622,795,812
622,809,815
622,816,829
10,622,819
20,622,820
622,75,821
622,823,98
377,622,824
622,826,837
622,828,845
240,622,829
315,622,831
512,622,836
540,622,837
134,622,839
622,840,852
553,622,841
554,622,842
476,622,843
622,708,845
2,622,846
20,622,847
44,622,848
622,69,849
622,75,852
135,630,nan
2,223,630
271,6,630
316,630,7
10,360,630
14,407,630
20,421,630
44,464,630
465,630,69
468,630,77
472,630,78
553,630,80
588,630,98
127,606,630
132,630,667
134,630,759
135,630,819
143,483,630
223,593,630
224,597,630
225,630,790
235,630,848
240,630,849
264,364,630
271,365,630
291,370,630
301,490,630
306,498,630
309,525,630
315,528,630
316,591,630
360,601,630
364,630,662
365,630,682
366,630,743
370,630,820
2,372,630
377,630,77
127,421,630
132,464,630
134,465,630
224,468,630
225,472,630
473,476,630
475,504,630
476,512,630
480,517,630
481,539,630
483,542,630
490,559,630
491,610,630
496,612,630
498,630,778
501,630,815
504,630,816
505,630,821
240,512,630
475,517,630
481,525,630
528,549,630
542,630,708
549,630,809
551,630,812
553,630,823
559,630,835
10,573,630
588,630,69
143,591,630
235,593,630
264,597,630
366,601,630
480,606,630
630,662,776
630,667,811
630,682,824
630,703,841
630,708,852
20,630,743
44,630,759
301,630,763
372,630,771
501,630,776
630,777,831
630,778,836
630,790,840
630,809,842
630,811,843
630,812,nan
6,630,815
630,7,816
377,630,819
473,630,820
551,630,821
573,630,823
630,824,845
14,630,831
630,78,835
630,836,98
309,630,840
505,630,841
291,630,842
306,630,843
315,630,845
365,630,848
366,630,849
370,630,852
372,632,nan
2,377,632
464,6,632
10,472,632
14,473,632
20,476,632
44,504,632
505,632,69
508,632,75
512,632,77
549,632,78
588,632,79
593,632,98
127,610,632
132,632,743
134,632,764
143,470,632
144,490,632
153,542,632
202,592,632
223,601,632
224,622,632
225,632,649
234,632,777
240,632,824
264,316,632
271,364,632
290,365,632
291,468,632
301,496,632
306,517,632
309,520,632
315,567,632
316,597,632
356,606,632
360,632,662
364,632,778
365,632,790
370,632,845
372,632,849
377,632,78
458,551,632
464,553,632
465,559,632
153,468,632
225,470,632
234,472,632
458,473,632
475,525,632
476,540,632
480,632,771
490,632,816
491,632,820
498,632,837
499,632,839
501,632,843
504,632,848
20,505,632
481,508,632
498,512,632
520,632,776
525,632,819
540,632,826
542,632,835
549,632,836
551,632,842
553,632,846
554,632,847
559,632,852
567,632,nan
2,568,632
588,6,632
127,589,632
224,592,632
264,593,632
271,597,632
290,601,632
306,606,632
309,610,632
501,612,632
554,622,632
632,649,821
632,662,823
632,703,828
632,743,77
240,632,763
360,632,764
568,632,776
612,632,777
44,632,778
632,69,790
632,75,795
132,632,811
134,632,812
202,632,815
301,632,816
356,632,819
499,632,820
632,795,821
632,811,823
632,812,824
10,632,826
14,632,828
632,829,98
291,632,835
465,632,836
475,632,837
491,632,839
143,632,840
315,632,842
370,632,843
632,703,845
223,632,846
225,632,847
240,632,848
144,632,849
589,632,852
2,633,771
6,633,775
633,7,776
10,633,777
14,633,812
44,633,815
633,69,820
633,75,828
633,77,842
10,633,78
633,75,80
633,78,98
127,153,633
132,202,633
134,224,633
143,498,633
144,504,633
153,554,633
202,593,633
223,606,633
224,633,826
225,633,831
234,633,835
235,6,633
240,44,633
264,356,633
271,370,633
291,470,633
301,501,633
306,508,633
309,528,633
315,549,633
316,622,633
356,633,790
360,633,824
364,633,845
365,633,846
366,633,848
2,370,633
14,372,633
377,633,80
240,421,633
458,509,633
464,534,633
465,539,633
470,559,633
473,568,633
475,570,633
476,633,77
132,480,633
225,481,633
234,490,633
291,491,633
309,496,633
316,498,633
366,499,633
464,501,633
473,504,633
480,505,633
490,508,633
491,509,633
512,551,633
517,633,811
528,633,819
534,633,823
539,633,839
540,633,847
542,633,852
545,633,7
549,633,69
134,551,633
235,559,633
264,567,633
271,568,633
301,570,633
372,591,633
481,593,633
499,601,633
540,606,633
542,610,633
545,612,633
591,622,633
610,633,771
612,633,775
633,776,778
633,777,843
127,633,778
306,633,790
364,633,809
458,633,811
601,633,812
290,633,815
505,633,819
512,633,820
633,823,834
223,633,824
421,633,826
475,633,828
567,633,829
633,831,849
143,633,834
315,633,835
365,633,839
377,633,841
633,841,842
633,843,98
127,633,845
476,633,847
480,633,848
481,633,849
496,633,852
498,649,nan
2,499,649
505,6,649
509,649,7
10,525,649
20,528,649
26,534,649
44,539,649
540,649,69
549,649,75
567,649,77
127,592,649
132,616,649
134,622,649
143,649,759
144,649,771
153,649,776
202,649,815
223,649,824
225,649,834
234,649,836
20,235,649
240,26,649
271,465,649
290,470,649
291,473,649
301,508,649
306,520,649
309,573,649
315,601,649
316,606,649
360,649,828
364,649,831
366,649,835
372,6,649
127,377,649
235,458,649
290,464,649
301,468,649
306,470,649
309,472,649
468,473,649
472,475,649
476,490,649
480,649,764
481,649,778
490,649,809
491,649,816
498,649,819
499,649,820
491,508,649
509,554,649
517,632,649
520,649,821
525,649,837
528,649,839
534,649,840
539,649,841
540,649,845
2,542,649
240,573,649
360,588,649
588,591,649
592,649,842
593,649,848
132,601,649
143,606,649
593,610,649
612,649,811
10,616,649
622,649,75
153,632,649
202,649,759
224,649,764
364,649,771
475,649,776
476,649,777
542,649,778
610,649,790
612,649,795
649,809,852
144,649,811
234,649,815
315,649,816
366,649,819
377,649,820
481,649,821
649,823,nan
356,649,824
464,649,828
591,649,829
649,790,831
649,69,834
134,649,835
225,649,836
316,649,837
372,649,839
649,840,849
6,649,841
480,649,842
481,649,845
223,649,848
224,649,849
225,649,852
365,657,nan
2,370,657
44,520,657
525,657,69
534,657,75
588,657,77
589,657,78
597,657,79
601,657,80
127,657,777
132,657,778
134,657,790
143,499,657
144,553,657
153,591,657
202,657,812
223,657,815
224,657,816
225,657,819
306,657,823
309,657,846
315,657,849
2,316,657
132,356,657
134,364,657
153,365,657
202,366,657
225,372,657
315,377,657
458,539,657
465,567,657
470,568,657
475,657,831
476,657,840
480,657,78
306,481,657
366,490,657
377,491,657
498,512,657
499,570,657
504,593,657
505,622,657
508,528,657
512,657,824
520,657,828
525,657,834
528,657,835
534,657,839
539,657,845
542,657,69
144,545,657
224,553,657
316,554,657
458,567,657
505,568,657
570,657,842
364,589,657
591,610,657
592,616,657
593,657,809
597,657,826
372,601,657
504,610,657
657,777,852
20,657,778
44,657,790
127,657,809
309,657,812
465,657,815
470,657,816
542,657,819
657,821,nan
657,77,823
657,80,824
356,657,826
657,821,828
481,657,831
554,657,834
657,835,847
657,75,839
491,657,840
498,657,841
545,657,842
554,657,845
475,657,846
480,657,847
476,657,848
491,657,849
499,657,852
508,662,nan
534,6,662
540,662,7
14,545,662
20,567,662
26,592,662
44,593,662
601,662,69
613,662,75
622,662,77
630,662,78
632,662,79
662,764,80
662,775,98
127,662,776
132,662,777
134,662,778
143,505,662
144,520,662
202,573,662
223,610,662
224,662,834
225,662,835
240,662,845
291,480,662
301,517,662
306,553,662
309,559,662
315,606,662
316,662,771
356,662,809
359,662,811
360,662,831
364,662,846
365,662,847
366,662,852
370,662,nan
20,372,662
134,377,662
407,465,662
458,568,662
464,662,812
465,662,815
202,468,662
291,470,662
470,473,662
473,476,662
480,490,662
481,496,662
483,499,662
490,528,662
491,588,662
496,662,842
498,662,843
499,662,7
26,505,662
508,512,662
512,539,662
517,662,790
520,662,819
525,662,820
528,662,821
534,662,829
539,6,662
14,540,662
264,542,662
356,545,662
360,549,662
458,551,662
481,553,662
491,554,662
559,591,662
567,662,840
132,568,662
301,573,662
359,588,662
365,589,662
591,662,795
592,662,823
593,662,839
364,601,662
370,606,662
483,610,662
143,613,662
224,622,662
306,630,662
315,632,662
589,662,771
662,69,775
309,662,776
366,662,777
662,778,837
662,790,841
662,795,98
144,662,809
225,662,811
240,662,812
372,662,815
464,662,816
468,662,819
554,662,820
662,821,824
662,823,836
662,75,824
662,78,828
127,662,829
223,662,831
316,662,834
356,662,835
44,662,836
551,662,837
662,839,849
10,662,840
44,662,841
662,69,842
662,80,843
377,662,845
662,828,846
2,662,847
14,662,848
662,77,849
662,80,852
235,667,nan
2,290,667
306,6,667
464,667,7
10,475,667
14,490,667
20,491,667
44,540,667
542,667,69
553,667,75
559,667,77
567,667,78
589,667,79
597,667,98
127,612,667
132,617,667
134,667,809
144,667,812
202,667,821
223,667,831
224,667,835
225,667,839
235,26,667
240,667,69
264,534,667
290,549,667
291,551,667
301,573,667
306,616,667
309,667,764
315,667,776
316,667,777
356,667,828
359,667,840
360,667,841
364,667,849
365,667,852
366,667,nan
370,6,667
372,44,667
144,377,667
458,606,667
464,667,819
465,667,824
223,468,667
316,472,667
475,505,667
476,525,667
480,539,667
481,593,667
490,667,811
491,667,815
496,667,845
499,667,846
2,501,667
504,667,75
505,667,77
472,508,667
501,512,667
508,520,667
525,545,667
534,667,759
539,667,820
540,667,78
301,542,667
359,545,667
483,549,667
551,622,667
553,667,834
554,667,836
559,667,98
127,567,667
202,568,667
264,573,667
364,588,667
370,589,667
591,630,667
592,667,775
593,667,829
597,667,79
470,606,667
496,610,667
504,612,667
616,667,778
617,667,847
134,630,667
291,667,759
512,667,764
520,667,775
554,667,776
667,777,790
667,778,823
667,790,842
667,795,843
20,667,809
224,667,811
225,667,812
240,667,815
309,667,816
465,667,819
588,667,820
10,667,821
667,80,823
132,667,824
365,667,828
372,667,829
568,667,831
592,667,834
366,667,835
473,667,836
356,667,839
481,667,840
365,667,842
377,667,843
14,667,845
20,667,846
44,667,847
481,667,852
483,682,nan
2,490,682
491,6,682
496,682,7
10,498,682
20,505,682
44,528,682
539,682,69
540,682,77
551,682,78
554,682,80
570,682,98
127,682,771
132,682,775
143,472,682
144,597,682
202,606,682
223,612,682
224,617,682
225,630,682
235,682,77
240,682,98
264,475,682
290,476,682
291,499,682
301,520,682
306,525,682
309,568,682
315,622,682
316,682,764
356,682,821
359,682,823
360,682,837
364,682,852
365,682,nan
2,366,682
10,370,682
372,682,80
202,377,682
407,480,682
421,593,682
458,601,682
464,682,824
465,682,840
470,682,846
472,682,78
475,508,682
476,545,682
480,549,682
481,553,682
483,559,682
490,567,682
491,592,682
496,682,835
498,682,842
499,682,843
501,682,848
223,504,682
225,505,682
508,534,682
512,589,682
520,682,763
525,682,776
528,682,809
534,682,811
20,539,682
44,540,682
235,542,682
377,545,682
464,549,682
465,551,682
473,553,682
501,554,682
504,559,682
567,682,778
568,682,790
570,682,795
290,573,682
291,589,682
573,591,682
592,682,834
593,6,682
127,597,682
481,606,682
610,682,829
132,612,682
224,616,682
240,617,682
301,622,682
315,630,682
682,763,812
682,764,815
682,771,831
356,682,775
370,682,776
372,682,777
512,682,778
682,790,847
144,682,795
316,682,809
682,811,820
682,812,828
264,682,815
306,682,816
309,682,820
366,682,821
542,682,823
616,682,824
682,828,841
682,7,829
360,682,831
365,682,834
364,682,835
470,682,837
591,682,839
610,682,840
682,841,845
359,682,842
364,682,843
682,839,845
682,846,848
682,69,847
682,848,98
127,682,849
132,682,852
240,703,nan
2,291,703
372,6,703
470,7,703
10,481,703
20,512,703
26,520,703
44,542,703
545,69,703
554,703,75
589,703,77
591,703,78
703,777,80
703,778,98
127,703,790
132,703,795
134,703,811
143,508,703
144,551,703
202,703,823
224,703,839
225,703,840
235,703,78
127,240,703
264,490,703
290,499,703
291,501,703
301,534,703
306,559,703
315,630,703
316,632,703
356,703,708
364,703,809
365,703,834
366,703,836
370,703,846
26,372,703
224,377,703
407,468,703
458,567,703
465,703,842
225,468,703
290,470,703
356,472,703
473,483,703
475,568,703
476,703,815
235,480,703
264,481,703
301,483,703
365,490,703
366,491,703
407,496,703
465,499,703
473,501,703
475,504,703
505,525,703
508,539,703
512,553,703
520,703,771
525,703,775
528,703,776
534,703,820
539,703,843
540,703,849
542,6,703
10,545,703
14,549,703
551,69,703
553,703,75
554,703,77
132,559,703
134,567,703
315,568,703
316,573,703
458,589,703
591,597,703
597,703,98
202,601,703
504,606,703
505,610,703
540,612,703
601,622,703
606,630,703
632,703,816
703,708,831
144,703,764
377,703,771
464,703,775
703,764,776
703,777,812
703,778,821
703,790,852
20,703,795
44,703,809
472,703,811
2,703,815
364,703,816
573,703,819
622,703,820
703,821,837
703,823,841
703,828,847
370,703,829
491,703,831
703,819,834
703,829,836
703,837,nan
306,703,839
316,703,840
356,703,841
703,842,845
480,703,843
528,703,845
549,703,846
554,703,847
703,80,849
476,703,852
480,708,nan
2,481,708
483,6,708
491,7,708
10,496,708
20,534,708
26,539,708
44,551,708
553,69,708
567,708,75
592,708,77
601,708,78
708,759,79
708,763,80
708,776,98
127,708,795
132,708,809
134,708,812
135,708,821
143,512,708
144,708,815
153,708,824
202,708,828
223,708,834
224,708,840
225,708,841
234,708,842
235,708,79
132,240,708
264,549,708
271,630,708
290,708,843
291,708,848
301,708,849
306,708,75
309,708,77
134,315,708
144,316,708
202,356,708
359,525,708
360,570,708
364,708,777
365,708,811
366,708,837
370,708,847
143,372,708
153,377,708
458,589,708
464,708,829
2,465,708
234,470,708
240,472,708
473,490,708
223,480,708
271,481,708
306,483,708
360,490,708
365,491,708
470,496,708
498,568,708
499,588,708
501,612,708
504,708,819
505,708,831
508,540,708
512,593,708
520,708,778
525,708,790
528,708,820
534,7,708
10,539,708
540,69,708
316,542,708
472,545,708
504,549,708
553,708,839
14,554,708
44,567,708
135,568,708
235,570,708
291,573,708
464,589,708
591,622,708
592,708,771
26,593,708
473,601,708
475,606,708
505,612,708
520,622,708
573,630,708
703,708,846
6,708,759
224,708,771
264,708,776
465,708,777
508,708,778
606,708,790
708,795,836
225,708,809
309,708,811
315,708,812
359,708,815
364,708,819
591,708,820
708,821,845
708,823,852
290,708,824
370,708,828
377,708,829
708,831,98
301,708,834
554,708,835
708,78,836
127,708,837
499,708,839
708,823,840
542,708,841
356,708,842
372,708,843
464,708,845
501,708,846
528,708,847
534,708,848
540,708,849
542,708,852
549,743,nan
20,589,743
26,593,743
44,610,743
612,69,743
616,743,75
617,743,77
632,743,78
743,790,80
127,743,809
132,743,815
134,743,816
144,743,819
153,743,826
202,743,829
223,743,839
224,743,845
225,743,847
20,301,743
306,743,78
132,309,743
153,315,743
225,316,743
306,356,743
309,364,743
315,365,743
356,366,743
370,473,743
372,480,743
377,491,743
464,540,743
470,743,820
472,743,831
473,743,849
26,475,743
224,480,743
481,501,743
490,508,743
491,517,743
496,520,743
499,743,824
501,743,846
504,743,nan
127,505,743
496,508,743
512,588,743
517,743,777
520,743,812
525,743,821
528,743,828
534,743,842
539,743,77
134,540,743
372,542,743
476,545,743
528,549,743
551,601,743
559,743,841
364,570,743
365,573,743
465,588,743
470,589,743
591,743,823
592,743,835
464,601,743
490,610,743
512,612,743
616,69,743
617,743,80
481,622,743
370,630,743
475,632,743
525,743,777
559,743,778
591,743,809
622,743,812
505,743,815
534,743,816
539,743,819
573,743,820
743,821,834
202,743,823
301,743,824
472,743,826
542,743,828
551,743,829
545,743,831
377,743,834
144,743,839
316,743,841
499,743,842
743,845,852
743,846,nan
505,743,852
512,759,nan
539,6,759
545,7,759
10,573,759
14,588,759
20,593,759
26,597,759
44,606,759
649,69,759
75,759,776
759,77,778
759,78,809
759,79,841
759,80,842
759,843,98
127,759,846
132,759,852
134,759,nan
143,534,759
153,759,777
225,759,849
235,759,80
143,240,759
306,473,759
315,517,759
356,567,759
360,592,759
364,667,759
365,759,840
366,759,845
372,75,759
240,377,759
458,610,759
464,759,826
364,470,759
473,491,759
475,630,759
480,759,834
481,759,836
491,759,848
496,6,759
10,499,759
14,501,759
504,759,77
505,759,78
512,622,759
517,759,771
520,759,815
525,759,816
528,7,759
26,534,759
134,539,759
153,540,759
306,542,759
480,545,759
551,759,790
553,69,759
127,559,759
144,567,759
225,568,759
235,573,759
290,588,759
372,593,759
377,597,759
501,601,759
528,610,759
542,612,759
568,622,759
630,759,811
649,759,819
667,759,820
301,759,771
356,759,776
759,777,823
759,778,829
759,790,835
309,759,795
365,759,809
481,759,811
540,759,815
499,759,816
601,759,819
759,820,828
759,823,839
20,759,824
759,826,98
202,759,828
315,759,829
612,759,831
291,759,834
559,759,835
505,759,836
44,759,839
132,759,840
504,759,841
520,759,843
588,759,846
593,759,848
610,759,849
612,759,852
630,763,nan
2,708,763
10,763,795
14,763,819
20,763,847
44,553,763
554,69,763
622,75,763
763,79,842
763,80,nan
69,763,98
127,75,763
153,291,763
235,301,763
240,306,763
264,567,763
291,568,763
301,570,763
306,632,763
309,763,777
315,763,812
458,763,809
464,763,841
465,763,79
465,470,763
472,490,763
490,496,763
496,512,763
512,520,763
517,763,790
520,763,823
525,763,835
10,551,763
14,553,763
20,554,763
240,559,763
309,567,763
568,589,763
570,763,811
2,588,763
472,589,763
592,763,778
44,593,763
551,601,763
622,763,776
630,763,816
632,763,821
682,763,828
708,763,98
470,763,776
593,763,777
601,763,778
127,763,790
315,763,795
464,763,811
559,763,812
606,763,816
763,819,834
763,80,821
153,763,823
525,763,828
763,826,834
153,763,835
235,763,839
240,763,841
264,763,842
306,763,847
359,764,nan
2,473,764
480,6,764
481,7,764
20,496,764
591,75,764
616,764,79
682,764,80
703,764,98
127,764,812
132,764,816
134,764,821
202,764,836
224,764,848
240,764,nan
264,553,764
271,764,777
290,764,842
301,75,764
127,306,764
134,309,764
234,316,764
359,528,764
360,593,764
364,764,826
2,365,764
366,7,764
370,764,79
458,622,764
473,649,764
476,667,764
271,480,764
290,481,764
309,483,764
370,491,764
491,496,764
501,549,764
504,588,764
505,592,764
508,606,764
512,632,764
525,764,815
528,764,824
540,764,828
505,542,764
549,589,764
553,764,840
554,764,843
559,764,845
224,568,764
264,570,764
365,588,764
540,589,764
591,601,764
592,764,847
504,593,764
554,601,764
606,612,764
612,764,776
616,764,835
20,622,764
306,632,764
364,649,764
508,662,764
525,682,764
703,764,778
764,776,790
764,777,80
144,764,778
316,764,790
568,764,812
132,764,815
542,764,816
559,764,821
6,764,823
476,764,824
764,828,846
301,764,835
366,764,836
764,840,98
240,764,842
316,764,843
365,764,845
366,764,846
370,764,847
501,764,848
505,764,849
517,771,nan
2,528,771
540,6,771
551,7,771
10,554,771
14,591,771
20,601,771
44,612,771
616,69,771
649,75,771
703,77,771
759,771,78
771,790,98
127,771,811
132,771,820
134,771,828
144,771,831
202,771,837
223,771,843
224,771,nan
127,235,771
144,240,771
290,316,771
301,356,771
306,372,771
309,496,771
315,632,771
316,633,771
356,682,771
359,708,771
360,771,842
364,7,771
365,44,771
366,69,771
370,75,771
132,372,771
223,377,771
224,464,771
235,465,771
240,468,771
365,470,771
370,472,771
473,498,771
475,771,778
476,771,795
290,480,771
309,481,771
472,490,771
480,491,771
481,496,771
499,553,771
504,567,771
505,568,771
508,588,771
512,662,771
517,771,849
301,520,771
306,525,771
359,528,771
377,534,771
465,540,771
508,542,771
512,545,771
549,597,771
551,630,771
553,771,824
554,771,834
559,771,848
567,771,852
534,568,771
588,771,823
589,771,839
591,771,847
592,6,771
10,593,771
597,77,771
476,601,771
499,610,771
559,612,771
616,771,809
622,771,812
630,771,815
632,771,845
315,633,771
468,649,771
610,682,771
703,771,821
202,708,771
360,759,771
473,771,778
505,771,790
545,771,795
592,771,809
490,771,811
20,771,812
364,771,815
464,771,820
491,771,821
593,771,823
622,771,824
475,771,834
476,771,835
549,771,837
771,839,846
2,771,841
771,842,98
504,771,843
520,771,845
542,771,846
470,771,847
473,771,848
771,78,849
771,852,98
264,775,nan
2,316,775
377,6,775
472,7,775
10,483,775
20,540,775
44,554,775
559,69,775
573,75,775
616,77,775
617,775,78
633,775,98
127,662,775
132,775,821
134,775,836
144,775,840
153,775,842
202,775,846
224,6,775
10,225,775
20,234,775
132,235,775
153,240,775
264,568,775
271,775,834
290,775,841
2,291,775
134,306,775
144,309,775
224,315,775
271,316,775
309,356,775
360,464,775
366,473,775
372,501,775
377,504,775
464,775,831
202,465,775
366,470,775
472,475,775
473,496,775
475,517,775
476,592,775
480,682,775
481,775,849
240,490,775
306,491,775
315,496,775
356,499,775
470,501,775
476,504,775
490,505,775
508,549,775
512,667,775
517,775,824
520,775,848
291,525,775
364,540,775
542,601,775
549,606,775
554,69,775
225,559,775
290,568,775
360,573,775
505,588,775
520,589,775
44,592,775
234,593,775
601,612,775
606,703,775
14,612,775
616,775,843
617,775,847
622,77,775
372,633,775
480,662,775
481,667,775
551,703,775
7,775,821
775,78,823
512,775,824
622,775,831
235,775,834
542,775,836
588,775,840
127,775,842
240,775,843
775,823,845
775,846,98
127,775,847
202,775,848
525,775,849
551,776,nan
2,554,776
559,6,776
567,7,776
10,588,776
14,610,776
20,612,776
44,622,776
633,69,776
662,75,776
667,77,776
682,776,78
703,776,80
764,776,98
127,776,815
132,776,819
134,776,820
135,776,823
144,776,824
153,776,828
202,776,831
223,776,837
225,776,842
234,776,843
134,235,776
135,240,776
264,573,776
271,776,829
290,7,776
153,291,776
301,472,776
306,512,776
309,597,776
315,649,776
316,708,776
364,776,811
365,776,849
10,366,776
370,69,776
144,372,776
234,377,776
301,464,776
306,465,776
309,468,776
370,470,776
465,472,776
475,776,836
476,6,776
225,480,776
315,481,776
476,490,776
490,496,776
498,592,776
499,593,776
504,776,777
505,776,841
508,545,776
512,776,778
520,776,846
132,525,776
528,568,776
540,616,776
542,632,776
545,776,790
549,776,835
551,776,852
365,559,776
421,567,776
501,568,776
504,573,776
540,588,776
592,763,776
271,593,776
356,597,776
498,601,776
499,606,776
549,610,776
612,776,78
616,776,80
622,776,98
127,630,776
290,632,776
366,633,776
470,649,776
662,776,795
667,776,816
682,776,834
703,776,839
708,776,848
20,759,776
235,763,776
364,764,776
542,776,777
606,776,778
776,790,nan
14,776,795
202,776,809
240,776,811
475,776,815
508,776,816
75,776,819
264,776,820
316,776,821
464,776,823
468,776,824
520,776,828
528,776,829
44,776,831
77,776,834
601,776,835
776,836,845
372,776,837
377,776,839
496,776,840
776,809,841
481,776,842
490,776,843
499,776,845
505,776,846
512,776,848
520,776,849
525,776,852
2,534,777
567,6,777
592,7,777
10,597,777
20,703,777
44,708,777
69,759,777
75,763,777
77,777,795
777,80,809
777,812,98
127,777,816
132,777,824
134,777,829
153,777,831
202,777,840
223,777,845
234,777,852
202,235,777
223,240,777
264,554,777
271,633,777
291,667,777
301,682,777
306,764,777
309,777,811
315,777,819
316,777,841
356,777,842
359,777,843
20,364,777
365,69,777
366,777,80
127,370,777
134,372,777
364,377,777
465,549,777
470,589,777
475,743,777
476,777,790
480,490,777
491,496,777
496,501,777
498,593,777
499,606,777
501,610,777
504,777,828
505,777,836
271,512,777
499,520,777
525,568,777
540,776,777
542,777,823
545,777,837
549,777,848
554,75,777
567,777,98
240,568,777
377,573,777
421,588,777
542,589,777
591,612,777
592,777,849
593,7,777
370,597,777
504,601,777
525,606,777
540,610,777
588,612,777
616,649,777
630,662,777
632,777,846
649,77,777
132,657,777
301,662,777
359,682,777
520,703,777
570,708,777
591,743,777
306,763,777
630,776,777
632,777,790
777,795,821
356,777,811
657,777,812
372,777,816
512,777,819
2,777,821
44,777,823
465,777,824
309,777,828
365,777,829
470,777,831
475,777,836
490,777,837
498,777,840
235,777,841
264,777,842
291,777,843
601,777,845
315,777,846
481,777,848
528,777,849
534,777,852
2,545,778
568,6,778
593,7,778
10,601,778
20,622,778
657,69,778
75,778,815
77,778,820
778,821,98
127,778,823
132,778,836
134,778,837
135,778,840
144,778,846
2,225,778
135,235,778
235,240,778
264,570,778
301,589,778
306,591,778
309,616,778
315,633,778
316,649,778
356,703,778
359,764,778
364,44,778
365,75,778
366,778,98
132,370,778
306,372,778
365,377,778
372,470,778
472,476,778
473,501,778
475,573,778
476,630,778
481,662,778
483,708,778
490,778,812
491,778,828
20,496,778
498,69,778
127,499,778
309,501,778
315,504,778
356,505,778
508,553,778
520,743,778
525,763,778
528,778,845
10,534,778
240,540,778
528,542,778
545,554,778
549,778,829
551,77,778
144,553,778
202,554,778
301,559,778
316,567,778
508,568,778
570,6,778
364,573,778
472,588,778
559,589,778
591,771,778
470,593,778
475,597,778
505,601,778
542,606,778
551,610,778
622,778,824
630,7,778
370,632,778
377,633,778
473,649,778
512,657,778
567,662,778
592,667,778
682,778,831
703,778,834
465,708,778
481,743,778
540,759,778
763,778,842
496,764,778
498,771,778
520,776,778
606,778,812
759,778,815
776,778,820
225,778,821
264,778,823
588,778,824
597,778,828
610,778,829
778,831,848
134,778,834
144,778,836
483,778,837
490,778,839
491,778,840
525,778,842
534,778,843
549,778,845
591,778,846
504,778,847
505,778,848
632,790,nan
6,703,790
7,759,790
10,790,815
14,6,790
20,7,790
44,476,790
481,69,790
496,790,80
591,790,98
127,633,790
132,708,790
134,790,819
135,790,834
144,790,835
153,790,846
223,790,852
10,224,790
20,225,790
234,44,790
144,235,790
240,271,790
271,407,790
290,472,790
301,542,790
306,545,790
309,601,790
315,657,790
316,662,790
356,743,790
14,360,790
127,365,790
134,366,790
224,370,790
234,372,790
290,377,790
407,490,790
132,465,790
470,473,790
472,480,790
473,504,790
475,667,790
476,682,790
480,777,790
481,790,820
483,790,839
490,790,841
491,790,843
2,496,790
498,790,80
301,499,790
306,501,790
365,504,790
377,505,790
508,517,790
512,764,790
517,790,nan
135,525,790
153,528,790
225,534,790
366,540,790
534,542,790
545,567,790
549,573,790
551,593,790
553,606,790
554,763,790
559,776,790
567,790,821
568,790,824
570,790,98
309,573,790
512,588,790
591,790,836
592,790,845
315,593,790
360,597,790
540,601,790
549,606,790
554,610,790
612,630,790
622,771,790
630,790,823
632,790,829
235,649,790
356,657,790
465,662,790
470,667,790
475,682,790
553,703,790
588,708,790
592,743,790
610,759,790
622,763,790
764,790,812
771,790,848
508,776,790
777,790,842
790,812,843
525,790,815
790,819,847
78,790,820
240,790,821
316,790,823
372,790,824
464,790,829
551,790,831
790,834,840
568,790,835
612,790,836
370,790,839
465,790,840
499,790,841
559,790,842
498,790,843
69,790,845
597,790,846
601,790,847
610,790,848
630,790,849
501,790,852
504,6,795
505,7,795
10,508,795
14,528,795
20,539,795
44,559,795
69,771,795
75,777,795
77,795,809
78,795,820
795,80,823
795,826,98
127,795,828
132,795,840
134,795,842
143,573,795
144,759,795
153,763,795
202,795,848
223,6,795
225,795,98
234,377,795
235,407,795
240,472,795
264,588,795
271,795,835
20,290,795
223,291,795
301,551,795
306,567,795
309,612,795
315,662,795
316,667,795
356,795,841
359,795,846
14,364,795
365,77,795
127,366,795
134,370,795
377,476,795
407,496,795
458,616,795
44,464,795
153,465,795
264,472,795
473,512,795
475,682,795
476,703,795
480,708,795
481,69,795
132,483,795
143,490,795
202,491,795
225,496,795
240,498,795
473,499,795
481,501,795
483,504,795
505,542,795
508,632,795
512,776,795
517,649,795
528,795,836
534,795,843
370,540,795
542,549,795
545,568,795
549,795,812
551,795,821
553,795,845
144,559,795
235,567,795
291,568,795
301,570,795
306,573,795
458,588,795
553,589,795
591,7,795
290,593,795
364,597,795
591,601,795
606,610,795
610,795,831
612,795,80
309,616,795
356,622,795
465,632,795
534,649,795
662,795,824
667,795,852
480,682,795
545,703,795
593,708,795
10,759,795
365,771,795
540,776,795
464,795,809
795,812,834
490,795,815
597,795,820
78,795,821
366,795,823
475,795,824
498,795,826
606,795,828
795,815,831
795,834,847
316,795,836
359,795,840
622,795,841
589,795,842
491,795,843
499,795,845
501,795,846
540,795,847
601,795,848
622,795,852
649,809,nan
6,708,809
7,771,809
10,809,816
10,14,809
132,20,809
44,633,809
69,776,809
75,795,809
77,809,815
78,809,823
80,809,824
127,809,831
132,809,837
134,809,839
143,539,809
144,809,821
153,809,835
202,809,849
223,7,809
224,75,809
143,225,809
234,464,809
240,470,809
271,476,809
290,480,809
291,491,809
301,567,809
306,570,809
309,657,809
315,667,809
356,809,826
359,809,842
360,809,852
364,809,nan
365,6,809
20,366,809
370,77,809
377,501,809
458,662,809
464,78,809
223,465,809
470,475,809
472,481,809
473,505,809
475,809,841
202,476,809
291,480,809
481,508,809
490,520,809
491,525,809
498,601,809
499,610,809
365,501,809
366,504,809
472,505,809
508,554,809
512,703,809
520,759,809
525,777,809
528,809,840
14,539,809
540,549,809
542,592,809
549,809,828
551,809,836
554,809,848
224,559,809
240,567,809
360,570,809
490,573,809
588,591,809
589,593,809
591,616,809
592,69,809
498,593,809
499,597,809
573,601,809
589,606,809
606,610,809
612,743,809
616,809,847
44,622,809
364,630,809
458,633,809
528,649,809
597,657,809
630,662,809
667,809,843
682,80,809
127,703,809
144,708,809
225,743,809
290,759,809
763,809,834
473,771,809
776,809,820
134,777,809
234,795,809
306,809,815
316,809,816
356,809,820
377,809,821
512,809,823
559,809,824
612,809,826
153,809,828
309,809,831
315,809,834
588,809,835
622,809,836
777,809,837
271,809,839
540,809,840
809,841,846
235,809,842
359,809,843
301,809,846
309,809,847
315,809,848
370,809,849
377,809,852
458,811,nan
465,6,811
473,7,811
10,490,811
14,505,811
20,759,811
44,763,811
69,777,811
75,811,819
77,811,821
80,811,828
127,811,835
132,811,841
134,811,845
143,622,811
144,776,811
202,811,nan
14,223,811
127,224,811
132,225,811
223,235,811
240,290,811
290,592,811
291,593,811
301,612,811
306,630,811
309,632,811
315,708,811
316,811,812
356,811,840
359,551,811
360,606,811
364,811,823
365,7,811
235,366,811
291,370,811
315,372,811
377,508,811
407,520,811
421,525,811
464,75,811
224,465,811
264,468,811
421,470,811
472,501,811
473,540,811
475,811,847
10,476,811
301,480,811
407,481,811
490,545,811
491,553,811
496,554,811
498,567,811
499,568,811
501,811,831
504,811,834
505,811,846
508,649,811
512,771,811
496,517,811
512,520,811
525,616,811
528,662,811
540,811,815
545,811,839
549,811,849
551,80,811
143,553,811
225,554,811
306,559,811
464,567,811
568,811,836
370,570,811
517,573,811
589,667,811
591,703,811
592,811,837
593,811,843
472,601,811
528,606,811
534,610,811
573,612,811
616,811,824
622,811,842
630,77,811
316,632,811
470,633,811
591,649,811
610,662,811
134,667,811
309,682,811
356,703,811
359,708,811
366,759,811
771,811,852
44,776,811
144,811,812
360,811,815
491,811,816
240,811,819
480,811,820
499,811,821
559,811,823
364,811,824
365,811,828
811,816,831
811,820,834
202,811,835
481,811,836
6,811,837
20,811,839
77,811,840
127,811,841
134,811,842
475,811,843
811,845,848
372,811,846
377,811,847
465,811,848
470,811,849
549,811,852
616,812,nan
2,657,812
6,764,812
14,69,812
134,20,812
26,421,812
44,662,812
69,778,812
75,811,812
77,812,823
79,812,nan
2,80,812
80,812,98
127,224,812
134,306,812
135,458,812
144,464,812
202,498,812
224,559,812
225,568,812
235,570,812
240,601,812
291,617,812
306,622,812
309,633,812
315,743,812
316,812,820
356,812,845
26,364,812
291,366,812
315,370,812
364,372,812
377,505,812
421,812,828
458,632,812
464,77,812
135,465,812
470,480,812
472,525,812
473,610,812
475,812,849
370,480,812
481,520,812
490,553,812
496,812,846
498,75,812
372,499,812
490,501,812
504,667,812
505,812,829
508,592,812
512,708,812
520,777,812
525,812,824
540,812,852
14,545,812
202,551,812
225,553,812
465,554,812
470,559,812
472,567,812
512,568,812
591,682,812
235,592,812
567,601,812
501,606,812
545,610,812
554,612,812
616,812,831
144,617,812
240,622,812
473,630,812
496,632,812
508,633,812
545,657,812
591,662,812
667,795,812
682,812,840
44,703,812
309,708,812
366,743,812
612,759,812
630,763,812
703,764,812
771,790,812
777,812,837
778,812,848
540,790,812
759,795,812
811,812,834
812,820,98
475,812,823
481,812,824
499,812,828
549,812,829
356,812,831
771,812,834
812,836,841
812,837,842
6,812,840
316,812,842
356,812,843
370,812,845
377,812,846
470,812,848
472,812,849
473,812,852
476,815,nan
2,480,815
481,6,815
525,7,815
10,539,815
14,542,815
20,617,815
26,759,815
44,771,815
69,790,815
75,809,815
77,811,815
815,820,98
127,815,821
132,815,nan
132,144,815
153,290,815
202,356,815
223,360,815
224,364,815
225,365,815
234,465,815
240,475,815
264,612,815
290,616,815
291,630,815
306,633,815
309,649,815
316,657,815
356,815,848
359,778,815
10,360,815
364,69,815
202,365,815
223,366,815
372,407,815
377,534,815
407,545,815
421,815,839
127,464,815
377,465,815
470,490,815
472,559,815
473,662,815
475,815,823
476,815,828
481,505,815
490,554,815
491,567,815
501,764,815
224,504,815
240,505,815
508,667,815
520,708,815
525,815,831
534,815,837
26,539,815
264,540,815
542,606,815
545,795,815
553,815,98
153,554,815
473,559,815
501,567,815
606,682,815
610,703,815
612,743,815
616,776,815
617,815,852
14,622,815
464,630,815
491,632,815
633,7,815
632,649,815
134,657,815
144,662,815
472,667,815
540,682,815
703,815,829
708,815,836
743,815,845
234,764,815
470,771,815
776,815,840
309,778,815
508,790,815
6,795,815
520,809,815
316,811,815
815,820,834
44,815,821
225,815,823
291,815,828
815,829,846
20,815,831
610,815,836
622,815,837
649,815,839
366,815,840
473,815,843
490,815,845
77,815,846
127,815,848
134,815,852
2,234,816
470,6,816
480,7,816
10,491,816
14,534,816
20,763,816
44,776,816
75,816,821
77,816,846
20,78,816
132,816,98
127,225,816
132,235,816
134,315,816
135,553,816
144,809,816
153,816,829
2,202,816
223,80,816
134,224,816
223,225,816
234,472,816
235,473,816
240,499,816
264,539,816
271,816,836
290,498,816
291,504,816
301,616,816
306,649,816
309,662,816
315,816,828
356,816,835
291,360,816
364,366,816
365,377,816
366,490,816
370,501,816
372,505,816
377,525,816
421,588,816
135,464,816
271,465,816
306,468,816
470,481,816
472,567,816
473,573,816
480,743,816
481,759,816
490,777,816
491,816,845
498,816,847
499,816,852
501,6,816
240,504,816
360,505,816
508,612,816
512,816,834
525,816,841
528,816,849
316,539,816
508,540,816
542,568,816
545,591,816
549,682,816
551,75,816
553,78,816
127,554,816
528,559,816
540,567,816
551,573,816
588,597,816
589,657,816
591,764,816
144,597,816
601,617,816
606,667,816
610,811,816
290,612,816
356,616,816
364,617,816
622,816,823
630,816,824
632,816,837
649,816,848
202,657,816
365,662,816
545,667,816
554,703,816
589,743,816
759,77,816
464,763,816
601,764,816
703,776,816
10,777,816
224,809,816
468,811,816
610,816,821
816,823,843
816,824,840
44,816,828
301,816,829
370,816,831
372,816,834
606,816,835
622,816,836
7,816,837
134,816,840
309,816,841
630,816,843
465,816,845
470,816,846
559,816,847
632,816,848
682,816,849
153,816,852
2,407,819
475,6,819
476,7,819
10,501,819
14,520,819
20,819,846
26,465,819
468,75,819
480,77,819
481,78,819
657,79,819
819,834,98
127,819,836
10,132,819
134,14,819
135,202,819
143,588,819
144,819,837
144,224,819
225,235,819
235,472,819
240,504,819
264,593,819
271,819,839
290,483,819
306,554,819
309,708,819
315,763,819
356,819,98
360,490,819
364,496,819
365,568,819
366,610,819
377,622,819
407,662,819
421,819,840
458,649,819
134,464,819
290,465,819
470,491,819
472,573,819
473,667,819
20,476,819
365,480,819
481,534,819
483,549,819
490,606,819
491,759,819
496,79,819
143,498,819
377,499,819
498,501,819
504,525,819
505,545,819
508,630,819
512,743,819
366,520,819
464,525,819
528,553,819
534,597,819
539,601,819
540,777,819
542,790,819
545,819,847
26,549,819
551,78,819
132,553,819
224,554,819
458,559,819
539,568,819
567,573,819
588,632,819
589,703,819
127,592,819
499,593,819
551,597,819
592,601,819
606,776,819
610,819,843
135,612,819
306,622,819
512,632,819
542,649,819
553,657,819
559,662,819
589,667,819
2,703,819
7,708,819
540,743,819
759,819,835
763,819,841
234,776,819
421,777,819
225,790,819
633,819,834
662,819,835
811,819,836
315,819,837
240,819,839
356,819,840
364,819,841
370,819,842
499,819,843
545,819,846
271,819,847
2,372,820
490,6,820
499,7,820
10,504,820
20,509,820
26,512,820
44,743,820
69,795,820
77,812,820
78,820,824
80,820,834
820,837,98
127,820,839
132,69,820
134,820,98
144,225,820
225,264,820
234,491,820
235,542,820
240,553,820
264,616,820
290,649,820
291,820,829
301,820,835
306,820,843
2,309,820
316,6,820
10,356,820
360,465,820
365,470,820
366,475,820
370,476,820
372,528,820
377,573,820
464,80,820
301,465,820
370,468,820
470,483,820
472,568,820
473,612,820
475,820,845
476,78,820
472,480,820
481,540,820
483,597,820
490,633,820
491,662,820
498,811,820
499,820,841
132,501,820
235,504,820
468,505,820
508,703,820
480,509,820
508,512,820
525,551,820
528,591,820
534,771,820
539,820,823
505,540,820
542,622,820
549,820,840
551,820,846
553,820,847
290,554,820
309,568,820
356,573,820
473,588,820
539,589,820
26,592,820
481,597,820
601,630,820
606,820,828
610,820,848
377,612,820
616,815,820
622,820,826
630,820,849
498,632,820
501,633,820
588,649,820
662,790,820
667,820,831
20,682,820
703,77,820
234,708,820
534,743,820
593,759,820
240,771,820
525,776,820
549,778,820
601,790,820
682,795,820
759,809,820
7,811,820
44,812,820
127,815,820
132,820,823
776,820,824
820,826,842
127,820,828
144,820,829
306,820,834
316,820,835
365,820,837
778,820,839
809,820,840
134,820,841
554,820,843
592,820,845
606,820,846
610,820,847
291,820,848
309,820,849
632,820,852
703,821,nan
2,775,821
6,778,821
7,790,821
10,811,821
14,815,821
44,816,821
69,821,831
75,821,834
77,821,848
528,78,821
589,80,821
601,821,98
127,649,821
132,75,821
134,316,821
135,554,821
144,795,821
127,223,821
224,264,821
225,291,821
234,496,821
235,551,821
240,559,821
264,622,821
271,821,837
290,69,821
224,291,821
301,539,821
306,573,821
309,763,821
315,821,829
316,821,840
134,356,821
359,612,821
364,657,821
365,667,821
366,776,821
202,370,821
372,499,821
377,616,821
464,821,nan
465,6,821
470,476,821
475,509,821
476,567,821
480,821,826
481,821,846
483,821,849
490,821,852
135,491,821
223,496,821
481,499,821
483,501,821
490,504,821
505,512,821
508,662,821
504,509,821
512,777,821
520,821,836
525,821,843
528,80,821
240,534,821
315,539,821
475,540,821
542,682,821
545,821,828
234,551,821
377,553,821
505,554,821
553,559,821
567,632,821
568,821,845
271,573,821
10,591,821
508,593,821
534,597,821
601,743,821
606,764,821
44,610,821
364,612,821
365,616,821
480,622,821
491,630,821
632,821,824
649,821,842
470,657,821
568,662,821
667,77,821
290,682,821
306,703,821
464,708,821
545,743,821
763,809,821
764,821,98
525,771,821
372,775,821
593,776,821
591,777,821
597,778,821
14,790,821
359,795,821
542,809,821
606,811,821
309,815,821
356,816,821
498,821,824
366,821,826
708,821,828
821,829,841
821,831,847
821,834,848
235,821,836
144,821,837
224,821,840
370,821,841
465,821,842
610,821,845
7,821,846
821,847,98
520,821,848
2,821,849
630,821,852
708,823,nan
2,778,823
6,795,823
7,809,823
10,823,836
20,823,848
26,473,823
44,483,823
498,69,823
509,75,823
520,77,823
553,78,823
592,80,823
127,667,823
132,759,823
135,823,826
144,823,829
153,823,847
202,80,823
223,235,823
224,306,823
225,309,823
240,567,823
264,632,823
291,763,823
301,771,823
306,777,823
309,816,823
315,823,835
316,823,839
223,356,823
359,815,823
364,75,823
132,365,823
153,366,823
301,370,823
372,512,823
315,465,823
359,468,823
470,499,823
472,588,823
473,764,823
475,7,823
470,480,823
483,823,834
490,823,842
498,823,98
490,499,823
505,597,823
508,657,823
225,509,823
365,512,823
505,520,823
525,554,823
528,559,823
2,534,823
542,616,823
549,823,841
26,553,823
370,554,823
559,593,823
567,811,823
568,823,831
534,573,823
539,588,823
568,589,823
591,649,823
364,592,823
542,593,823
597,612,823
601,633,823
606,812,823
610,823,845
612,823,846
20,616,823
622,743,823
630,820,823
632,823,843
234,633,823
649,790,823
657,823,849
44,662,823
475,667,823
573,682,823
589,703,823
6,708,823
743,78,823
372,759,823
682,763,823
127,764,823
468,771,823
501,775,823
776,823,837
776,777,823
622,778,823
135,790,823
464,795,823
472,809,823
480,811,823
508,812,823
815,823,840
816,823,852
2,820,823
10,823,826
465,823,829
662,823,831
703,823,834
708,823,835
69,823,836
224,823,839
225,823,840
366,823,841
591,823,842
610,823,843
316,823,845
356,823,846
365,823,847
366,823,848
372,823,849
464,823,852
465,824,nan
509,6,824
512,7,824
10,528,824
14,539,824
26,498,824
44,775,824
69,809,824
75,824,836
468,78,824
520,80,824
632,824,98
127,743,824
132,811,824
144,816,824
153,824,852
144,202,824
223,240,824
224,290,824
225,315,824
234,504,824
235,567,824
240,568,824
271,824,841
290,517,824
301,553,824
306,657,824
315,824,837
316,824,843
235,356,824
360,481,824
364,759,824
365,764,824
366,812,824
26,370,824
360,372,824
377,649,824
271,407,824
306,464,824
364,465,824
372,468,824
470,554,824
472,601,824
14,475,824
224,476,824
481,606,824
483,795,824
490,80,824
223,491,824
473,496,824
498,616,824
499,708,824
504,820,824
505,7,824
483,509,824
512,790,824
517,633,824
520,662,824
525,824,849
528,6,824
365,539,824
407,540,824
553,824,842
554,824,98
499,559,824
567,824,829
568,824,nan
525,573,824
540,588,824
593,622,824
225,597,824
601,777,824
606,821,824
616,824,845
630,667,824
632,776,824
132,633,824
153,649,824
593,657,824
662,824,848
667,75,824
545,682,824
10,708,824
301,759,824
370,764,824
490,771,824
202,775,824
234,776,824
470,777,824
475,778,824
588,790,824
795,824,847
491,811,824
377,812,824
597,816,824
820,824,846
356,821,824
682,824,829
78,824,834
573,824,836
20,824,837
559,824,839
778,824,840
464,824,841
472,824,842
44,824,843
824,834,845
316,824,846
356,824,847
366,824,848
377,824,849
465,824,852
2,505,826
573,6,826
10,606,826
44,795,826
75,826,839
127,826,849
134,826,852
10,135,826
144,153,826
153,306,826
202,360,826
224,365,826
235,464,826
290,512,826
301,592,826
306,759,826
315,826,842
316,44,826
356,472,826
360,480,826
364,826,98
290,365,826
364,366,826
370,475,826
372,593,826
315,464,826
472,610,826
473,809,826
475,75,826
480,499,826
481,542,826
491,616,826
498,657,826
499,826,834
202,505,826
372,512,826
473,534,826
481,539,826
491,540,826
542,567,826
549,823,826
553,826,837
539,554,826
2,567,826
592,764,826
534,593,826
549,597,826
127,606,826
610,632,826
612,633,826
616,826,836
622,826,843
632,743,826
657,821,826
743,826,841
759,826,846
2,763,826
6,764,826
134,795,826
763,809,826
820,823,826
235,821,826
370,823,826
498,826,834
540,826,835
356,826,836
597,826,837
622,826,839
820,826,841
823,826,842
135,826,843
144,826,845
202,826,846
316,826,849
366,826,852
370,828,nan
2,465,828
501,6,828
534,7,828
10,545,828
14,549,828
20,778,828
44,809,828
69,811,828
75,828,841
570,80,828
127,759,828
132,144,828
134,360,828
143,633,828
144,828,848
153,309,828
202,364,828
224,372,828
225,468,828
235,470,828
291,540,828
301,622,828
306,682,828
309,771,828
315,828,839
316,828,847
240,356,828
360,476,828
364,80,828
225,365,828
370,491,828
372,504,828
377,612,828
153,464,828
365,465,828
377,468,828
470,520,828
472,776,828
475,69,828
476,496,828
481,601,828
483,828,837
490,525,828
491,657,828
235,496,828
306,498,828
483,499,828
501,597,828
504,764,828
143,505,828
508,743,828
512,812,828
520,821,828
356,534,828
540,559,828
542,662,828
545,828,846
549,6,828
505,559,828
508,567,828
568,593,828
14,570,828
528,573,828
591,816,828
593,610,828
597,632,828
601,649,828
606,78,828
610,828,834
616,777,828
622,795,828
2,632,828
606,649,828
657,828,nan
20,662,828
490,667,828
591,682,828
703,820,828
708,75,828
134,743,828
542,759,828
567,763,828
616,764,828
708,771,828
776,828,835
777,828,845
7,778,828
472,795,828
499,809,828
504,811,828
224,815,828
763,816,828
820,828,849
132,821,828
828,834,842
573,828,835
667,828,836
291,828,837
316,828,840
421,828,841
703,828,842
828,836,845
828,840,846
202,828,847
224,828,848
464,828,849
481,829,nan
2,501,829
7,815,829
10,829,839
14,223,829
20,224,829
44,777,829
69,812,829
301,75,829
616,78,829
829,831,98
127,829,847
132,316,829
134,370,829
144,829,841
153,315,829
202,365,829
223,366,829
224,377,829
234,820,829
235,240,829
240,309,829
271,480,829
291,512,829
301,632,829
306,703,829
309,821,829
315,829,840
316,7,829
271,356,829
364,372,829
365,464,829
366,491,829
370,496,829
372,591,829
377,667,829
202,464,829
465,470,829
291,468,829
472,612,829
475,829,98
480,504,829
481,551,829
490,649,829
491,708,829
496,69,829
499,597,829
501,633,829
504,520,829
505,549,829
512,759,829
520,776,829
525,823,829
528,829,852
534,78,829
499,539,829
540,588,829
545,829,848
44,549,829
235,551,829
490,554,829
559,610,829
567,829,849
144,588,829
153,591,829
505,592,829
540,593,829
597,790,829
606,824,829
610,662,829
567,612,829
132,616,829
622,778,829
632,75,829
306,633,829
593,649,829
662,829,845
525,667,829
534,682,829
14,703,829
475,708,829
539,743,829
545,759,829
776,816,829
20,777,829
778,829,834
234,790,829
6,812,829
682,815,829
816,829,846
472,820,829
743,821,829
2,823,829
10,824,829
127,829,831
468,829,834
134,829,836
465,829,839
622,829,840
554,829,841
559,829,845
364,829,846
372,829,847
356,829,848
364,829,849
365,829,852
366,831,nan
2,483,831
589,6,831
601,7,831
10,775,831
14,143,831
20,234,831
26,501,831
512,69,831
75,778,831
2,79,831
153,831,98
127,306,831
143,630,831
144,831,849
153,316,831
202,370,831
223,480,831
224,481,831
225,490,831
234,815,831
225,235,831
240,301,831
271,491,831
291,545,831
301,633,831
306,771,831
309,795,831
315,831,846
127,316,831
356,476,831
360,496,831
364,568,831
365,588,831
366,809,831
271,370,831
377,592,831
458,657,831
235,464,831
360,465,831
364,468,831
470,549,831
472,831,842
473,831,848
475,79,831
240,476,831
458,480,831
468,481,831
470,483,831
490,573,831
491,667,831
496,504,831
499,612,831
501,790,831
504,812,831
465,505,831
509,540,831
512,816,831
520,829,831
26,525,831
539,554,831
540,610,831
542,777,831
20,545,831
549,75,831
356,551,831
223,553,831
315,554,831
559,622,831
567,6,831
568,606,831
573,649,831
588,662,831
589,743,831
365,592,831
539,601,831
606,823,831
610,831,98
612,616,831
616,811,831
622,831,nan
475,630,831
567,633,831
649,759,831
657,831,852
14,662,831
520,667,831
553,682,831
703,831,847
377,708,831
551,743,831
559,759,831
771,831,843
224,775,831
708,776,831
777,821,831
778,831,845
144,790,831
473,795,831
7,809,831
499,811,831
505,812,831
534,816,831
542,820,831
682,821,831
10,823,831
44,829,831
309,831,842
703,831,843
202,831,845
776,831,846
464,831,847
69,831,848
75,831,849
472,831,852
496,834,nan
593,6,834
7,811,834
10,834,843
20,301,834
26,504,834
520,69,834
75,775,834
77,816,834
78,819,834
6,79,834
7,80,834
134,834,98
134,483,834
143,682,834
135,153,834
223,291,834
224,366,834
225,372,834
235,468,834
240,501,834
271,525,834
290,559,834
291,573,834
301,667,834
306,763,834
309,823,834
315,834,nan
316,80,834
356,480,834
359,771,834
360,491,834
365,517,834
366,542,834
370,545,834
372,592,834
377,657,834
407,703,834
421,826,834
370,465,834
407,468,834
473,759,834
475,77,834
476,79,834
480,509,834
481,649,834
483,834,840
153,490,834
421,491,834
496,505,834
498,662,834
499,776,834
501,795,834
504,809,834
505,815,834
509,588,834
512,820,834
517,743,834
520,834,837
360,525,834
490,528,834
542,778,834
545,812,834
553,834,841
554,834,842
476,559,834
568,821,834
573,597,834
588,601,834
377,592,834
593,616,834
597,828,834
553,601,834
610,633,834
616,829,834
290,633,834
315,649,834
662,69,834
667,834,98
473,682,834
20,703,834
26,708,834
223,743,834
306,759,834
763,834,847
499,771,834
512,775,834
776,824,834
708,778,834
743,790,834
795,834,845
809,834,848
75,811,834
224,812,834
225,815,834
528,816,834
610,819,834
820,834,852
10,821,834
790,824,834
481,826,834
143,828,834
475,829,834
356,834,837
365,834,840
465,834,841
498,834,842
542,834,843
235,834,845
240,834,847
316,834,848
356,834,852
553,7,835
14,573,835
20,816,835
7,77,835
633,78,835
795,80,835
127,819,835
134,20,835
144,202,835
153,356,835
202,366,835
225,528,835
234,823,835
235,271,835
271,539,835
291,549,835
301,630,835
306,809,835
225,315,835
316,592,835
356,622,835
127,364,835
234,365,835
366,476,835
372,662,835
421,835,842
475,80,835
372,476,835
490,501,835
491,568,835
496,77,835
491,501,835
504,542,835
505,551,835
525,632,835
528,649,835
540,771,835
542,826,835
549,835,847
421,551,835
496,553,835
554,589,835
559,763,835
568,776,835
573,601,835
588,606,835
591,811,835
504,592,835
601,759,835
153,606,835
316,616,835
588,622,835
591,630,835
632,828,835
633,835,845
649,764,835
657,790,835
662,820,835
540,667,835
554,682,835
291,708,835
301,743,835
759,835,849
14,763,835
306,764,835
315,771,835
364,776,835
667,790,835
559,795,835
743,809,835
505,811,835
525,816,835
708,819,835
820,835,847
823,835,852
134,826,835
224,828,835
225,835,842
682,835,845
235,835,847
365,835,849
475,835,852
2,539,836
597,6,836
7,829,836
10,26,836
14,465,836
20,775,836
26,540,836
44,778,836
132,69,836
135,75,836
475,77,836
703,78,836
80,812,836
836,846,98
127,836,848
132,223,836
134,542,836
135,589,836
144,826,836
202,225,836
223,309,836
225,360,836
234,819,836
235,290,836
240,316,836
271,481,836
290,551,836
301,708,836
306,815,836
309,44,836
301,315,836
316,616,836
356,649,836
360,610,836
202,364,836
366,483,836
370,499,836
377,811,836
407,472,836
465,473,836
470,501,836
472,77,836
473,520,836
127,475,836
234,476,836
481,630,836
483,836,841
144,490,836
491,545,836
496,559,836
499,790,836
501,821,836
372,504,836
496,505,836
315,512,836
517,662,836
520,80,836
528,836,98
534,570,836
539,759,836
540,795,836
542,809,836
2,545,836
549,78,836
271,551,836
490,553,836
554,601,836
559,816,836
568,622,836
377,570,836
573,612,836
589,764,836
591,836,849
504,597,836
601,824,836
606,836,847
610,836,852
612,667,836
134,616,836
235,622,836
10,649,836
662,75,836
553,667,836
549,703,836
491,708,836
568,759,836
632,764,836
554,775,836
14,776,836
306,777,836
567,778,836
776,790,836
591,795,836
528,809,836
534,811,836
606,812,836
815,828,836
816,836,845
6,819,836
821,836,842
20,823,836
407,824,836
512,828,836
823,829,836
365,836,841
573,836,842
622,836,845
703,836,846
821,836,847
69,836,848
356,836,849
364,836,852
499,837,nan
6,622,837
7,834,837
10,372,837
20,498,837
662,79,837
80,837,847
837,849,98
127,7,837
132,356,837
134,458,837
135,837,842
143,703,837
144,828,837
153,364,837
202,505,837
223,79,837
225,366,837
235,291,837
240,539,837
271,837,852
290,540,837
291,554,837
301,811,837
315,6,837
153,316,837
356,481,837
235,364,837
365,472,837
366,520,837
370,525,837
372,570,837
458,708,837
465,475,837
470,553,837
223,472,837
473,559,837
132,475,837
481,809,837
134,483,837
490,568,837
491,771,837
498,821,837
501,837,98
290,504,837
483,505,837
491,520,837
501,525,837
143,528,837
465,534,837
504,539,837
540,551,837
545,815,837
549,819,837
240,551,837
360,553,837
554,776,837
559,778,837
568,812,837
135,588,837
591,820,837
592,823,837
593,777,837
597,816,837
610,826,837
597,622,837
271,632,837
301,649,837
315,662,837
316,682,837
365,703,837
473,708,837
528,771,837
592,776,837
549,778,837
559,809,837
811,824,837
632,812,837
591,816,837
593,819,837
470,820,837
534,821,837
588,823,837
234,824,837
290,826,837
682,828,837
10,834,837
202,837,841
225,837,842
490,837,847
559,837,849
127,837,852
377,839,nan
6,809,839
7,839,846
10,44,839
14,421,839
20,820,839
26,525,839
44,790,839
225,69,839
315,75,839
504,77,839
657,78,839
80,839,845
839,847,98
127,14,839
132,468,839
134,549,839
144,839,852
153,365,839
202,458,839
223,481,839
224,483,839
225,498,839
234,839,840
235,306,839
240,356,839
271,520,839
290,567,839
301,759,839
202,306,839
315,366,839
316,703,839
356,771,839
359,839,nan
360,633,839
153,364,839
365,490,839
366,496,839
370,570,839
372,622,839
377,682,839
458,763,839
465,472,839
468,473,839
470,512,839
360,472,839
473,539,839
144,475,839
481,509,839
483,525,839
490,662,839
491,778,839
359,496,839
498,824,839
499,829,839
501,554,839
504,597,839
509,559,839
512,819,839
520,79,839
134,525,839
234,528,839
534,815,839
539,649,839
540,811,839
542,839,841
26,545,839
549,80,839
501,553,839
542,554,839
559,839,849
223,567,839
224,568,839
372,570,839
465,588,839
470,589,839
505,591,839
491,592,839
589,593,839
591,597,839
592,601,839
593,622,839
632,823,839
545,633,839
588,649,839
657,826,839
662,78,839
667,776,839
682,815,839
7,703,839
132,708,839
202,743,839
759,828,839
763,839,842
69,771,839
75,776,839
553,778,839
568,790,839
667,809,839
528,811,839
77,815,839
632,820,839
127,823,839
224,824,839
235,826,839
540,829,839
240,839,840
301,839,841
6,839,842
10,839,845
14,839,846
475,839,847
708,839,849
316,839,852
504,840,nan
2,553,840
6,811,840
20,7,840
10,77,840
20,315,840
44,812,840
69,834,840
309,75,840
525,77,840
708,79,840
80,840,846
840,848,98
127,44,840
132,464,840
134,567,840
135,69,840
143,509,840
153,366,840
202,476,840
223,483,840
224,491,840
225,534,840
240,545,840
290,589,840
301,795,840
306,820,840
309,840,nan
135,315,840
290,316,840
356,490,840
359,777,840
365,480,840
366,499,840
372,617,840
407,622,840
458,667,840
234,464,840
407,465,840
291,472,840
476,528,840
480,649,840
481,764,840
483,840,852
458,490,840
496,539,840
498,630,840
499,657,840
470,504,840
505,662,840
509,610,840
525,809,840
306,528,840
534,821,840
143,539,840
540,778,840
542,816,840
549,839,840
553,79,840
554,80,840
496,559,840
498,567,840
588,759,840
144,589,840
223,591,840
593,776,840
606,829,840
610,790,840
616,815,840
10,617,840
622,75,840
481,630,840
372,632,840
458,649,840
480,657,840
542,667,840
616,682,840
301,703,840
316,708,840
588,764,840
703,775,840
776,840,849
777,840,98
127,778,840
790,824,840
795,828,840
809,840,846
559,811,840
421,812,840
470,815,840
816,823,840
540,819,840
202,821,840
7,823,840
224,824,840
472,828,840
554,829,840
593,834,840
6,839,840
240,840,846
301,840,848
225,840,849
682,840,852
743,841,nan
2,790,841
6,812,841
26,7,841
10,309,841
14,475,841
20,613,841
26,545,841
44,811,841
69,836,841
360,75,841
630,77,841
80,837,841
271,841,98
127,316,841
132,470,841
134,617,841
135,841,843
144,240,841
153,377,841
202,525,841
2,223,841
225,458,841
234,7,841
235,568,841
240,573,841
271,841,842
290,509,841
301,826,841
306,841,845
309,75,841
315,365,841
316,775,841
356,483,841
360,616,841
364,472,841
365,481,841
366,505,841
370,606,841
372,667,841
377,708,841
407,501,841
14,421,841
458,759,841
291,464,841
470,567,841
472,841,846
473,69,841
223,475,841
476,491,841
480,496,841
481,819,841
483,841,848
490,612,841
491,777,841
364,496,841
498,828,841
499,80,841
407,504,841
505,520,841
509,592,841
421,512,841
520,549,841
144,525,841
528,601,841
534,795,841
539,633,841
540,816,841
542,834,841
528,545,841
549,841,852
135,553,841
499,554,841
559,662,841
567,809,841
568,839,841
573,610,841
588,649,841
589,771,841
464,593,841
465,597,841
601,657,841
606,77,841
610,79,841
612,841,98
235,616,841
540,617,841
622,829,841
630,841,nan
476,633,841
649,820,841
657,821,841
553,662,841
667,823,841
539,682,841
597,703,841
534,708,841
593,743,841
622,759,841
589,763,841
504,771,841
505,775,841
512,776,841
777,841,849
315,790,841
588,795,841
132,809,841
134,811,841
202,812,841
290,816,841
776,819,841
820,824,841
542,821,841
301,823,841
306,824,841
480,826,841
490,828,841
10,829,841
225,834,841
20,836,841
837,841,98
127,839,841
44,841,842
682,841,843
703,841,845
6,841,846
554,841,848
473,841,849
540,841,852
2,559,842
6,824,842
10,421,842
20,464,842
26,549,842
44,823,842
69,839,842
264,75,842
632,77,842
776,78,842
80,842,848
224,842,98
127,359,842
132,480,842
134,657,842
153,473,842
223,316,842
224,370,842
225,551,842
235,458,842
240,588,842
271,842,846
290,593,842
291,820,842
301,834,842
306,836,842
135,309,842
309,315,842
316,617,842
356,633,842
359,795,842
360,630,842
365,491,842
366,512,842
370,616,842
372,703,842
421,69,842
458,811,842
360,464,842
465,501,842
470,597,842
364,472,842
473,771,842
480,520,842
481,775,842
153,483,842
490,509,842
301,491,842
496,525,842
498,606,842
476,499,842
496,501,842
504,534,842
505,567,842
509,570,842
512,826,842
223,520,842
372,525,842
528,759,842
534,77,842
498,539,842
540,589,842
545,601,842
127,549,842
551,763,842
553,778,842
554,649,842
290,567,842
291,570,842
573,682,842
588,842,849
589,842,852
591,80,842
366,592,842
593,662,842
472,597,842
601,821,842
490,606,842
592,610,842
616,841,842
134,617,842
622,667,842
632,79,842
465,633,842
2,649,842
657,819,842
662,812,842
667,828,842
682,842,845
703,78,842
553,708,842
610,743,842
573,759,842
622,763,842
667,764,842
545,771,842
7,776,842
743,777,842
483,778,842
499,790,842
539,795,842
540,809,842
545,811,842
812,842,98
132,819,842
505,820,842
708,821,842
824,842,846
826,842,849
75,828,842
225,831,842
26,834,842
235,835,842
591,837,842
234,839,842
10,841,842
44,842,845
78,842,846
235,842,848
356,842,852
501,843,nan
6,831,843
134,7,843
10,509,843
14,551,843
20,824,843
26,554,843
483,69,843
633,77,843
10,80,843
291,843,98
127,365,843
134,662,843
135,708,843
202,223,843
223,356,843
224,464,843
225,632,843
234,69,843
235,316,843
240,377,843
271,528,843
290,606,843
291,816,843
301,44,843
309,359,843
315,370,843
316,630,843
356,491,843
364,468,843
366,775,843
370,480,843
372,759,843
377,771,843
309,464,843
468,476,843
470,682,843
472,703,843
473,819,843
235,475,843
476,499,843
480,501,843
481,790,843
490,616,843
491,617,843
496,534,843
498,7,843
14,499,843
501,520,843
504,539,843
505,540,843
509,567,843
290,520,843
301,525,843
528,811,843
534,777,843
496,539,843
540,812,843
542,815,843
135,549,843
498,551,843
559,843,nan
306,567,843
589,841,843
591,821,843
592,80,843
593,843,98
597,820,843
601,795,843
606,823,843
601,610,843
616,826,843
234,617,843
240,622,843
490,630,843
592,632,843
549,633,843
2,662,843
6,667,843
20,682,843
473,708,843
475,759,843
764,778,843
542,771,843
622,775,843
776,843,848
777,843,849
525,778,843
597,790,843
271,795,843
364,809,843
366,811,843
372,812,843
26,815,843
127,816,843
202,819,843
667,820,843
821,843,852
465,823,843
470,824,843
826,834,843
10,831,843
14,834,843
559,841,843
591,843,848
593,843,849
610,843,852
617,845,nan
2,823,845
6,845,846
202,7,845
10,407,845
2,20,845
26,551,845
44,824,845
496,69,845
509,80,845
610,845,98
134,613,845
135,622,845
144,301,845
202,224,845
223,364,845
224,633,845
225,821,845
235,589,845
240,606,845
271,845,847
290,568,845
291,632,845
301,842,845
306,464,845
309,775,845
20,315,845
316,743,845
356,549,845
364,476,845
365,520,845
366,815,845
370,657,845
372,816,845
377,820,845
407,528,845
365,464,845
465,616,845
470,649,845
472,836,845
473,7,845
240,475,845
377,476,845
480,545,845
481,839,845
144,483,845
223,490,845
483,491,845
490,496,845
498,501,845
499,703,845
501,708,845
505,828,845
509,597,845
520,612,845
525,764,845
26,528,845
539,835,845
540,845,nan
525,545,845
132,549,845
551,776,845
553,826,845
554,777,845
559,6,845
14,567,845
568,778,845
588,831,845
135,589,845
498,592,845
593,630,845
505,597,845
601,771,845
554,606,845
610,759,845
612,812,845
588,613,845
592,616,845
622,790,845
480,630,845
499,632,845
539,633,845
601,649,845
657,777,845
291,662,845
306,667,845
309,682,845
315,703,845
708,795,845
743,816,845
759,841,845
682,764,845
491,771,845
271,775,845
776,811,845
777,845,848
10,778,845
370,790,845
481,795,845
567,811,845
662,812,845
473,815,845
134,816,845
80,820,845
821,845,849
69,823,845
824,845,98
127,826,845
559,828,845
593,829,845
667,831,845
743,834,845
225,835,845
540,836,845
290,839,845
356,842,845
465,845,846
470,845,847
475,845,848
588,845,849
44,845,852
509,846,nan
2,829,846
6,840,846
235,7,846
10,549,846
14,468,846
20,6,846
26,508,846
69,775,846
370,75,846
657,77,846
78,828,846
316,80,846
795,846,98
143,75,846
144,306,846
153,632,846
202,240,846
223,365,846
235,591,846
240,610,846
14,271,846
291,483,846
301,77,846
306,472,846
315,372,846
316,776,846
356,496,846
359,839,846
360,841,846
364,480,846
365,589,846
366,842,846
370,78,846
372,458,846
377,743,846
458,764,846
465,534,846
468,553,846
470,703,846
472,708,846
473,816,846
356,475,846
476,504,846
480,505,846
481,512,846
143,483,846
490,815,846
491,520,846
496,551,846
499,771,846
501,819,846
377,504,846
505,633,846
508,662,846
509,568,846
512,831,846
359,520,846
525,567,846
476,540,846
542,836,846
545,612,846
315,549,846
551,846,nan
153,553,846
554,606,846
567,616,846
568,622,846
588,80,846
360,589,846
470,591,846
499,592,846
501,593,846
554,597,846
601,790,846
545,606,846
592,610,846
612,759,846
26,616,846
622,809,846
632,811,846
309,633,846
601,657,846
662,821,846
667,823,846
682,812,846
703,815,846
708,820,846
743,824,846
764,845,846
771,846,848
775,846,849
776,846,852
2,777,846
7,778,846
10,790,846
301,795,846
473,809,846
525,811,846
291,812,846
364,815,846
366,816,846
465,819,846
475,820,846
490,823,846
597,824,846
542,826,846
593,828,846
271,829,846
682,831,846
777,836,846
202,839,846
144,840,846
540,841,846
588,842,846
845,846,98
127,846,847
491,846,848
20,846,849
144,846,852
764,847,nan
2,847,849
127,6,847
234,7,847
10,589,847
20,271,847
26,601,847
44,828,847
407,69,847
470,75,847
77,775,847
468,80,847
613,847,98
127,370,847
134,835,847
144,315,847
153,316,847
202,235,847
223,264,847
224,708,847
225,809,847
234,837,847
235,593,847
240,630,847
264,816,847
291,498,847
301,763,847
306,509,847
309,364,847
315,377,847
316,778,847
356,504,847
364,501,847
365,617,847
309,366,847
365,370,847
372,743,847
377,819,847
407,553,847
366,464,847
465,632,847
468,662,847
470,667,847
472,682,847
473,703,847
475,771,847
476,554,847
480,528,847
356,483,847
490,657,847
491,790,847
496,795,847
498,811,847
499,816,847
501,839,847
480,504,847
509,551,847
472,512,847
520,831,847
525,834,847
528,69,847
534,75,847
539,77,847
540,80,847
10,542,847
20,545,847
224,549,847
476,551,847
512,553,847
554,829,847
559,836,847
534,567,847
539,588,847
223,589,847
591,847,nan
464,592,847
520,593,847
601,820,847
606,821,847
610,823,847
542,613,847
559,616,847
153,617,847
622,633,847
630,824,847
632,839,847
491,633,847
592,657,847
606,662,847
610,667,847
616,682,847
622,703,847
708,809,847
490,743,847
525,763,847
540,764,847
549,771,847
588,775,847
589,778,847
591,790,847
795,845,847
809,846,847
811,847,852
473,816,847
763,821,847
567,824,847
591,828,847
708,829,847
26,831,847
499,834,847
7,835,847
301,836,847
372,837,847
134,845,847
144,846,847
465,847,849
470,847,852
759,848,nan
2,77,848
132,6,848
10,591,848
14,597,848
20,316,848
26,610,848
44,829,848
528,69,848
617,75,848
613,78,848
80,843,848
845,848,98
127,78,848
132,589,848
134,815,848
144,356,848
202,301,848
223,840,848
224,7,848
225,588,848
235,592,848
240,848,852
264,776,848
291,831,848
301,407,848
306,483,848
309,365,848
315,366,848
316,811,848
356,812,848
26,365,848
290,366,848
306,372,848
377,816,848
407,504,848
372,464,848
465,633,848
470,775,848
473,778,848
475,790,848
476,593,848
480,616,848
481,622,848
473,483,848
490,823,848
491,824,848
496,828,848
499,834,848
476,501,848
481,504,848
505,657,848
508,764,848
512,771,848
520,553,848
525,554,848
528,559,848
309,534,848
377,540,848
464,542,848
465,545,848
491,549,848
551,632,848
553,662,848
554,703,848
559,809,848
480,567,848
568,795,848
573,630,848
588,649,848
589,682,848
591,708,848
501,592,848
505,593,848
597,836,848
601,841,848
610,842,848
612,777,848
573,613,848
601,616,848
224,617,848
225,622,848
496,630,848
499,632,848
633,80,848
127,649,848
568,657,848
662,775,848
682,820,848
703,821,848
708,846,848
6,764,848
10,771,848
14,775,848
20,776,848
44,777,848
69,778,848
790,848,98
134,795,848
144,809,848
512,811,848
235,812,848
291,815,848
75,816,848
240,820,848
525,821,848
612,823,848
520,824,848
534,828,848
202,831,848
223,834,848
470,840,848
475,841,848
490,842,848
551,845,848
567,846,848
588,848,852
771,849,nan
234,6,849
271,7,849
20,366,849
26,606,849
44,831,849
549,69,849
407,75,849
6,77,849
78,829,849
597,80,849
264,849,98
127,290,849
132,630,849
134,44,849
144,364,849
153,775,849
202,776,849
224,764,849
225,849,nan
10,234,849
240,26,849
264,820,849
271,508,849
290,612,849
291,835,849
301,840,849
306,841,849
309,842,849
2,315,849
356,517,849
364,520,849
365,601,849
370,622,849
372,509,849
377,512,849
407,528,849
370,464,849
377,465,849
470,759,849
365,472,849
473,837,849
475,839,849
476,843,849
481,77,849
483,504,849
490,505,849
491,508,849
499,525,849
501,551,849
504,559,849
505,743,849
508,816,849
509,821,849
512,823,849
517,836,849
520,845,849
525,846,849
528,633,849
539,649,849
483,540,849
316,549,849
356,551,849
372,553,849
465,559,849
470,567,849
472,568,849
570,812,849
573,826,849
476,588,849
499,589,849
591,662,849
592,667,849
593,708,849
539,597,849
540,601,849
573,606,849
501,610,849
612,828,849
617,847,849
622,811,849
630,777,849
632,790,849
633,809,849
649,839,849
20,657,849
662,69,849
667,75,849
682,78,849
592,708,849
593,743,849
759,790,849
764,816,849
771,835,849
7,775,849
776,849,98
127,777,849
553,790,849
567,809,849
568,811,849
591,812,849
622,816,849
632,820,849
682,821,849
703,823,849
464,824,849
473,826,849
315,828,849
475,829,849
490,835,849
491,836,849
588,837,849
225,839,849
240,840,849
132,841,849
306,842,849
309,843,849
372,845,849
491,846,849
134,847,849
815,852,nan
2,816,852
6,820,852
483,7,852
10,490,852
20,491,852
26,496,852
44,842,852
69,843,852
78,834,852
80,835,852
127,468,852
132,470,852
134,75,852
144,852,98
127,153,852
132,202,852
223,370,852
224,372,852
225,633,852
234,649,852
240,662,852
271,708,852
290,759,852
291,776,852
153,301,852
309,360,852
315,617,852
316,622,852
356,592,852
360,593,852
364,597,852
365,601,852
366,840,852
370,508,852
372,512,852
377,525,852
458,534,852
364,464,852
365,465,852
468,481,852
470,499,852
472,501,852
473,504,852
366,475,852
476,616,852
483,839,852
490,841,852
491,845,852
496,846,852
499,847,852
501,848,852
504,852,nan
2,505,852
26,508,852
44,512,852
520,69,852
271,525,852
528,606,852
534,610,852
540,612,852
542,630,852
545,831,852
549,836,852
551,6,852
554,7,852
20,559,852
567,77,852
134,573,852
144,588,852
554,589,852
476,592,852
593,771,852
225,606,852
610,657,852
612,826,852
234,616,852
240,617,852
301,622,852
309,630,852
315,632,852
316,633,852
657,812,852
377,662,852
551,667,852
559,682,852
567,703,852
573,708,852
759,795,852
776,821,852
777,823,852
790,824,852
290,795,852
291,809,852
356,811,852
790,812,852
815,831,852
816,848,852
78,820,852
80,821,852
202,823,852
505,826,852
743,829,852
777,831,852
821,834,852
520,836,852
528,837,852
540,839,852
472,840,852
703,841,852
837,842,852
6,843,852
225,845,852
465,846,852
545,847,852
549,848,852
202,79,nan
14,763,nan
2,240,763
372,6,79
14,153,468
20,470,763
316,44,815
588,69,763
377,69,815
490,75,819
44,75,849
306,77,835
472,79,840
127,421,69
10,132,613
134,458,483
135,612,821
144,540,617
153,356,613
2,223,79
224,235,264
224,372,613
225,240,468
225,465,509
225,472,613
234,377,829
235,26,570
135,240,606
153,240,421
240,589,763
290,360,468
290,476,509
290,370,517
291,364,570
291,601,763
291,499,837
301,315,421
301,496,517
127,301,570
306,763,828
309,421,496
135,315,630
315,421,553
315,517,630
316,512,775
356,828,834
359,834,840
264,364,366
271,364,613
291,365,570
365,836,842
360,366,617
366,470,815
366,481,840
370,743,826
372,481,613
365,377,570
407,468,501
407,542,819
421,517,633
458,480,809
464,568,816
465,573,824
465,703,837
468,667,829
470,820,829
472,622,815
472,824,829
473,491,613
473,667,815
475,504,509
475,517,632
475,504,835
458,476,80
468,476,525
480,496,613
480,649,771
473,480,775
264,481,534
481,509,520
481,508,613
483,508,545
483,821,828
483,821,831
490,508,819
490,540,835
491,496,775
20,407,496
496,525,613
498,508,592
498,512,834
498,568,778
407,480,499
407,472,501
501,520,775
504,592,764
504,612,764
504,559,840
505,657,815
505,790,829
498,508,517
491,508,539
508,593,649
483,509,597
490,509,843
202,359,512
508,512,743
512,776,836
480,517,649
517,616,771
517,616,775
520,777,828
473,525,79
525,573,613
525,776,815
525,622,816
525,551,819
143,528,649
534,568,823
534,570,682
407,534,617
534,657,816
539,568,617
539,589,819
458,539,617
468,540,632
509,540,553
540,616,812
540,759,819
407,499,542
542,588,613
542,554,775
407,520,545
525,545,815
545,682,847
509,549,573
549,771,841
540,551,775
551,622,831
551,771,837
551,776,843
509,553,588
553,811,812
554,657,777
554,657,778
554,777,811
554,622,840
559,682,816
559,763,819
509,567,606
567,771,778
135,545,568
568,593,617
481,568,657
264,364,570
509,568,570
570,764,812
132,570,837
264,475,573
509,567,573
517,573,662
135,588,840
407,545,588
458,491,588
588,616,816
588,612,649
508,589,775
589,763,795
591,616,657
591,610,743
591,601,839
509,592,610
10,592,613
592,759,776
509,593,633
593,610,617
364,593,829
498,593,840
264,490,597
458,539,601
509,593,601
601,612,617
559,601,775
601,776,795
593,606,775
407,589,610
612,617,775
612,649,845
481,612,777
612,795,826
153,496,613
26,616,649
143,616,657
483,616,834
491,616,835
617,682,nan
458,512,617
264,551,622
539,622,743
622,764,816
622,811,819
622,763,826
601,622,836
591,622,843
630,682,763
630,771,809
630,777,840
490,630,847
6,632,79
632,828,840
517,633,790
633,809,835
633,829,98
271,649,852
458,616,649
480,508,657
657,809,841
464,662,79
407,588,662
498,622,662
662,777,816
662,820,848
458,553,667
468,534,667
559,667,795
667,809,816
143,372,682
407,617,682
549,682,777
480,682,816
682,845,849
7,703,842
465,703,79
143,703,708
703,823,848
708,771,nan
708,759,80
458,703,708
591,708,835
743,75,829
554,743,842
458,759,811
496,759,811
240,759,795
759,77,812
567,759,831
517,763,834
44,592,763
682,763,842
622,763,839
360,667,764
483,764,790
505,570,764
662,764,848
14,6,771
662,771,835
223,771,841
508,703,775
512,589,775
223,568,776
480,776,823
667,776,821
776,840,848
505,777,837
496,545,777
499,778,821
778,824,843
472,483,790
306,505,790
528,790,836
570,764,790
790,831,nan
517,763,795
570,795,98
504,567,809
542,809,849
235,551,809
763,795,809
468,811,823
377,476,811
498,708,811
667,79,812
504,812,852
551,811,812
606,812,820
2,763,812
144,359,815
421,682,815
223,504,815
553,815,823
372,815,843
264,568,816
421,589,816
512,743,816
75,819,836
264,588,819
309,468,819
819,841,842
360,708,820
528,589,820
820,846,852
132,821,849
501,630,821
771,821,845
135,823,nan
264,616,823
421,592,823
610,630,823
703,775,823
2,824,845
630,778,824
588,824,840
224,826,834
472,553,826
365,612,826
764,826,835
421,44,828
593,829,nan
144,606,829
821,829,836
480,820,831
14,775,834
480,78,834
290,359,834
365,78,835
144,811,835
309,366,836
370,475,836
470,475,836
132,777,836
144,290,837
370,483,837
610,837,841
234,839,98
290,839,842
370,708,839
499,839,98
14,534,839
20,743,839
134,667,840
356,840,nan
359,764,840
224,365,840
365,632,840
135,153,841
356,829,841
2,370,841
6,842,849
20,372,842
240,545,842
365,778,842
504,775,842
528,790,842
225,554,842
225,470,843
301,481,843
223,776,843
235,549,845
366,617,845
372,845,852
472,703,845
601,834,845
366,845,852
667,69,846
778,824,846
465,6,847
44,633,847
847,849,98
132,225,847
202,703,847
225,775,847
240,778,847
291,490,847
306,845,847
512,542,848
473,545,848
144,708,849
202,633,849
224,667,849
291,551,849
301,759,849
542,839,849
589,80,849
473,78,852
542,567,852
632,826,852
667,835,852
291,682,852
135,841,845
359,512,821
517,649,759
517,775,nan
26,542,570
132,291,570
512,591,657
591,75,840
223,525,606
592,613,662
306,483,630
501,632,847
364,662,841
662,809,824
223,264,682
682,764,835
464,703,79
264,630,703
316,545,703
501,708,843
473,759,79
458,759,78
610,759,809
567,759,812
496,763,80
763,816,821
20,763,823
632,764,824
592,69,775
240,505,778
499,649,778
69,778,839
476,491,795
366,809,826
570,708,811
612,811,812
811,828,849
153,815,837
372,567,815
612,815,852
597,630,816
240,77,819
501,622,819
235,763,819
593,819,841
616,820,823
7,708,820
703,820,837
501,811,821
223,593,823
816,821,824
135,826,841
567,826,846
360,606,826
316,616,826
10,826,843
309,828,nan
309,539,829
240,824,829
545,778,831
291,811,831
592,834,837
301,834,845
14,819,836
144,559,837
592,662,837
534,593,837
591,78,839
44,567,839
316,597,839
240,824,839
633,839,845
539,554,840
240,790,841
10,316,842
20,842,848
316,75,842
540,80,842
20,223,843
127,601,843
365,777,843
520,622,843
790,842,845
10,491,846
567,80,846
127,365,846
235,490,846
592,759,846
610,840,846
377,622,846
10,315,847
465,837,847
496,616,847
591,80,847
480,622,847
632,837,847
75,842,848
26,306,848
377,525,848
490,545,848
2,622,848
134,26,849
591,682,849
7,845,852
234,364,852
567,75,852
703,821,852
