HPO_IDs,Count
HP:0001249,64
HP:0003593,55
HP:0001250,53
HP:0001263,51
HP:0004322,50
HP:0003577,50
HP:0000252,47
HP:0011463,42
HP:0000006,36
HP:0000407,35
HP:0002650,35
HP:0003621,32
HP:0001252,32
HP:0010864,30
HP:0001337,29
HP:0000639,29
HP:0001260,28
HP:0003581,28
HP:0000347,28
HP:0001270,28
HP:0001290,27
HP:0000316,27
HP:0000028,25
HP:0000175,25
HP:0000365,24
HP:0001251,24
HP:0000486,24
HP:0001596,23
HP:0000613,23
HP:0000518,23
HP:0001258,22
HP:0003596,22
HP:0002936,22
HP:0000508,22
HP:0002240,21
HP:0001257,21
HP:0000662,21
HP:0000648,20
HP:0001508,20
HP:0000543,20
HP:0001133,20
HP:0003155,20
HP:0000750,20
HP:0000978,20
HP:0001762,20
HP:0001510,19
HP:0003677,19
HP:0005280,19
HP:0011462,19
HP:0000787,18
HP:0001284,18
HP:0010783,18
HP:0001265,18
HP:0000369,18
HP:0011800,18
HP:0000272,18
HP:0003693,18
HP:0003202,18
Mobile:,17
HP:0000494,17
HP:0200134,17
HP:0000519,17
HP:0001903,17
HP:0000612,17
HP:0002015,17
HP:0000218,17
HP:0000256,16
HP:0000431,16
HP:0000023,16
HP:0002119,16
HP:0000505,16
HP:0002540,16
HP:0000938,15
HP:0004409,15
HP:0000729,15
HP:0003510,15
HP:0001371,15
HP:0001744,15
HP:0007663,15
HP:0011968,15
HP:0002460,15
HP:0003676,15
HP:0001324,15
HP:0001272,15
HP:0000160,15
HP:0001426,15
HP:0001336,15
HP:0002079,14
HP:0011001,14
HP:0006887,14
HP:0003584,14
HP:0001363,14
HP:0001999,14
HP:0002515,14
HP:0001199,14
HP:0001347,14
HP:0000821,14
HP:0000490,14
HP:0002150,14
HP:0003623,14
HP:0000967,14
HP:0003026,14
HP:0001332,14
HP:0000952,14
HP:0002063,14
HP:0003198,14
HP:0003186,14
HP:0000510,14
HP:0000726,14
HP:0000358,13
HP:0000062,13
HP:0000343,13
HP:0003128,13
HP:0007688,13
HP:0000520,13
HP:0011220,13
HP:0000054,13
HP:0002120,13
HP:0001733,13
HP:0001511,13
HP:0003236,13
HP:0001696,13
HP:0008404,13
HP:0003072,13
HP:0001348,13
HP:0002151,13
HP:0000670,13
HP:0008064,13
HP:0002344,13
HP:0003487,13
HP:0002910,13
HP:0001972,13
HP:0002066,13
HP:0000253,13
HP:0000771,12
HP:0000103,12
HP:0007787,12
HP:0000979,12
HP:0000767,12
HP:0002829,12
HP:0000601,12
HP:0008936,12
HP:0000568,12
HP:0008734,12
HP:0001288,12
HP:0001397,12
HP:0000470,12
HP:0001839,12
HP:0000972,12
HP:0000926,12
HP:0012408,12
HP:0001276,12
HP:0001629,12
HP:0000768,12
HP:0000238,12
HP:0002072,12
HP:0002721,12
HP:0001382,12
HP:0002315,12
HP:0003745,12
HP:0002751,12
HP:0002282,12
HP:0000219,12
HP:0000592,12
HP:0000656,12
HP:0002758,12
HP:0007843,12
HP:0003774,12
HP:0002239,11
HP:0002750,11
HP:0008070,11
HP:0003429,11
HP:0001433,11
HP:0003811,11
HP:0001876,11
HP:0001204,11
HP:0000121,11
HP:0002136,11
HP:0000824,11
HP:0004912,11
HP:0007502,11
HP:0000164,11
HP:0001171,11
HP:0011108,11
HP:0000822,11
HP:0000939,11
HP:0002937,11
HP:0002036,11
HP:0000556,11
HP:0001274,11
HP:0000280,11
HP:0001410,11
HP:0001644,11
HP:0000037,11
HP:0001256,11
HP:0012265,11
HP:0002671,11
HP:0003003,11
HP:0002465,11
HP:0000325,11
HP:0001302,11
HP:0001279,11
HP:0002059,11
HP:0002007,11
HP:0008221,11
HP:0010743,11
HP:0002827,11
HP:0002719,11
HP:0000286,11
HP:0002094,11
HP:0012725,11
HP:0001642,11
HP:0002857,11
HP:0001344,11
HP:0000413,11
HP:0002754,11
HP:0001058,11
HP:0002342,11
HP:0003196,11
HP:0000276,11
HP:0001010,10
HP:0001438,10
HP:0000544,10
HP:0000158,10
HP:0000567,10
HP:0011923,10
HP:0009917,10
HP:0008527,10
HP:0007340,10
HP:0002553,10
HP:0000716,10
HP:0000458,10
HP:0001328,10
HP:0000437,10
HP:0003307,10
HP:0005261,10
HP:0000154,10
HP:0000557,10
HP:0001943,10
HP:0001635,10
HP:0004440,10
HP:0000565,10
HP:0001513,10
HP:0000307,10
HP:0002376,10
HP:0000571,10
HP:0003521,10
HP:0000034,10
HP:0005227,10
HP:0000958,10
HP:0001761,10
HP:0009826,10
HP:0002019,10
HP:0001959,10
HP:0000501,10
HP:0003546,10
HP:0000327,10
HP:0001488,10
HP:0000341,10
HP:0001597,10
HP:0002972,10
HP:0003431,10
HP:0011344,10
HP:0003200,10
HP:0002123,10
HP:0000815,10
HP:0000951,10
HP:0000698,10
HP:0000786,10
HP:0000445,10
HP:0000294,10
HP:0002070,10
HP:0007941,10
HP:0008905,10
HP:0001156,10
HP:0001620,10
HP:0000739,10
HP:0000540,10
HP:0006487,10
HP:0002126,10
HP:0000348,10
HP:0001004,10
HP:0002069,10
HP:0000717,10
HP:0007359,10
HP:0008180,10
HP:0006429,10
HP:0012110,10
HP:0002354,10
HP:0001631,10
HP:0002216,10
HP:0005484,10
HP:0001773,10
HP:0001873,10
HP:0012385,10
HP:0000232,10
HP:0010049,10
HP:0003002,10
HP:0001636,10
HP:0000989,10
HP:0000966,10
HP:0002077,9
HP:0005017,9
HP:0004308,9
HP:0001518,9
HP:0007401,9
HP:0007703,9
HP:0001159,9
HP:0002113,9
HP:0005510,9
HP:0001609,9
HP:0003378,9
HP:0011109,9
HP:0012735,9
HP:0003416,9
HP:0000444,9
HP:0010819,9
HP:0002584,9
HP:0004635,9
HP:0009719,9
HP:0001973,9
HP:0001000,9
HP:0002748,9
HP:0002607,9
HP:0003316,9
HP:0012340,9
HP:0001278,9
HP:0002883,9
HP:0006824,9
HP:0009371,9
HP:0005134,9
HP:0001993,9
HP:0001321,9
HP:0003715,9
HP:0000995,9
HP:0003447,9
HP:0000668,9
HP:0001562,9
HP:0000975,9
HP:0007618,9
HP:0004099,9
HP:0002986,9
HP:0002676,9
HP:0000691,9
HP:0002083,9
HP:0002943,9
HP:0004722,9
HP:0012368,9
HP:0002665,9
HP:0002002,9
HP:0001763,9
HP:0000695,9
HP:0001081,9
HP:0007588,9
HP:0008972,9
HP:0007759,9
HP:0009830,9
HP:0002352,9
HP:0002503,9
HP:0001319,9
HP:0008392,9
HP:0000823,9
HP:0008730,9
HP:0005413,9
HP:0001837,9
HP:0011712,9
HP:0002169,9
HP:0005112,9
HP:0002076,9
HP:0009777,9
HP:0001853,9
HP:0001310,9
HP:0000405,9
HP:0000962,9
HP:0000132,9
HP:0000534,9
HP:0008326,9
HP:0001935,9
HP:0000204,9
HP:0002110,9
HP:0002500,9
HP:0000193,9
HP:0008736,9
HP:0001892,9
HP:0000973,9
HP:0008501,9
HP:0000582,9
HP:0010982,9
HP:0005661,9
HP:0000742,9
HP:0005945,9
HP:0003040,9
HP:0100727,9
HP:0001645,9
HP:0000047,9
HP:0008041,9
HP:0000063,9
HP:0000322,9
HP:0000144,9
HP:0006743,9
HP:0002947,9
HP:0004691,9
HP:0001300,9
HP:0002571,9
HP:0002659,9
HP:0009073,9
HP:0010627,9
HP:0001054,9
HP:0000499,9
HP:0008513,9
HP:0000840,9
HP:0006719,9
HP:0010918,9
HP:0000789,9
HP:0001807,9
HP:0003540,9
HP:0002028,9
HP:0002035,9
HP:0001924,9
HP:0004442,9
HP:0003167,9
HP:0000835,9
HP:0000381,9
HP:0010677,9
HP:0000718,9
HP:0200022,9
HP:0009879,9
HP:0006097,9
HP:0000485,9
HP:0004844,9
HP:0100279,9
HP:0002656,9
HP:0002619,9
HP:0003118,9
HP:0011520,9
HP:0002213,9
HP:0012276,9
HP:0002757,9
HP:0200044,9
HP:0008081,9
HP:0100258,9
HP:0000303,9
HP:0012721,9
HP:0007906,9
HP:0000221,9
HP:0008807,9
HP:0001388,9
HP:0001041,9
HP:0003474,9
HP:0000268,9
HP:0000699,9
HP:0003560,9
HP:0000319,9
HP:0008940,9
HP:0002080,9
HP:0007763,9
HP:0002013,9
HP:0010464,9
HP:0008200,9
HP:0011003,9
HP:0010445,9
HP:0001947,9
HP:0010636,9
HP:0000961,9
HP:0002355,9
HP:0200035,9
HP:0003365,9
HP:0001712,9
HP:0010702,9
HP:0012035,9
HP:0010259,9
HP:0001528,9
HP:0000963,9
HP:0004209,9
HP:0008812,9
HP:0001374,9
HP:0012185,9
HP:0002870,9
HP:0010895,9
HP:0000013,9
HP:0002916,9
HP:0002521,9
HP:0005950,9
HP:0007894,9
HP:0007970,9
HP:0005001,9
HP:0001399,9
HP:0005701,9
HP:0010574,9
HP:0000375,9
HP:0002205,9
HP:0007380,9
HP:0000096,9
HP:0002970,9
HP:0008354,9
HP:0001045,9
HP:0001595,9
HP:0001643,9
HP:0005599,8
HP:0009027,8
HP:0006780,8
HP:0100490,8
HP:0001923,8
HP:0004445,8
HP:0003642,8
HP:0001639,8
HP:0009743,8
HP:0001177,8
HP:0000426,8
HP:0002209,8
HP:0003691,8
HP:0003765,8
HP:0012745,8
HP:0200148,8
HP:0002897,8
HP:0004850,8
HP:0000635,8
HP:0001182,8
HP:0005321,8
HP:0006846,8
HP:0003391,8
HP:0000736,8
HP:0011274,8
HP:0001640,8
HP:0000205,8
HP:0002305,8
HP:0002745,8
HP:0012119,8
HP:0002226,8
HP:0012569,8
HP:0003251,8
HP:0000452,8
HP:0010763,8
HP:0001688,8
HP:0002104,8
HP:0012734,8
HP:0004660,8
HP:0012471,8
HP:0002058,8
HP:0000642,8
HP:0002171,8
HP:0002148,8
HP:0000074,8
HP:0008873,8
HP:0000678,8
HP:0008956,8
HP:0012245,8
HP:0009046,8
HP:0000059,8
HP:0007018,8
HP:0000340,8
HP:0012178,8
HP:0002108,8
HP:0008052,8
HP:0001396,8
HP:0001131,8
HP:0002983,8
HP:0003126,8
HP:0000010,8
HP:0002669,8
HP:0000999,8
HP:0012905,8
HP:0000651,8
HP:0000982,8
HP:0001254,8
HP:0001537,8
HP:0000233,8
HP:0001050,8
HP:0000092,8
HP:0001845,8
HP:0003177,8
HP:0002996,8
HP:0002918,8
HP:0004437,8
HP:0000048,8
HP:0007737,8
HP:0000448,8
HP:0001268,8
HP:0009130,8
HP:0000133,8
HP:0011993,8
HP:0009778,8
HP:0002558,8
HP:0008850,8
HP:0001841,8
HP:0004469,8
HP:0000363,8
HP:0000713,8
HP:0001659,8
HP:0003370,8
HP:0003006,8
HP:0007325,8
HP:0000752,8
HP:0010628,8
HP:0002187,8
HP:0005938,8
HP:0000262,8
HP:0000278,8
HP:0005403,8
HP:0004979,8
HP:0006801,8
HP:0005170,8
HP:0002179,8
HP:0005736,8
HP:0000964,8
HP:0002476,8
HP:0004325,8
HP:0003498,8
HP:0000506,8
HP:0005687,8
HP:0000085,8
HP:0002592,8
HP:0003073,8
HP:0000545,8
HP:0001765,8
HP:0002092,8
HP:0002591,8
HP:0006282,8
HP:0000098,8
HP:0003127,8
HP:0000498,8
HP:0004315,8
HP:0008551,8
HP:0001406,8
HP:0010972,8
HP:0003393,8
HP:0000689,8
HP:0001266,8
HP:0000230,8
HP:0000126,8
HP:0006960,8
HP:0001561,8
HP:0006380,8
HP:0001746,8
HP:0000122,8
HP:0001007,8
HP:0000076,8
HP:0005767,8
HP:0010850,8
HP:0002071,8
HP:0001900,8
HP:0000541,8
HP:0001677,8
HP:0002808,8
HP:0002093,8
HP:0005819,8
HP:0003259,8
HP:0001622,8
HP:0009803,8
HP:0000337,8
HP:0009792,8
HP:0000657,8
HP:0001350,8
HP:0002960,8
HP:0001338,8
HP:0011970,8
HP:0003552,8
HP:0001423,8
HP:0007874,8
HP:0003645,8
HP:0001008,8
HP:0001123,8
HP:0003016,8
HP:0001477,8
HP:0012347,8
HP:0004764,8
HP:0004742,8
HP:0200042,8
HP:0002421,8
HP:0100716,8
HP:0012622,8
HP:0002135,8
HP:0006538,8
HP:0000089,8
HP:0001770,8
HP:0006988,8
HP:0001104,8
HP:0001949,8
HP:0003798,8
HP:0002514,8
HP:0002974,8
HP:0006371,7
HP:0000463,7
HP:0000320,7
HP:0012297,7
HP:0009592,7
HP:0000418,7
HP:0010541,7
HP:0002220,7
HP:0000618,7
HP:0001805,7
HP:0003041,7
HP:0002980,7
HP:0009843,7
HP:0011530,7
HP:0004363,7
HP:0007957,7
HP:0008457,7
HP:0001162,7
HP:0000350,7
HP:0009125,7
HP:0001808,7
HP:0012115,7
HP:0004586,7
HP:0002370,7
HP:0001875,7
HP:0002020,7
HP:0002231,7
HP:0012221,7
HP:0003124,7
HP:0000687,7
HP:0007354,7
HP:0000455,7
HP:0000336,7
HP:0002859,7
HP:0012378,7
HP:0002599,7
HP:0010041,7
HP:0002555,7
HP:0200150,7
HP:0001022,7
HP:0000734,7
HP:0000049,7
HP:0000533,7
HP:0000976,7
HP:0002578,7
HP:0100615,7
HP:0004935,7
HP:0004334,7
HP:0010044,7
HP:0001339,7
HP:0000894,7
HP:0002097,7
HP:0004840,7
HP:0000403,7
HP:0000555,7
HP:0000364,7
HP:0000476,7
HP:0100775,7
HP:0008401,7
HP:0001934,7
HP:0000819,7
HP:0002078,7
HP:0000093,7
HP:0001394,7
HP:0012256,7
HP:0008479,7
HP:0005416,7
HP:0002723,7
HP:0001097,7
HP:0000552,7
HP:0011275,7
HP:0000679,7
HP:0000685,7
HP:0002067,7
HP:0000965,7
HP:0009921,7
HP:0001695,7
HP:0002353,7
HP:0003749,7
HP:0002326,7
HP:0000264,7
HP:0008689,7
HP:0000581,7
HP:0000495,7
HP:0002557,7
HP:0000974,7
HP:0002297,7
HP:0012165,7
HP:0011980,7
HP:0002085,7
HP:0002018,7
HP:0009025,7
HP:0000457,7
HP:0008948,7
HP:0005144,7
HP:0006064,7
HP:0005525,7
HP:0001647,7
HP:0011675,7
HP:0000389,7
HP:0004447,7
HP:0001395,7
HP:0012871,7
HP:0011590,7
HP:0001976,7
HP:0003074,7
HP:0001385,7
HP:0000161,7
HP:0010655,7
HP:0000602,7
HP:0002527,7
HP:0000357,7
HP:0007556,7
HP:0009821,7
HP:0001607,7
HP:0004253,7
HP:0004727,7
HP:0000346,7
HP:0000020,7
HP:0000883,7
HP:0003376,7
HP:0004821,7
HP:0000300,7
HP:0003387,7
HP:0001657,7
HP:0001780,7
HP:0002173,7
HP:0002597,7
HP:0012040,7
HP:0003044,7
HP:0000324,7
HP:0001029,7
HP:0006739,7
HP:0001522,7
HP:0001992,7
HP:0002566,7
HP:0002419,7
HP:0001699,7
HP:0000646,7
HP:0000016,7
HP:0001987,7
HP:0003477,7
HP:0003390,7
HP:0001036,7
HP:0010038,7
HP:0002790,7
HP:0000846,7
HP:0003550,7
HP:0008028,7
HP:0003097,7
HP:0007936,7
HP:0001552,7
HP:0000943,7
HP:0000224,7
HP:0001082,7
HP:0006522,7
HP:0011110,7
HP:0000588,7
HP:0002273,7
HP:0009054,7
HP:0005273,7
HP:0200073,7
HP:0002217,7
HP:0001220,7
HP:0001963,7
HP:0003701,7
HP:0011532,7
HP:0009601,7
HP:0000992,7
HP:0001357,7
HP:0000491,7
HP:0000482,7
HP:0007020,7
HP:0002987,7
HP:0002812,7
HP:0009473,7
HP:0000083,7
HP:0000289,7
HP:0002714,7
HP:0001751,7
HP:0008074,7
HP:0001281,7
HP:0002384,7
HP:0006568,7
HP:0001217,7
HP:0007017,7
HP:0100710,7
HP:0012241,7
HP:0002313,7
HP:0100660,7
HP:0003763,7
HP:0000011,7
HP:0003470,7
HP:0000400,7
HP:0008069,7
HP:0002121,7
HP:0002653,7
HP:0002645,7
HP:0001114,7
HP:0002922,7
HP:0002023,7
HP:0001166,7
HP:0002726,7
HP:0011065,7
HP:0001634,7
HP:0010230,7
HP:0000585,7
HP:0003829,7
HP:0011094,7
HP:0012156,7
HP:0009754,7
HP:0001558,7
HP:0011097,7
HP:0007651,7
HP:0003141,7
HP:0002705,7
HP:0002373,7
HP:0003070,7
HP:0000546,7
HP:0100523,7
HP:0006237,7
HP:0003493,7
HP:0003819,7
HP:0011748,7
HP:0001638,7
HP:0007875,7
HP:0001141,7
HP:0001650,7
HP:0001269,7
HP:0000529,7
HP:0001540,7
HP:0003565,7
HP:0002919,7
HP:0000741,7
HP:0100522,7
HP:0003298,7
HP:0003121,7
HP:0002655,7
HP:0006946,7
HP:0000044,7
HP:0007010,7
HP:0005359,7
HP:0002098,7
HP:0001191,7
HP:0000308,7
HP:0001271,7
HP:0005792,7
HP:0008665,7
HP:0000274,7
HP:0000239,7
HP:0000362,7
HP:0002168,7
HP:0002317,7
HP:0000703,7
HP:0005684,7
HP:0002185,7
HP:0011273,7
HP:0006886,7
HP:0002188,7
HP:0002506,7
HP:0009882,7
HP:0001760,7
HP:0000212,7
HP:0009944,7
HP:0001798,7
HP:0000360,7
HP:0002311,7
HP:0000845,7
HP:0003274,7
HP:0001899,7
HP:0002511,7
HP:0012384,7
HP:0001491,7
HP:0009720,7
HP:0002885,7
HP:0000097,7
HP:0001377,7
HP:0003312,7
HP:0006051,7
HP:0003306,7
HP:0001930,7
HP:0002858,6
HP:0012650,6
HP:0010526,6
HP:0002162,6
HP:0005110,6
HP:0004429,6
HP:0002164,6
HP:0100540,6
HP:0006203,6
HP:0001297,6
HP:0002690,6
HP:0003911,6
HP:0008116,6
HP:0007068,6
HP:0011342,6
HP:0012762,6
HP:0000997,6
HP:0002942,6
HP:0002236,6
HP:0008824,6
HP:0001115,6
HP:0008003,6
HP:0000171,6
HP:0009465,6
HP:0002253,6
HP:0003184,6
HP:0001792,6
HP:0000421,6
HP:0100704,6
HP:0012377,6
HP:0002062,6
HP:0009927,6
HP:0002385,6
HP:0012248,6
HP:0004602,6
HP:0003568,6
HP:0004527,6
HP:0006155,6
HP:0002835,6
HP:0011332,6
HP:0000298,6
HP:0008724,6
HP:0002021,6
HP:0007033,6
HP:0001883,6
HP:0000051,6
HP:0005943,6
HP:0005474,6
HP:0001234,6
HP:0009768,6
HP:0002321,6
HP:0100876,6
HP:0000086,6
HP:0005216,6
HP:0000537,6
HP:0002875,6
HP:0000311,6
HP:0011217,6
HP:0002979,6
HP:0001298,6
HP:0009702,6
HP:0012242,6
HP:0000858,6
HP:0001493,6
HP:0000573,6
HP:0003444,6
HP:0006349,6
HP:0006297,6
HP:0002925,6
HP:0001367,6
HP:0003348,6
HP:0003095,6
HP:0100023,6
HP:0012135,6
HP:0002406,6
HP:0002350,6
HP:0003090,6
HP:0006127,6
HP:0002673,6
HP:0002907,6
HP:0010619,6
HP:0006094,6
HP:0000191,6
HP:0000774,6
HP:0000643,6
HP:0003481,6
HP:0002486,6
HP:0000871,6
HP:0000183,6
HP:0011917,6
HP:0006465,6
HP:0006829,6
HP:0000935,6
HP:0002905,6
HP:0002616,6
HP:0001530,6
HP:0001126,6
HP:0008213,6
HP:0000293,6
HP:0011504,6
HP:0000338,6
HP:0001623,6
HP:0007485,6
HP:0200055,6
HP:0005659,6
HP:0005406,6
HP:0002389,6
HP:0003270,6
HP:0005172,6
HP:0003680,6
HP:0003023,6
HP:0001245,6
HP:0012296,6
HP:0010314,6
HP:0002304,6
HP:0011711,6
HP:0000574,6
HP:0007989,6
HP:0001658,6
HP:0012171,6
HP:0000684,6
HP:0100502,6
HP:0000201,6
HP:0004942,6
HP:0002025,6
HP:0001716,6
HP:0005968,6
HP:0002953,6
HP:0007108,6
HP:0006099,6
HP:0006528,6
HP:0001102,6
HP:0000509,6
HP:0002208,6
HP:0005366,6
HP:0012301,6
HP:0008605,6
HP:0005207,6
HP:0000550,6
HP:0005764,6
HP:0002933,6
HP:0000139,6
HP:0002504,6
HP:0003025,6
HP:0003083,6
HP:0002133,6
HP:0003461,6
HP:0010806,6
HP:0005709,6
HP:0002761,6
HP:0001533,6
HP:0011484,6
HP:0001539,6
HP:0011229,6
HP:0002490,6
HP:0005528,6
HP:0000813,6
HP:0000902,6
HP:0006665,6
HP:0001072,6
HP:0010554,6
HP:0003138,6
HP:0008207,6
HP:0007427,6
HP:0003203,6
HP:0012203,6
HP:0100297,6
HP:0009890,6
HP:0011087,6
HP:0010654,6
HP:0011900,6
HP:0006778,6
HP:0000528,6
HP:0004523,6
HP:0001898,6
HP:0001822,6
HP:0002127,6
HP:0008994,6
HP:0100578,6
HP:0002414,6
HP:0001090,6
HP:0008245,6
HP:0000114,6
HP:0002145,6
HP:0001909,6
HP:0006385,6
HP:0000921,6
HP:0000194,6
HP:0004411,6
HP:0007270,6
HP:0005356,6
HP:0011170,6
HP:0002223,6
HP:0002392,6
HP:0005257,6
HP:0010958,6
HP:0010837,6
HP:0003022,6
HP:0002425,6
HP:0012730,6
HP:0003199,6
HP:0001017,6
HP:0006481,6
HP:0012263,6
HP:0005832,6
HP:0001591,6
HP:0010582,6
HP:0002293,6
HP:0002840,6
HP:0003079,6
HP:0000577,6
HP:0001816,6
HP:0002967,6
HP:0007260,6
HP:0004454,6
HP:0010557,6
HP:0007209,6
HP:0001413,6
HP:0001840,6
HP:0006016,6
HP:0012499,6
HP:0003551,6
HP:0000563,6
HP:0005421,6
HP:0002410,6
HP:0003635,6
HP:0001799,6
HP:0100658,6
HP:0007460,6
HP:0010043,6
HP:0002134,6
HP:0005381,6
HP:0000855,6
HP:0005180,6
HP:0000836,6
HP:0003189,6
HP:0003325,6
HP:0007958,6
HP:0002633,6
HP:0000998,6
HP:0001476,6
HP:0001498,6
HP:0003300,6
HP:0002174,6
HP:0011149,6
HP:0001945,6
HP:0002003,6
HP:0002945,6
HP:0006817,6
HP:0007925,6
HP:0003071,6
HP:0100869,6
HP:0003805,6
HP:0002756,6
HP:0100678,6
HP:0005978,6
HP:0003100,6
HP:0006644,6
HP:0002099,6
HP:0003282,6
HP:0100301,6
HP:0012806,6
HP:0009729,6
HP:0006192,6
HP:0100585,6
HP:0007710,6
HP:0012208,6
HP:0005092,6
HP:0000480,6
HP:0001864,6
HP:0100679,6
HP:0011981,6
HP:0005267,6
HP:0001541,6
HP:0000805,6
HP:0012056,6
HP:0007256,6
HP:0010765,6
HP:0006201,6
HP:0012179,6
HP:0002834,6
HP:0000589,6
HP:0000863,6
HP:0007565,6
HP:0001009,6
HP:0000873,6
HP:0002445,6
HP:0008347,6
HP:0008959,6
HP:0002061,6
HP:0000891,6
HP:0000331,6
HP:0001030,6
HP:0011755,6
HP:0005338,6
HP:0006979,6
HP:0000465,6
HP:0010477,6
HP:0006640,6
HP:0002183,6
HP:0002483,6
HP:0000882,6
HP:0001538,6
HP:0006532,6
HP:0001674,6
HP:0000244,6
HP:0001188,6
HP:0001649,6
HP:0001583,6
HP:0001888,6
HP:0005616,6
HP:0012473,6
HP:0000580,6
HP:0000744,6
HP:0002356,6
HP:0002280,6
HP:0008391,6
HP:0001138,6
HP:0003982,6
HP:0003301,6
HP:0010621,6
HP:0002200,6
HP:0002107,6
HP:0002716,6
HP:0007946,6
HP:0002089,6
HP:0008166,6
HP:0002944,6
HP:0009904,6
HP:0002215,6
HP:0011270,6
HP:0005376,6
HP:0100866,6
HP:0003158,6
HP:0001519,6
HP:0006695,6
HP:0011359,6
HP:0008897,6
HP:0008214,6
HP:0012257,6
HP:0010729,6
HP:0002501,6
HP:0001750,6
HP:0006844,6
HP:0002461,6
HP:0000138,6
HP:0006535,6
HP:0011803,6
HP:0006521,6
HP:0001615,6
HP:0007328,6
HP:0012020,6
HP:0001653,6
HP:0008499,6
HP:0003771,6
HP:0001047,6
HP:0001738,6
HP:0010535,6
HP:0012174,6
HP:0001859,6
HP:0003722,6
HP:0007899,6
HP:0012330,6
HP:0003700,6
HP:0000377,6
HP:0000009,6
HP:0000211,6
HP:0002741,6
HP:0000826,6
HP:0003690,6
HP:0000179,6
HP:0008107,6
HP:0012841,6
HP:0000196,6
HP:0006409,6
HP:0009765,6
HP:0003547,6
HP:0007610,6
HP:0002804,6
HP:0011802,6
HP:0002091,6
HP:0001824,6
HP:0002984,6
HP:0008368,6
HP:0006316,6
HP:0000050,6
HP:0001087,6
HP:0003995,6
HP:0007263,6
HP:0000653,6
HP:0006313,6
HP:0000189,6
HP:0006740,6
HP:0004743,6
HP:0100259,6
HP:0006108,6
HP:0002879,6
HP:0004686,6
HP:0002742,6
HP:0012358,6
HP:0200030,6
HP:0012759,6
HP:0002375,6
HP:0008348,6
HP:0000046,6
HP:0100021,6
HP:0004312,6
HP:0006758,6
HP:0001771,6
HP:0000977,6
HP:0002395,6
HP:0004482,6
HP:0007678,6
HP:0005243,6
HP:0001531,6
HP:0002977,6
HP:0007024,6
HP:0001135,6
HP:0001913,6
HP:0002904,6
HP:0100256,6
HP:0003109,6
HP:0006106,6
HP:0003228,6
HP:0002155,6
HP:0004618,6
HP:0000572,6
HP:0009466,6
HP:0009914,6
HP:0007410,6
HP:0009804,6
HP:0000248,6
HP:0008944,6
HP:0012332,6
HP:0000843,6
HP:0005369,6
HP:0002778,6
HP:0008282,6
HP:0009281,6
HP:0012736,6
HP:0003528,6
HP:0003713,6
HP:0010034,6
HP:0001402,6
HP:0000488,6
HP:0003648,6
HP:0002593,6
HP:0010300,6
HP:0010502,6
HP:0002700,6
HP:0002803,6
HP:0000879,6
HP:0001897,5
HP:0007963,5
HP:0001117,5
HP:0000356,5
HP:0100886,5
HP:0006375,5
HP:0100838,5
HP:0004894,5
HP:0004761,5
HP:0000026,5
HP:0001046,5
HP:0000202,5
HP:0003946,5
HP:0000956,5
HP:0010568,5
HP:0006773,5
HP:0010323,5
HP:0011704,5
HP:0011402,5
HP:0010017,5
HP:0009514,5
HP:0006495,5
HP:0004371,5
HP:0011784,5
HP:0010133,5
HP:0012681,5
HP:0005793,5
HP:0005297,5
HP:0004924,5
HP:0011407,5
HP:0002000,5
HP:0002011,5
HP:0005995,5
HP:0011716,5
HP:0012644,5
HP:0011701,5
HP:0012870,5
HP:0002075,5
HP:0008281,5
HP:0010287,5
HP:0009413,5
HP:0005222,5
HP:0011574,5
HP:0004197,5
HP:0010706,5
HP:0006456,5
HP:0004797,5
HP:0009662,5
HP:0100963,5
HP:0000711,5
HP:0004406,5
HP:0007851,5
HP:0007982,5
HP:0010020,5
HP:0003920,5
HP:0011444,5
HP:0010075,5
HP:0003849,5
HP:0011480,5
HP:0003537,5
HP:0003760,5
HP:0009026,5
HP:0010280,5
HP:0010675,5
HP:0006264,5
HP:0000222,5
HP:0010430,5
HP:0011777,5
HP:0012435,5
HP:0007035,5
HP:0011536,5
HP:0100155,5
HP:0100847,5
HP:0004016,5
HP:0001741,5
HP:0005449,5
HP:0010447,5
HP:0001315,5
HP:0007780,5
HP:0100818,5
HP:0011447,5
HP:0000483,5
HP:0007548,5
HP:0009211,5
HP:0100951,5
HP:0010013,5
HP:0001985,5
HP:0011070,5
HP:0009155,5
HP:0002040,5
HP:0012387,5
HP:0003832,5
HP:0005949,5
HP:0000763,5
HP:0100065,5
HP:0008608,5
HP:0000587,5
HP:0010176,5
HP:0010436,5
HP:0012160,5
HP:0000157,5
HP:0010128,5
HP:0005679,5
HP:0100257,5
HP:0009836,5
HP:0006485,5
HP:0001593,5
HP:0003570,5
HP:0009552,5
HP:0008290,5
HP:0100105,5
HP:0012610,5
HP:0001974,5
HP:0012844,5
HP:0012206,5
HP:0100451,5
HP:0005341,5
HP:0100682,5
HP:0100902,5
HP:0003740,5
HP:0000683,5
HP:0011944,5
HP:0100261,5
HP:0010848,5
HP:0011896,5
HP:0009560,5
HP:0009019,5
HP:0010630,5
HP:0006943,5
HP:0009638,5
HP:0004966,5
HP:0004292,5
HP:0012781,5
HP:0010094,5
HP:0012400,5
HP:0009248,5
HP:0011195,5
HP:0009667,5
HP:0100712,5
HP:0007221,5
HP:0011314,5
HP:0012386,5
HP:0100035,5
HP:0010292,5
HP:3000015,5
HP:0100896,5
HP:0012534,5
HP:0003269,5
HP:0011736,5
HP:0003053,5
HP:0009373,5
HP:0009547,5
HP:0009253,5
HP:0000317,5
HP:0100644,5
HP:0009707,5
HP:0003384,5
HP:0003467,5
HP:0008388,5
HP:0100480,5
HP:0009817,5
HP:0004365,5
HP:0002747,5
HP:0009435,5
HP:0100326,5
HP:0009241,5
HP:0011849,5
HP:0012017,5
HP:0007466,5
HP:0012240,5
HP:0006762,5
HP:0000277,5
HP:0200065,5
HP:0011056,5
HP:0012326,5
HP:0010071,5
HP:0009216,5
HP:0008322,5
HP:0003877,5
HP:0006185,5
HP:0007311,5
HP:0012334,5
HP:0008651,5
HP:0010866,5
HP:0006153,5
HP:0011659,5
HP:0003755,5
HP:0004971,5
HP:0009218,5
HP:0000611,5
HP:0008683,5
HP:0010490,5
HP:0007546,5
HP:0004885,5
HP:0009581,5
HP:0003449,5
HP:0100801,5
HP:0005948,5
HP:0011906,5
HP:0011719,5
HP:0010159,5
HP:0009587,5
HP:0002550,5
HP:0003305,5
HP:0011603,5
HP:0010885,5
HP:0005313,5
HP:0006353,5
HP:0004444,5
HP:0010529,5
HP:0003637,5
HP:0009536,5
HP:0009311,5
HP:0001708,5
HP:0004225,5
HP:0009929,5
HP:0005272,5
HP:0200098,5
HP:0011153,5
HP:0100937,5
HP:0008198,5
HP:0009521,5
HP:0012780,5
HP:0010107,5
HP:0009538,5
HP:0007112,5
HP:0003107,5
HP:0009844,5
HP:0009234,5
HP:0012903,5
HP:0100648,5
HP:0003311,5
HP:0012154,5
HP:0009214,5
HP:0010455,5
HP:0009288,5
HP:0001927,5
HP:0009150,5
HP:0010646,5
HP:0010851,5
HP:0003779,5
HP:0012724,5
HP:0011798,5
HP:0000564,5
HP:0005588,5
HP:0012747,5
HP:0100827,5
HP:0011519,5
HP:0009013,5
HP:0002632,5
HP:0012166,5
HP:0009568,5
HP:0003896,5
HP:0005360,5
HP:0009262,5
HP:0100812,5
HP:0001704,5
HP:0009755,5
HP:0100402,5
HP:0007766,5
HP:0011623,5
HP:0003530,5
HP:0012594,5
HP:0010296,5
HP:0010301,5
HP:0006723,5
HP:0009011,5
HP:0007522,5
HP:0010694,5
HP:0010662,5
HP:0010431,5
HP:0011028,5
HP:0003639,5
HP:0000553,5
HP:0001870,5
HP:0011156,5
HP:0005186,5
HP:0011855,5
HP:0004009,5
HP:0002161,5
HP:0008148,5
HP:0007181,5
HP:0010309,5
HP:0003744,5
HP:0100422,5
HP:0012430,5
HP:0008331,5
HP:0004713,5
HP:0012883,5
HP:0006783,5
HP:0005850,5
HP:0006930,5
HP:0002332,5
HP:0011265,5
HP:0008777,5
HP:0004684,5
HP:0100379,5
HP:0011978,5
HP:0005837,5
HP:0006256,5
HP:0009113,5
HP:0009352,5
HP:0009139,5
HP:0004000,5
HP:0010587,5
HP:0005997,5
HP:0006775,5
HP:0000514,5
HP:0009387,5
HP:0006267,5
HP:0008714,5
HP:0011904,5
HP:0005593,5
HP:0002180,5
HP:0012271,5
HP:0010355,5
HP:0012147,5
HP:0012312,5
HP:0002877,5
HP:0006342,5
HP:0011780,5
HP:0003549,5
HP:0000072,5
HP:0010152,5
HP:0002687,5
HP:0006959,5
HP:0007271,5
HP:0012415,5
HP:0009239,5
HP:0003213,5
HP:0012308,5
HP:0009370,5
HP:0000456,5
HP:0000295,5
HP:0002766,5
HP:0010068,5
HP:0100007,5
HP:0005619,5
HP:0007470,5
HP:0001361,5
HP:0012755,5
HP:0009771,5
HP:0100841,5
HP:0003901,5
HP:0011164,5
HP:0003417,5
HP:0010663,5
HP:0010708,5
HP:0012705,5
HP:0100093,5
HP:3000057,5
HP:0010528,5
HP:0000631,5
HP:0007642,5
HP:0200001,5
HP:0005063,5
HP:0009600,5
HP:0004222,5
HP:0008065,5
HP:0010757,5
HP:0009231,5
HP:0000064,5
HP:0011550,5
HP:0003607,5
HP:0012161,5
HP:0000032,5
HP:0100639,5
HP:0007104,5
HP:0011853,5
HP:0007378,5
HP:0001832,5
HP:0011105,5
HP:0009562,5
HP:0005916,5
HP:0000960,5
HP:0100295,5
HP:0007945,5
HP:0012904,5
HP:0010183,5
HP:0008753,5
HP:0006202,5
HP:0007733,5
HP:0011309,5
HP:0000177,5
HP:0009215,5
HP:0000263,5
HP:0008167,5
HP:0008541,5
HP:0100114,5
HP:0004757,5
HP:0010119,5
HP:0001633,5
HP:0007776,5
HP:0005547,5
HP:0010275,5
HP:0008363,5
HP:0011952,5
HP:0000968,5
HP:0003797,5
HP:0011138,5
HP:0012792,5
HP:0009358,5
HP:0003183,5
HP:0012050,5
HP:0005872,5
HP:0001468,5
HP:0011965,5
HP:0010243,5
HP:0000055,5
HP:0012336,5
HP:0011252,5
HP:0100619,5
HP:0009930,5
HP:0011720,5
HP:0005680,5
HP:3000002,5
HP:0100732,5
HP:0012114,5
HP:0005653,5
HP:0010496,5
HP:0010371,5
HP:0005807,5
HP:0010679,5
HP:0002398,5
HP:0100013,5
HP:0009020,5
HP:0010345,5
HP:0012535,5
HP:0011497,5
HP:0004033,5
HP:0009814,5
HP:0011609,5
HP:0011821,5
HP:0011888,5
HP:0012716,5
HP:0003851,5
HP:0008726,5
HP:0100781,5
HP:0001698,5
HP:0002836,5
HP:0009445,5
HP:0002495,5
HP:0009122,5
HP:0000190,5
HP:0002454,5
HP:0004003,5
HP:0011788,5
HP:0003081,5
HP:0004369,5
HP:0004353,5
HP:0100104,5
HP:0005152,5
HP:0011832,5
HP:0011850,5
HP:0012339,5
HP:0007950,5
HP:0000700,5
HP:0011190,5
HP:0012298,5
HP:0004059,5
HP:0003879,5
HP:0012739,5
HP:0100159,5
HP:0010010,5
HP:0009444,5
HP:0001069,5
HP:0006976,5
HP:0100018,5
HP:0009160,5
HP:0100528,5
HP:0008083,5
HP:0009347,5
HP:0003992,5
HP:0100635,5
HP:0002680,5
HP:0200114,5
HP:0006517,5
HP:0007656,5
HP:0004132,5
HP:0009847,5
HP:0012091,5
HP:0007670,5
HP:0000623,5
HP:0100534,5
HP:0012768,5
HP:0000523,5
HP:0010841,5
HP:0011213,5
HP:0003159,5
HP:0002611,5
HP:0011453,5
HP:0011793,5
HP:0000987,5
HP:0010779,5
HP:0000728,5
HP:0003739,5
HP:0007534,5
HP:0010121,5
HP:0003454,5
HP:0004258,5
HP:0012814,5
HP:0006753,5
HP:0011943,5
HP:0000675,5
HP:0005193,5
HP:0007450,5
HP:0200008,5
HP:0011680,5
HP:0009115,5
HP:0003574,5
HP:0200025,5
HP:0001555,5
HP:3000016,5
HP:0005145,5
HP:0001613,5
HP:0010801,5
HP:0012089,5
HP:0004238,5
HP:0100255,5
HP:0012345,5
HP:0011527,5
HP:0011511,5
HP:0004589,5
HP:0010878,5
HP:0011185,5
HP:0004387,5
HP:0008258,5
HP:0010023,5
HP:0000005,5
HP:0011492,5
HP:0200006,5
HP:0012285,5
HP:0012081,5
HP:0000930,5
HP:0011633,5
HP:0012433,5
HP:0010760,5
HP:0005093,5
HP:0004804,5
HP:0001392,5
HP:0006266,5
HP:0009990,5
HP:0007451,5
HP:0000542,5
HP:0006383,5
HP:0100496,5
HP:0011583,5
HP:0012283,5
HP:0001051,5
HP:0008855,5
HP:0011018,5
HP:0006482,5
HP:0011420,5
HP:0012070,5
HP:0010047,5
HP:0006565,5
HP:3000008,5
HP:0011538,5
HP:0011136,5
HP:0003965,5
HP:0012151,5
HP:0012434,5
HP:0007633,5
HP:0004463,5
HP:0007810,5
HP:0010925,5
HP:0100337,5
HP:0100855,5
HP:0007301,5
HP:0010990,5
HP:0004954,5
HP:0002679,5
HP:0012526,5
HP:0010177,5
HP:0200003,5
HP:0001262,5
HP:0011379,5
HP:0003761,5
HP:0007418,5
HP:0001322,5
HP:0004923,5
HP:0009490,5
HP:0012573,5
HP:0012540,5
HP:0011352,5
HP:0012566,5
HP:0004296,5
HP:0011150,5
HP:0010550,5
HP:0011236,5
HP:0012037,5
HP:0008909,5
HP:0002056,5
HP:0000137,5
HP:0002654,5
HP:0010000,5
HP:0009546,5
HP:0002890,5
HP:0009486,5
HP:0009324,5
HP:0011557,5
HP:0010154,5
HP:0010620,5
HP:0011162,5
HP:0009393,5
HP:0010483,5
HP:0010959,5
HP:0007097,5
HP:0007617,5
HP:0000466,5
HP:0100387,5
HP:0001340,5
HP:0007503,5
HP:0002755,5
HP:0010717,5
HP:0010112,5
HP:0100425,5
HP:0002263,5
HP:0011975,5
HP:0012354,5
HP:0000988,5
HP:0000621,5
HP:0012771,5
HP:0010610,5
HP:0008742,5
HP:0009537,5
HP:0100382,5
HP:0012509,5
HP:0009992,5
HP:0012104,5
HP:0011145,5
HP:0004980,5
HP:0005114,5
HP:0100177,5
HP:0005162,5
HP:0011757,5
HP:0001146,5
HP:0007459,5
HP:0100044,5
HP:0011488,5
HP:0100378,5
HP:0004502,5
HP:0002703,5
HP:0012193,5
HP:0100456,5
HP:0011092,5
HP:0003957,5
HP:0010530,5
HP:0100908,5
HP:0100225,5
HP:0007526,5
HP:0100758,5
HP:0012478,5
HP:0011106,5
HP:0010927,5
HP:0100140,5
HP:0200083,5
HP:0010813,5
HP:0007576,5
HP:0011700,5
HP:0009415,5
HP:0100503,5
HP:0100452,5
HP:0100744,5
HP:0005173,5
HP:0009053,5
HP:0011241,5
HP:0100579,5
HP:0008497,5
HP:0012187,5
HP:0002203,5
HP:0006379,5
HP:0001062,5
HP:0006170,5
HP:0100210,5
HP:0009193,5
HP:0003173,5
HP:0100169,5
HP:0003787,5
HP:0011884,5
HP:0100072,5
HP:0002086,5
HP:0008988,5
HP:0009958,5
HP:0100238,5
HP:0000315,5
HP:0006539,5
HP:0010137,5
HP:0008675,5
HP:0011555,5
HP:0010515,5
HP:0003450,5
HP:0012670,5
HP:0009254,5
HP:0010901,5
HP:0012196,5
HP:0100918,5
HP:0010869,5
HP:0005232,5
HP:0002512,5
HP:0006174,5
HP:0002438,5
HP:0002951,5
HP:0002965,5
HP:0010223,5
HP:0010900,5
HP:0000953,5
HP:0011131,5
HP:0008303,5
HP:0002281,5
HP:0006118,5
HP:0007929,5
HP:0007105,5
HP:0005527,5
HP:0002900,5
HP:0003418,5
HP:0002287,5
HP:0012496,5
HP:0005550,5
HP:0100219,5
HP:0007808,5
HP:0010003,5
HP:0004032,5
HP:0001809,5
HP:0010114,5
HP:0006224,5
HP:0012897,5
HP:0004890,5
HP:0005878,5
HP:0011438,5
HP:0100316,5
HP:0003114,5
HP:0012772,5
HP:0100376,5
HP:0011585,5
HP:0008786,5
HP:0003327,5
HP:0001142,5
HP:0011073,5
HP:0012442,5
HP:0003981,5
HP:0003558,5
HP:0001655,5
HP:0009952,5
HP:0007616,5
HP:0000301,5
HP:0005632,5
HP:0012902,5
HP:0012075,5
HP:0011211,5
HP:0010709,5
HP:0004929,5
HP:0005557,5
HP:0005304,5
HP:0000893,5
HP:0011689,5
HP:0002416,5
HP:3000011,5
HP:0009989,5
HP:0004859,5
HP:0007516,5
HP:0002789,5
HP:0000287,5
HP:0006163,5
HP:0000067,5
HP:0011358,5
HP:0001971,5
HP:0001997,5
HP:0012404,5
HP:0004051,5
HP:0011998,5
HP:0003422,5
HP:0012686,5
HP:0007505,5
HP:0007778,5
HP:0005323,5
HP:0009972,5
HP:0004927,5
HP:0006574,5
HP:0009260,5
HP:0011730,5
HP:0001812,5
HP:0011085,5
HP:0005830,5
HP:0100077,5
HP:0007188,5
HP:0004611,5
HP:0006180,5
HP:0008954,5
HP:0005880,5
HP:0012875,5
HP:0008997,5
HP:0007351,5
HP:0100495,5
HP:0006145,5
HP:0010386,5
HP:0004529,5
HP:0100807,5
HP:0003215,5
HP:0010158,5
HP:0011226,5
HP:0100699,5
HP:0100306,5
HP:0010857,5
HP:0011118,5
HP:0009399,5
HP:0010935,5
HP:0004594,5
HP:0000743,5
HP:0012547,5
HP:0005477,5
HP:0010120,5
HP:0100646,5
HP:0011296,5
HP:0010494,5
HP:0003324,5
HP:0006709,5
HP:0010376,5
HP:0011449,5
HP:0007370,5
HP:0007511,5
HP:0004759,5
HP:0009437,5
HP:0200111,5
HP:0005307,5
HP:0011312,5
HP:0012892,5
HP:0004048,5
HP:0200123,5
HP:0009839,5
HP:0005894,5
HP:0001548,5
HP:0009468,5
HP:0011692,5
HP:0003606,5
HP:0000696,5
HP:0004823,5
HP:0012784,5
HP:0004791,5
HP:0009954,5
HP:0007406,5
HP:0010354,5
HP:0003145,5
HP:0006962,5
HP:0006590,5
HP:0012504,5
HP:0009085,5
HP:0000284,5
HP:0002626,5
HP:0100916,5
HP:0005999,5
HP:0004889,5
HP:0012448,5
HP:0006548,5
HP:0009337,5
HP:0100582,5
HP:0008249,5
HP:0011565,5
HP:0011404,5
HP:0009535,5
HP:0003411,5
HP:0009397,5
HP:0006400,5
HP:0004396,5
HP:0000538,5
HP:0100776,5
HP:0007543,5
HP:0012834,5
HP:0000980,5
HP:0010250,5
HP:0100276,5
HP:0011067,5
HP:0007440,5
HP:0009960,5
HP:0010067,5
HP:0008396,5
HP:0010028,5
HP:0012677,5
HP:0000905,5
HP:0012563,5
HP:0008450,5
HP:0010519,5
HP:0008723,5
HP:0005353,5
HP:0003235,5
HP:0100808,5
HP:0012349,5
HP:0011472,5
HP:0008509,5
HP:0001320,5
HP:0012322,5
HP:0006608,5
HP:0100091,5
HP:0010295,5
HP:0000799,5
HP:0005716,5
HP:0010197,5
HP:0000502,5
HP:0012065,5
HP:0200151,5
HP:0010770,5
HP:0100436,5
HP:0009329,5
HP:0005720,5
HP:0010327,5
HP:0005281,5
HP:0010511,5
HP:0009577,5
HP:0004881,5
HP:0005143,5
HP:0011112,5
HP:0011962,5
HP:0007561,5
HP:0001618,5
HP:0006916,5
HP:0002101,5
HP:0004614,5
HP:0011128,5
HP:0011388,5
HP:0006150,5
HP:0100426,5
HP:0100608,5
HP:0001311,5
HP:0009886,5
HP:0008953,5
HP:0008158,5
HP:0100022,5
HP:0006453,5
HP:0000197,5
HP:0005656,5
HP:0008358,5
HP:0100041,5
HP:0006682,5
HP:0003440,5
HP:0012093,5
HP:0001646,5
HP:0100474,5
HP:0011041,5
HP:0012352,5
HP:0002245,5
HP:0008273,5
HP:0100336,5
HP:0011542,5
HP:0012700,5
HP:0001027,5
HP:0012084,5
HP:0011334,5
HP:0000134,5
HP:0100342,5
HP:0003423,5
HP:0007477,5
HP:0100389,5
HP:0011313,5
HP:0007458,5
HP:0011445,5
HP:0100000,5
HP:0000941,5
HP:3000005,5
HP:0012394,5
HP:0010761,5
HP:0008265,5
HP:0002981,5
HP:0012609,5
HP:0007065,5
HP:0009596,5
HP:0010774,5
HP:0005756,5
HP:0004986,5
HP:0012493,5
HP:0004780,5
HP:0011336,5
HP:0006378,5
HP:0000022,5
HP:0011969,5
HP:0000872,5
HP:0004066,5
HP:0004991,5
HP:0004451,5
HP:0100124,5
HP:0010145,5
HP:0011308,5
HP:0012789,5
HP:0010458,5
HP:0008288,5
HP:0009966,5
HP:0200058,5
HP:0005450,5
HP:0100641,5
HP:0001748,5
HP:0008935,5
HP:0010394,5
HP:0000710,5
HP:0006583,5
HP:0007623,5
HP:0003297,5
HP:0010618,5
HP:0004699,5
HP:0008962,5
HP:0100370,5
HP:0005817,5
HP:0011191,5
HP:0012232,5
HP:0007933,5
HP:0005592,5
HP:0008454,5
HP:0003529,5
HP:0000207,5
HP:0100071,5
HP:0002378,5
HP:0002744,5
HP:0002296,5
HP:0007545,5
HP:0012291,5
HP:0012249,5
HP:0011676,5
HP:0007657,5
HP:0003717,5
HP:0012665,5
HP:0010184,5
HP:0100244,5
HP:0002860,5
HP:0002269,5
HP:0009310,5
HP:0006499,5
HP:0011731,5
HP:0100395,5
HP:0011054,5
HP:0005890,5
HP:0003799,5
HP:0011577,5
HP:0009940,5
HP:0002219,5
HP:0002710,5
HP:0006677,5
HP:0000052,5
HP:0100249,5
HP:0012848,5
HP:0012209,5
HP:0006169,5
HP:0003913,5
HP:0100946,5
HP:0000915,5
HP:0003609,5
HP:0006515,5
HP:0004183,5
HP:0012143,5
HP:0012251,5
HP:0011654,5
HP:0000853,5
HP:0100730,5
HP:0001216,5
HP:0000069,5
HP:0000056,5
HP:0008706,5
HP:0010561,5
HP:0011045,5
HP:0011161,5
HP:0010379,5
HP:0002195,5
HP:0005733,5
HP:0012405,5
HP:0002865,5
HP:0010955,5
HP:0001440,5
HP:0008232,5
HP:0009664,5
HP:0006213,5
HP:0003955,5
HP:0006370,5
HP:0011297,5
HP:0008008,5
HP:0011601,5
HP:0011495,5
HP:0007910,5
HP:0011221,5
HP:0100627,5
HP:0008225,5
HP:0012680,5
HP:0009703,5
HP:0002299,5
HP:0100583,5
HP:0011710,5
HP:0009106,5
HP:0002837,5
HP:0100867,5
HP:0003458,5
HP:0010576,5
HP:0002415,5
HP:0000446,5
HP:0000802,5
HP:0007800,5
HP:0008839,5
HP:0011882,5
HP:0007034,5
HP:0004401,5
HP:0003472,5
HP:0007447,5
HP:0000329,5
HP:0012344,5
HP:0001028,5
HP:0007948,5
HP:0003917,5
HP:0012432,5
HP:0007942,5
HP:0007859,5
HP:0009180,5
HP:0005437,5
HP:0011789,5
HP:0004280,5
HP:0200028,5
HP:3000026,5
HP:0100060,5
HP:0005856,5
HP:0003826,5
HP:0003932,5
HP:0005584,5
HP:0006509,5
HP:0012842,5
HP:0005256,5
HP:0011899,5
HP:0011967,5
HP:0012510,5
HP:0003077,5
HP:0007824,5
HP:0010138,5
HP:0009247,5
HP:0000796,5
HP:0011075,5
HP:0000791,5
HP:0002270,5
HP:0002048,5
HP:0007387,5
HP:0011890,5
HP:0002651,5
HP:0100344,5
HP:0001986,5
HP:0009192,5
HP:0002582,5
HP:0012840,5
HP:0009491,5
HP:0003954,5
HP:0000617,5
HP:0004902,5
HP:0012727,5
HP:0003976,5
HP:0005531,5
HP:0004822,5
HP:0009788,5
HP:0007873,5
HP:0100689,5
HP:0006729,5
HP:0100412,5
HP:3000060,5
HP:0012009,5
HP:0011033,5
HP:0011827,5
HP:0002589,5
HP:0006691,5
HP:0009565,5
HP:0011062,5
HP:0007316,5
HP:0006504,5
HP:3000034,5
HP:0010585,5
HP:0007537,5
HP:0004382,5
HP:0010808,5
HP:0001349,5
HP:0011647,5
HP:0011394,5
HP:0001053,5
HP:0012487,5
HP:0001880,5
HP:0001096,5
HP:0012538,5
HP:0012822,5
HP:0100069,5
HP:0012396,5
HP:0005602,5
HP:0001711,5
HP:0005956,5
HP:0020110,5
HP:0011320,5
HP:0010269,5
HP:0012155,5
HP:0011645,5
HP:0009641,5
HP:0006156,5
HP:0100524,5
HP:0007375,5
HP:0012543,5
HP:0005923,5
HP:0010170,5
HP:0007715,5
HP:0011372,5
HP:0000746,5
HP:0003057,5
HP:0011424,5
HP:0012562,5
HP:0004403,5
HP:0010839,5
HP:0007599,5
HP:0012103,5
HP:0012653,5
HP:0012683,5
HP:0004354,5
HP:0008803,5
HP:0003337,5
HP:0005306,5
HP:0004603,5
HP:0011770,5
HP:0009173,5
HP:0100027,5
HP:0012457,5
HP:0007361,5
HP:0012645,5
HP:0006659,5
HP:0004025,5
HP:0012731,5
HP:0001460,5
HP:0001600,5
HP:0000911,5
HP:0005349,5
HP:0008093,5
HP:0010294,5
HP:0007413,5
HP:0100064,5
HP:0008390,5
HP:0012262,5
HP:0004717,5
HP:0007455,5
HP:0100454,5
HP:0002791,5
HP:0002196,5
HP:0000215,5
HP:0009795,5
HP:0009246,5
HP:0006830,5
HP:0001717,5
HP:0000417,5
HP:0011733,5
HP:0003160,5
HP:0100491,5
HP:0012136,5
HP:0002644,5
HP:0005199,5
HP:0005365,5
HP:0008049,5
HP:0011260,5
HP:0003935,5
HP:0011945,5
HP:0011212,5
HP:0001637,5
HP:0005508,5
HP:0007641,5
HP:0100347,5
HP:0009120,5
HP:0007098,5
HP:0003015,5
HP:0100245,5
HP:0009769,5
HP:0005289,5
HP:0002152,5
HP:0001094,5
HP:0008921,5
HP:0012702,5
HP:0002202,5
HP:0002254,5
HP:0011792,5
HP:0000640,5
HP:0006892,5
HP:0011047,5
HP:0008005,5
HP:0004336,5
HP:0012585,5
HP:0002141,5
HP:0011548,5
HP:0012419,5
HP:0004259,5
HP:0100759,5
HP:0008208,5
HP:0003240,5
HP:0012051,5
HP:0001283,5
HP:0003916,5
HP:0001961,5
HP:0008467,5
HP:0009344,5
HP:0006144,5
HP:0006803,5
HP:0009325,5
HP:0004911,5
HP:0005877,5
HP:0008663,5
HP:0006184,5
HP:0010118,5
HP:0001099,5
HP:0000776,5
HP:0008222,5
HP:0008672,5
HP:0011834,5
HP:0004854,5
HP:0001015,5
HP:0012303,5
HP:0200067,5
HP:0012869,5
HP:0012674,5
HP:0100605,5
HP:0004013,5
HP:0007608,5
HP:0100694,5
HP:0100283,5
HP:0010997,5
HP:0011842,5
HP:0007446,5
HP:0100681,5
HP:0006463,5
HP:0006767,5
HP:0011723,5
HP:0009561,5
HP:0011004,5
HP:0004446,5
HP:0003150,5
HP:0000733,5
HP:0012252,5
HP:0011043,5
HP:0100769,5
HP:0010845,5
HP:0010157,5
HP:0100914,5
HP:0007911,5
HP:0011227,5
HP:0006598,5
HP:0002605,5
HP:0008275,5
HP:0001820,5
HP:0009138,5
HP:0008417,5
HP:0009077,5
HP:0004256,5
HP:0003463,5
HP:0004959,5
HP:0007504,5
HP:0004900,5
HP:0011750,5
HP:0009985,5
HP:0003931,5
HP:0008373,5
HP:0008194,5
HP:0004419,5
HP:0000709,5
HP:0010747,5
HP:0005329,5
HP:0003131,5
HP:0100623,5
HP:0100936,5
HP:0011276,5
HP:0011671,5
HP:0008993,5
HP:0002229,5
HP:0007107,5
HP:0010070,5
HP:0004926,5
HP:0008447,5
HP:0012882,5
HP:0000524,5
HP:0010984,5
HP:0004046,5
HP:0012514,5
HP:0009614,5
HP:0005435,5
HP:0001289,5
HP:0007913,5
HP:0011898,5
HP:0012658,5
HP:0011846,5
HP:0200143,5
HP:0003991,5
HP:0005386,5
HP:0009748,5
HP:0009441,5
HP:0100115,5
HP:0012623,5
HP:0000807,5
HP:0000124,5
HP:0008991,5
HP:0006308,5
HP:0006152,5
HP:0001024,5
HP:0010384,5
HP:0002863,5
HP:0011951,5
HP:0011058,5
HP:0008057,5
HP:0003998,5
HP:0100152,5
HP:0005834,5
HP:0010540,5
HP:0005288,5
HP:0002054,5
HP:0004008,5
HP:0008444,5
HP:0100470,5
HP:0001877,5
HP:0008115,5
HP:0100774,5
HP:0005768,5
HP:0008244,5
HP:0011912,5
HP:0005210,5
HP:0000549,5
HP:0011165,5
HP:0011505,5
HP:0100186,5
HP:0001345,5
HP:0006932,5
HP:0100488,5
HP:0004358,5
HP:0012863,5
HP:0002267,5
HP:0011782,5
HP:0006552,5
HP:0009162,5
HP:0004484,5
HP:0012391,5
HP:3000059,5
HP:0010657,5
HP:0004828,5
HP:0002349,5
HP:0009964,5
HP:0011354,5
HP:0100767,5
HP:0002722,5
HP:0011427,5
HP:0000751,5
HP:0004452,5
HP:0009498,5
HP:0010949,5
HP:0100958,5
HP:0010946,5
HP:0012438,5
HP:0100409,5
HP:0007686,5
HP:0001106,5
HP:0001942,5
HP:0000511,5
HP:0012168,5
HP:0003678,5
HP:0006891,5
HP:0007628,5
HP:0100651,5
HP:0100414,5
HP:0100811,5
HP:0006477,5
HP:0008720,5
HP:0100700,5
HP:0004028,5
HP:0010457,5
HP:0005548,5
HP:0012836,5
HP:0005561,5
HP:0009302,5
HP:0004060,5
HP:0006140,5
HP:0007115,5
HP:0012076,5
HP:0011996,5
HP:0009727,5
HP:0011141,5
HP:0007510,5
HP:0008127,5
HP:0009529,5
HP:0001587,5
HP:0011763,5
HP:0012642,5
HP:0010902,5
HP:0001161,5
HP:0009805,5
HP:0011254,5
HP:0011510,5
HP:0006606,5
HP:0004904,5
HP:0005415,5
HP:0009449,5
HP:0007096,5
HP:0100751,5
HP:0005512,5
HP:0100125,5
HP:0005961,5
HP:0010653,5
HP:0008517,5
HP:0012880,5
HP:0009316,5
HP:0009338,5
HP:0007443,5
HP:0006596,5
HP:0001085,5
HP:0010800,5
HP:0009970,5
HP:0004110,5
HP:0004934,5
HP:0009785,5
HP:0003939,5
HP:0100200,5
HP:0009582,5
HP:0008247,5
HP:0006441,5
HP:0009127,5
HP:0011466,5
HP:0002588,5
HP:0010360,5
HP:0003419,5
HP:0010665,5
HP:0004157,5
HP:0005250,5
HP:0002707,5
HP:0004785,5
HP:0100537,5
HP:0012856,5
HP:0000829,5
HP:0011457,5
HP:0007364,5
HP:0010095,5
HP:0012720,5
HP:0009794,5
HP:0011655,5
HP:0000677,5
HP:0007321,5
HP:0012106,5
HP:0012107,5
HP:0012108,5
HP:0010403,5
HP:0004933,5
HP:0007799,5
HP:0005147,5
HP:0010489,5
HP:0006014,5
HP:0012321,5
HP:0009394,5
HP:0003532,5
HP:0012393,5
HP:0011677,5
HP:0006060,5
HP:0007988,5
HP:0002572,5
HP:0001847,5
HP:0010713,5
HP:0001070,5
HP:0000017,5
HP:0100603,5
HP:0004272,5
HP:0012357,5
HP:0005335,5
HP:0100073,5
HP:0012219,5
HP:0011814,5
HP:0005597,5
HP:0005132,5
HP:0011330,5
HP:0008703,5
HP:0011918,5
HP:0010248,5
HP:0001163,5
HP:0000387,5
HP:0100938,5
HP:0008182,5
HP:0007436,5
HP:0009141,5
HP:0011083,5
HP:0003241,5
HP:0001786,5
HP:0007905,5
HP:0003837,5
HP:0005790,5
HP:0100604,5
HP:0002563,5
HP:0004049,5
HP:0000659,5
HP:0100884,5
HP:0100203,5
HP:0008414,5
HP:0008968,5
HP:0011931,5
HP:0003414,5
HP:0000654,5
HP:0002529,5
HP:0004058,5
HP:0003904,5
HP:0004153,5
HP:0011658,5
HP:0001474,5
HP:0100354,5
HP:0002773,5
HP:0000169,5
HP:0001718,5
HP:0100631,5
HP:0005478,5
HP:0012422,5
HP:0008705,5
HP:0010659,5
HP:0012019,5
HP:0100542,5
HP:0006755,5
HP:0006442,5
HP:0012375,5
HP:0003987,5
HP:0200046,5
HP:0005021,5
HP:0011124,5
HP:0002017,5
HP:0010690,5
HP:0012207,5
HP:0001734,5
HP:0009701,5
HP:0008515,5
HP:0004430,5
HP:0004863,5
HP:0001904,5
HP:0008393,5
HP:0003383,5
HP:0010232,5
HP:0006408,5
HP:0002850,5
HP:0100061,5
HP:0100010,5
HP:3000065,5
HP:0009386,5
HP:0010501,5
HP:0100172,5
HP:0009943,5
HP:0004342,5
HP:0009762,5
HP:0011361,5
HP:0010886,5
HP:0003394,5
HP:0000188,5
HP:0004861,5
HP:0003885,5
HP:0004836,5
HP:0002156,5
HP:0006479,5
HP:0012278,5
HP:0100773,5
HP:0009955,5
HP:0012874,5
HP:0008922,5
HP:0012390,5
HP:0004719,5
HP:0008489,5
HP:0100341,5
HP:0008407,5
HP:3000040,5
HP:0000868,5
HP:0004639,5
HP:0011892,5
HP:0002335,5
HP:0004544,5
HP:0010132,5
HP:0000007,5
HP:0010693,5
HP:0009222,5
HP:0003902,5
HP:0005255,5
HP:0008629,5
HP:0008418,5
HP:0000029,5
HP:0007690,5
HP:0011706,5
HP:0008528,5
HP:0001472,5
HP:0100432,5
HP:0003517,5
HP:0002322,5
HP:0005229,5
HP:0006772,5
HP:0004760,5
HP:0003232,5
HP:0100927,5
HP:0009572,5
HP:0009825,5
HP:0003492,5
HP:0005689,5
HP:0007704,5
HP:0012001,5
HP:0002043,5
HP:0012629,5
HP:0005640,5
HP:0001444,5
HP:0006607,5
HP:0006901,5
HP:0005458,5
HP:0009625,5
HP:0009998,5
HP:0007295,5
HP:0001092,5
HP:0000187,5
HP:0010588,5
HP:0009688,5
HP:0006725,5
HP:0004245,5
HP:0100367,5
HP:0010079,5
HP:0008002,5
HP:0012581,5
HP:0002818,5
HP:0009816,5
HP:0012467,5
HP:0012819,5
HP:0001724,5
HP:0003349,5
HP:0008468,5
HP:0009796,5
HP:0009838,5
HP:0100465,5
HP:0002580,5
HP:0000214,5
HP:0011140,5
HP:0000053,5
HP:0004002,5
HP:0000735,5
HP:0006157,5
HP:0004295,5
HP:0006191,5
HP:0008655,5
HP:0012455,5
HP:0005397,5
HP:0010875,5
HP:0100511,5
HP:0011429,5
HP:0004309,5
HP:0001403,5
HP:0002946,5
HP:0004007,5
HP:0008846,5
HP:0001580,5
HP:0009405,5
HP:0005772,5
HP:0012692,5
HP:0009780,5
HP:0006344,5
HP:0004121,5
HP:0011871,5
HP:0009422,5
HP:0001706,5
HP:0007655,5
HP:0006270,5
HP:0004947,5
HP:0004172,5
HP:0008819,5
HP:0002699,5
HP:0004356,5
HP:0002684,5
HP:0012130,5
HP:0001586,5
HP:0000012,5
HP:0005794,5
HP:0100570,5
HP:0003329,5
HP:0009273,5
HP:0005722,5
HP:0005645,5
HP:0002491,5
HP:0010055,5
HP:0007809,5
HP:0009374,5
HP:0004814,5
HP:0100752,5
HP:0004851,5
HP:0009390,5
HP:0002167,5
HP:0100893,5
HP:0100293,5
HP:3000018,5
HP:0010863,5
HP:0003535,5
HP:0006288,5
HP:0010516,5
HP:0004203,5
HP:0001952,5
HP:0010441,5
HP:0003265,5
HP:0002595,5
HP:0010077,5
HP:0005863,5
HP:0012269,5
HP:0005849,5
HP:0001965,5
HP:0002181,5
HP:0010767,5
HP:0004264,5
HP:0009333,5
HP:0001896,5
HP:0009691,5
HP:0011765,5
HP:0010827,5
HP:0012508,5
HP:0008589,5
HP:0012742,5
HP:0001742,5
HP:0004981,5
HP:0012427,5
HP:0005253,5
HP:0012150,5
HP:0005924,5
HP:0005944,5
HP:0009284,5
HP:0010615,5
HP:0003427,5
HP:0001083,5
HP:0010080,5
HP:0011937,5
HP:0100472,5
HP:0006473,5
HP:0010631,5
HP:0100602,5
HP:0010687,5
HP:0007822,5
HP:0008223,5
HP:0002657,5
HP:0005165,5
HP:0010711,5
HP:0011218,5
HP:0012704,5
HP:0005929,5
HP:0001501,5
HP:0100636,5
HP:0100380,5
HP:0003846,5
HP:0012318,5
HP:0009828,5
HP:0008702,5
HP:0012000,5
HP:0010599,5
HP:0011813,5
HP:0006707,5
HP:0100287,5
HP:0002411,5
HP:0011740,5
HP:0010891,5
HP:0006129,5
HP:0006769,5
HP:0008767,5
HP:0006158,5
HP:0006358,5
HP:0100854,5
HP:0011076,5
HP:0011885,5
HP:0011055,5
HP:0005575,5
HP:0000652,5
HP:3000014,5
HP:0008111,5
HP:0009320,5
HP:0000869,5
HP:0004616,5
HP:0001232,5
HP:0100273,5
HP:0012444,5
HP:0010061,5
HP:0004139,5
HP:0005824,5
HP:0000830,5
HP:0009232,5
HP:0006977,5
HP:0004607,5
HP:0100260,5
HP:0200012,5
HP:0012873,5
HP:0009219,5
HP:0007569,5
HP:0004487,5
HP:0012718,5
HP:0011414,5
HP:0003835,5
HP:0010538,5
HP:0010666,5
HP:0006167,5
HP:0003359,5
HP:0012679,5
HP:0000793,5
HP:0006367,5
HP:0100555,5
HP:0009063,5
HP:0010024,5
HP:0100738,5
HP:0006984,5
HP:0005917,5
HP:0004297,5
HP:0012148,5
HP:0008242,5
HP:0012484,5
HP:0011268,5
HP:0009448,5
HP:0009686,5
HP:0011778,5
HP:0008542,5
HP:0002652,5
HP:0008523,5
HP:0012608,5
HP:0006582,5
HP:0008668,5
HP:0007748,5
HP:0012299,5
HP:0010390,5
HP:0011034,5
HP:0005117,5
HP:0100473,5
HP:0003781,5
HP:0007566,5
HP:0200117,5
HP:0010278,5
HP:0009017,5
HP:0012599,5
HP:0006302,5
HP:0003759,5
HP:0009593,5
HP:0007649,5
HP:0009913,5
HP:0006623,5
HP:0002310,5
HP:0100066,5
HP:0009533,5
HP:0010382,5
HP:0009934,5
HP:0100002,5
HP:0002711,5
HP:0002574,5
HP:0007185,5
HP:0010692,5
HP:0005344,5
HP:0009920,5
HP:0009101,5
HP:0003738,5
HP:0001196,5
HP:0012120,5
HP:0002788,5
HP:0005401,5
HP:0007620,5
HP:0003928,5
HP:0005758,5
HP:0009004,5
HP:0008480,5
HP:0001195,5
HP:0005109,5
HP:0010313,5
HP:0012158,5
HP:0006230,5
HP:0008251,5
HP:0004224,5
HP:0100536,5
HP:0100580,5
HP:3000022,5
HP:0007553,5
HP:0009716,5
HP:0011796,5
HP:0002037,5
HP:0009540,5
HP:0012121,5
HP:0001459,5
HP:0006045,5
HP:0008071,5
HP:0200039,5
HP:0100401,5
HP:0007449,5
HP:0008421,5
HP:0000361,5
HP:3000003,5
HP:0002232,5
HP:0000886,5
HP:0008051,5
HP:0002292,5
HP:0006417,5
HP:0006088,5
HP:0005363,5
HP:3000077,5
HP:0001331,5
HP:0000834,5
HP:0011417,5
HP:0008383,5
HP:0004290,5
HP:0011396,5
HP:0003828,5
HP:0004095,5
HP:0008360,5
HP:0002290,5
HP:0010199,5
HP:0007190,5
HP:0012054,5
HP:0100151,5
HP:0003848,5
HP:0003139,5
HP:0010752,5
HP:0011642,5
HP:0005918,5
HP:0010284,5
HP:0100671,5
HP:0100877,5
HP:0009613,5
HP:0005400,5
HP:0000142,5
HP:0009977,5
HP:0004470,5
HP:0009851,5
HP:0002929,5
HP:0012325,5
HP:0004020,5
HP:0005559,5
HP:0007208,5
HP:0003944,5
HP:0011451,5
HP:0009899,5
HP:0012367,5
HP:0008537,5
HP:0005336,5
HP:0000163,5
HP:0001287,5
HP:0004566,5
HP:0010443,5
HP:0012858,5
HP:0007369,5
HP:0012097,5
HP:0012068,5
HP:0200047,5
HP:0010035,5
HP:0009812,5
HP:0010637,5
HP:0011364,5
HP:0200133,5
HP:0005977,5
HP:0002637,5
HP:0005236,5
HP:0005829,5
HP:0100460,5
HP:0010820,5
HP:0100217,5
HP:0011936,5
HP:0011562,5
HP:0012277,5
HP:0005220,5
HP:0200034,5
HP:0004573,5
HP:0006934,5
HP:0009372,5
HP:0007326,5
HP:0009071,5
HP:0006919,5
HP:0011985,5
HP:0100526,5
HP:0001702,5
HP:0002176,5
HP:0002333,5
HP:0100477,5
HP:0004763,5
HP:0012565,5
HP:0009884,5
HP:0009406,5
HP:0009790,5
HP:0009165,5
HP:0000812,5
HP:0002815,5
HP:0005390,5
HP:0005101,5
HP:0011399,5
HP:0011549,5
HP:0100572,5
HP:0000150,5
HP:0011732,5
HP:0005218,5
HP:0012646,5
HP:0100442,5
HP:0010953,5
HP:0005033,5
HP:0100445,5
HP:0008202,5
HP:0005879,5
HP:0004311,5
HP:0008747,5
HP:0004792,5
HP:0011174,5
HP:0010347,5
HP:3000032,5
HP:0007832,5
HP:0012059,5
HP:0100392,5
HP:0003091,5
HP:0006712,5
HP:0012765,5
HP:0005739,5
HP:0010341,5
HP:0000547,5
HP:0000478,5
HP:0012624,5
HP:0001756,5
HP:0003066,5
HP:0010604,5
HP:0009858,5
HP:0100194,5
HP:0001782,5
HP:0010544,5
HP:0009746,5
HP:0007414,5
HP:0007524,5
HP:0200011,5
HP:0004472,5
HP:0009709,5
HP:0010495,5
HP:0011828,5
HP:0000947,5
HP:0100494,5
HP:0000036,5
HP:0009185,5
HP:0003652,5
HP:0005345,5
HP:0000794,5
HP:0008887,5
HP:0000705,5
HP:0012518,5
HP:0007456,5
HP:0100922,5
HP:0002594,5
HP:0011673,5
HP:0005688,5
HP:0005941,5
HP:0100485,5
HP:0006591,5
HP:0002357,5
HP:0002027,5
HP:0012202,5
HP:0012671,5
HP:0011860,5
HP:3000066,5
HP:0001005,5
HP:0010721,5
HP:0000151,5
HP:0011774,5
HP:0003647,5
HP:0010647,5
HP:0010227,5
HP:0009993,5
HP:0005791,5
HP:0009905,5
HP:0003743,5
HP:0012761,5
HP:0010006,5
HP:0010498,5
HP:0100559,5
HP:0008076,5
HP:0012476,5
HP:0007407,5
HP:0010855,5
HP:0012740,5
HP:0011049,5
HP:0008420,5
HP:0008034,5
HP:0007721,5
HP:0012482,5
HP:0003563,5
HP:0005517,5
HP:0003682,5
HP:0003438,5
HP:0012373,5
HP:0100012,5
HP:0001735,5
HP:0003508,5
HP:0000454,5
HP:0011939,5
HP:0010022,5
HP:0100163,5
HP:0011163,5
HP:0009646,5
HP:0010746,5
HP:0010888,5
HP:0003947,5
HP:0001412,5
HP:0011202,5
HP:0001013,5
HP:0000385,5
HP:0000867,5
HP:0011581,5
HP:0000808,5
HP:0005343,5
HP:0007158,5
HP:0003456,5
HP:0010744,5
HP:0002478,5
HP:0000060,5
HP:0010333,5
HP:0007095,5
HP:0003889,5
HP:0005974,5
HP:0100174,5
HP:0012620,5
HP:0012451,5
HP:0009296,5
HP:0011196,5
HP:0008072,5
HP:0007937,5
HP:0005912,5
HP:0009348,5
HP:0004443,5
HP:0009527,5
HP:0010974,5
HP:0007812,5
HP:0003308,5
HP:0004783,5
HP:0007835,5
HP:0010904,5
HP:0010486,5
HP:0010150,5
HP:0006350,5
HP:0002672,5
HP:0012630,5
HP:0004383,5
HP:0005387,5
HP:0007089,5
HP:0000039,5
HP:0003859,5
HP:0100507,5
HP:0100230,5
HP:0005815,5
HP:0010349,5
HP:0009159,5
HP:0009423,5
HP:0008711,5
HP:0011525,5
HP:0011490,5
HP:0012592,5
HP:0009548,5
HP:0011924,5
HP:0003883,5
HP:0006161,5
HP:0007892,5
HP:0000535,5
HP:0001948,5
HP:0011160,5
HP:0012306,5
HP:0008226,5
HP:0011773,5
HP:0010156,5
HP:0011779,5
HP:0100515,5
HP:0005952,5
HP:0012290,5
HP:0000866,5
HP:0001437,5
HP:0100953,5
HP:0011665,5
HP:0003559,5
HP:0011820,5
HP:0010009,5
HP:0000756,5
HP:0006040,5
HP:0006089,5
HP:0012416,5
HP:0010537,5
HP:0012094,5
HP:0010626,5
HP:0002682,5
HP:0010766,5
HP:0004609,5
HP:0002312,5
HP:0010418,5
HP:0000429,5
HP:0010404,5
HP:0007744,5
HP:0003496,5
HP:0012162,5
HP:0010115,5
HP:0000526,5
HP:0100754,5
HP:0010648,5
HP:0001084,5
HP:0000077,5
HP:0100345,5
HP:0008079,5
HP:0010474,5
HP:0100673,5
HP:0009758,5
HP:0000599,5
HP:0005274,5
HP:0005802,5
HP:0100929,5
HP:0012372,5
HP:0007598,5
HP:0002724,5
HP:0010198,5
HP:0012512,5
HP:0007365,5
HP:0011487,5
HP:0009331,5
HP:0007508,5
HP:0002470,5
HP:0100911,5
HP:0011348,5
HP:0010514,5
HP:0008339,5
HP:0008460,5
HP:0001683,5
HP:0009908,5
HP:0003562,5
HP:0010822,5
HP:0011857,5
HP:0008872,5
HP:0008456,5
HP:0007961,5
HP:0005042,5
HP:0003841,5
HP:0004478,5
HP:0004038,5
HP:0011057,5
HP:0011368,5
HP:0011661,5
HP:0010264,5
HP:0100483,5
HP:0009573,5
HP:0012746,5
HP:0011244,5
HP:0011122,5
HP:0004646,5
HP:0000359,5
HP:0000607,5
HP:0010583,5
HP:0012837,5
HP:0002057,5
HP:0005973,5
HP:0012667,5
HP:0100102,5
HP:0010233,5
HP:0005241,5
HP:0012341,5
HP:0010053,5
HP:0010726,5
HP:0003113,5
HP:3000030,5
HP:0009822,5
HP:0010331,5
HP:0006434,5
HP:0100837,5
HP:0100816,5
HP:0011381,5
HP:0010344,5
HP:0004943,5
HP:0000388,5
HP:0011989,5
HP:0011335,5
HP:0009464,5
HP:0006012,5
HP:0012216,5
HP:0012212,5
HP:0010465,5
HP:0010731,5
HP:0002577,5
HP:0007830,5
HP:0010941,5
HP:0004950,5
HP:0000176,5
HP:0009895,5
HP:0006406,5
HP:0008269,5
HP:0004955,5
HP:0001693,5
HP:0100028,5
HP:0005245,5
HP:0010607,5
HP:0001694,5
HP:0000769,5
HP:0001915,5
HP:0007928,5
HP:0009117,5
HP:0000655,5
HP:0003882,5
HP:0006880,5
HP:0001264,5
HP:0012492,5
HP:0006877,5
HP:0001983,5
HP:0001480,5
HP:0005853,5
HP:0012687,5
HP:0007980,5
HP:0002243,5
HP:0003810,5
HP:3000029,5
HP:0001032,5
HP:0004339,5
HP:0000887,5
HP:0004963,5
HP:0009297,5
HP:0012815,5
HP:0005558,5
HP:0003421,5
HP:0000199,5
HP:0008144,5
HP:0011289,5
HP:0003275,5
HP:0011293,5
HP:0012821,5
HP:0008236,5
HP:0008400,5
HP:0006200,5
HP:0010289,5
HP:0003401,5
HP:0010740,5
HP:0012466,5
HP:0000667,5
HP:0000216,5
HP:0000532,5
HP:0011893,5
HP:0008677,5
HP:0010889,5
HP:0005612,5
HP:0000517,5
HP:0004439,5
HP:0005648,5
HP:0007923,5
HP:0009603,5
HP:0004762,5
HP:0002842,5
HP:0010059,5
HP:0002249,5
HP:0007165,5
HP:0002901,5
HP:0010947,5
HP:0003943,5
HP:0000759,5
HP:0005354,5
HP:0012775,5
HP:0007856,5
HP:0008729,5
HP:0012038,5
HP:0200066,5
HP:0100315,5
HP:0100040,5
HP:0009752,5
HP:0001241,5
HP:0010304,5
HP:0009384,5
HP:0011651,5
HP:0010678,5
HP:0010964,5
HP:0011653,5
HP:0002876,5
HP:0006593,5
HP:0002666,5
HP:0006332,5
HP:0003979,5
HP:0004913,5
HP:0004405,5
HP:0008256,5
HP:0011501,5
HP:0010063,5
HP:0009532,5
HP:0100825,5
HP:0008647,5
HP:0010247,5
HP:0100609,5
HP:0001970,5
HP:0000841,5
HP:0009116,5
HP:0006849,5
HP:0005994,5
HP:0001989,5
HP:0003489,5
HP:0009289,5
HP:0010160,5
HP:0006095,5
HP:0004431,5
HP:0002949,5
HP:0008573,5
HP:0001128,5
HP:0010728,5
HP:0011249,5
HP:0010478,5
HP:0010303,5
HP:0007408,5
HP:0000143,5
HP:0008794,5
HP:0006190,5
HP:0000149,5
HP:0005564,5
HP:0009742,5
HP:0008112,5
HP:0012872,5
HP:0008998,5
HP:0001955,5
HP:0001400,5
HP:0007675,5
HP:0002590,5
HP:0005590,5
HP:0010805,5
HP:0009229,5
HP:0011649,5
HP:0100190,5
HP:0001881,5
HP:0005402,5
HP:0006446,5
HP:0100078,5
HP:0008464,5
HP:0005927,5
HP:3000070,5
HP:0100552,5
HP:0005461,5
HP:0001384,5
HP:0009493,5
HP:0006311,5
HP:0012769,5
HP:0009679,5
HP:0003934,5
HP:0010164,5
HP:0010293,5
HP:0007204,5
HP:0010542,5
HP:0002732,5
HP:0007240,5
HP:0003382,5
HP:0007605,5
HP:0100241,5
HP:0003045,5
HP:0011269,5
HP:0001574,5
HP:0011698,5
HP:0003326,5
HP:0100423,5
HP:0011193,5
HP:0001012,5
HP:0003643,5
HP:0012140,5
HP:0005364,5
HP:0011694,5
HP:0010255,5
HP:0003295,5
HP:0007700,5
HP:0009257,5
HP:0002613,5
HP:0008053,5
HP:0006121,5
HP:0002924,5
HP:0000410,5
HP:0012395,5
HP:0009429,5
HP:0003541,5
HP:0008822,5
HP:0010795,5
HP:0010468,5
HP:3000050,5
HP:0012061,5
HP:0012634,5
HP:0004329,5
HP:0010165,5
HP:0002436,5
HP:0011435,5
HP:0003656,5
HP:0006334,5
HP:0004196,5
HP:0011393,5
HP:0100143,5
HP:0011859,5
HP:0007949,5
HP:0012376,5
HP:0011340,5
HP:0006599,5
HP:0002813,5
HP:0005010,5
HP:0007009,5
HP:0003861,5
HP:0012346,5
HP:0100096,5
HP:0004922,5
HP:0002074,5
HP:0012839,5
HP:0004565,5
HP:0007676,5
HP:0002847,5
HP:0100907,5
HP:0009389,5
HP:0100831,5
HP:0004571,5
HP:0012279,5
HP:0002034,5
HP:0008094,5
HP:0100285,5
HP:0005070,5
HP:0011281,5
HP:0010629,5
HP:0001119,5
HP:0010546,5
HP:0009099,5
HP:0006524,5
HP:0012555,5
HP:0010803,5
HP:0008416,5
HP:0011437,5
HP:0010130,5
HP:0003969,5
HP:0000971,5
HP:0004591,5
HP:0011158,5
HP:0000721,5
HP:0100899,5
HP:0012888,5
HP:0005857,5
HP:0011374,5
HP:0012413,5
HP:0000021,5
HP:0003448,5
HP:0100403,5
HP:0011385,5
HP:0007990,5
HP:0002248,5
HP:0003768,5
HP:0012402,5
HP:0009023,5
HP:0100527,5
HP:0012078,5
HP:0012365,5
HP:0000497,5
HP:0012022,5
HP:0010256,5
HP:0200015,5
HP:0011976,5
HP:0002418,5
HP:0008964,5
HP:0000107,5
HP:0010438,5
HP:0005183,5
HP:0002893,5
HP:0006070,5
HP:0007668,5
HP:0009787,5
HP:0011584,5
HP:0200138,5
HP:0012005,5
HP:0012787,5
HP:0006339,5
HP:0011031,5
HP:0001450,5
HP:0010129,5
HP:0010282,5
HP:0009735,5
HP:0010224,5
HP:0004825,5
HP:0000153,5
HP:0009252,5
HP:0009220,5
HP:0001651,5
HP:0030353,5
HP:0025092,5
HP:0011446,5
HP:0003459,5
HP:0011624,5
HP:0009323,5
HP:0009292,5
HP:0100037,5
HP:0008364,5
HP:0008255,5
HP:0100429,5
HP:0000419,5
HP:0006888,5
HP:0000828,5
HP:0006821,5
HP:0007338,5
HP:0012191,5
HP:0011837,5
HP:0011120,5
HP:0000749,5
HP:0006779,5
HP:0100882,5
HP:0011272,5
HP:0004017,5
HP:0009414,5
HP:0004338,5
HP:0002999,5
HP:0012798,5
HP:0008191,5
HP:0008056,5
HP:0012479,5
HP:0009623,5
HP:0008063,5
HP:0009501,5
HP:0000015,5
HP:0010846,5
HP:0004174,5
HP:0007597,5
HP:0001152,5
HP:0010088,5
HP:0012703,5
HP:0008000,5
HP:0009968,5
HP:0008030,5
HP:0011291,5
HP:0010775,5
HP:0001417,5
HP:0100729,5
HP:0002193,5
HP:0009391,5
HP:0010385,5
HP:0011443,5
HP:0012678,5
HP:0003870,5
HP:0012042,5
HP:0012706,5
HP:0011597,5
HP:0005019,5
HP:0000111,5
HP:0100478,5
HP:0003343,5
HP:0100942,5
HP:0200125,5
HP:0009956,5
HP:0010066,5
HP:0009460,5
HP:0007943,5
HP:0007390,5
HP:0100059,5
HP:0006530,5
HP:0012225,5
HP:0100844,5
HP:0000236,5
HP:0100118,5
HP:0100004,5
HP:0100335,5
HP:0010169,5
HP:0010410,5
HP:0100874,5
HP:0004122,5
HP:0012578,5
HP:0000271,5
HP:0009902,5
HP:0008341,5
HP:0012100,5
HP:0012879,5
HP:0012337,5
HP:0006858,5
HP:0008739,5
HP:0011758,5
HP:0010979,5
HP:0100898,5
HP:0004729,5
HP:0004262,5
HP:0100334,5
HP:0005368,5
HP:0009818,5
HP:0009857,5
HP:0011283,5
HP:0008469,5
HP:0004386,5
HP:0000619,5
HP:0011465,5
HP:0004554,5
HP:0100711,5
HP:0010106,5
HP:0009425,5
HP:0006500,5
HP:0009177,5
HP:0006670,5
HP:0012807,5
HP:0100891,5
HP:0001151,5
HP:0009692,5
HP:0007453,5
HP:0001995,5
HP:0100668,5
HP:0008024,5
HP:0002585,5
HP:0009212,5
HP:0000919,5
HP:0100626,5
HP:0008240,5
HP:0011428,5
HP:0010928,5
HP:3000025,5
HP:0012854,5
HP:0012169,5
HP:0000372,5
HP:0000125,5
HP:0008424,5
HP:0011305,5
HP:0012711,5
HP:0012611,5
HP:0011171,5
HP:0012412,5
HP:0005268,5
HP:0003719,5
HP:0100130,5
HP:0001362,5
HP:0012795,5
HP:0012560,5
HP:0006239,5
HP:0008433,5
HP:0011940,5
HP:0006470,5
HP:0100274,5
HP:0012293,5
HP:0006531,5
HP:0011440,5
HP:0100394,5
HP:0011142,5
HP:0010207,5
HP:0003051,5
HP:0008477,5
HP:0001006,5
HP:0005473,5
HP:0002087,5
HP:0002839,5
HP:0009306,5
HP:0011044,5
HP:0200118,5
HP:0100108,5
HP:0009983,5
HP:0002494,5
HP:0005346,5
HP:0003249,5
HP:0005254,5
HP:0007397,5
HP:0000590,5
HP:0009375,5
HP:0003182,5
HP:0012356,5
HP:0006581,5
HP:0004232,5
HP:0000234,5
HP:0009608,5
HP:0000896,5
HP:0002533,5
HP:0004712,5
HP:0009152,5
HP:0005609,5
HP:0100858,5
HP:0009618,5
HP:0011537,5
HP:0011790,5
HP:0002781,5
HP:0004704,5
HP:0009705,5
HP:0001800,5
HP:0003651,5
HP:0000825,5
HP:0002604,5
HP:0005326,5
HP:0011598,5
HP:0004047,5
HP:0009761,5
HP:0011475,5
HP:0003358,5
HP:0002464,5
HP:0006216,5
HP:0005520,5
HP:0000907,5
HP:0007542,5
HP:0010944,5
HP:0012338,5
HP:0004423,5
HP:0011635,5
HP:0009699,5
HP:0003974,5
HP:0012224,5
HP:0001376,5
HP:0009060,5
HP:0004490,5
HP:0005526,5
HP:0011392,5
HP:0009164,5
HP:0003397,5
HP:0002138,5
HP:0002810,5
HP:0006713,5
HP:0008441,5
HP:3000067,5
HP:0004972,5
HP:0011418,5
HP:0007792,5
HP:0005934,5
HP:0005453,5
HP:0011822,5
HP:0002346,5
HP:0012617,5
HP:0010560,5
HP:0011629,5
HP:0006392,5
HP:0100529,5
HP:0003534,5
HP:0001863,5
HP:0003865,5
HP:0003256,5
HP:0003971,5
HP:0004835,5
HP:0003494,5
HP:0010100,5
HP:0006368,5
HP:0200127,5
HP:0004277,5
HP:0100531,5
HP:0005266,5
HP:0003335,5
HP:0006232,5
HP:0006026,5
HP:0012497,5
HP:0009697,5
HP:0006366,5
HP:0200043,5
HP:0100284,5
HP:0012177,5
HP:0010432,5
HP:0011785,5
HP:0000704,5
HP:0010826,5
HP:0006389,5
HP:0100566,5
HP:0003262,5
HP:0003900,5
HP:0004784,5
HP:0002487,5
HP:0005339,5
HP:0010234,5
HP:0000674,5
HP:0011201,5
HP:0009169,5
HP:0010992,5
HP:0012541,5
HP:0000235,5
HP:0000615,5
HP:0005781,5
HP:0011060,5
HP:0000816,5
HP:0002792,5
HP:0100833,5
HP:0009295,5
HP:0006415,5
HP:0002271,5
HP:0007334,5
HP:0009597,5
HP:0001872,5
HP:0009031,5
HP:0003903,5
HP:0009264,5
HP:0001129,5
HP:0009007,5
HP:0012058,5
HP:0008656,5
HP:0003146,5
HP:0011022,5
HP:0006597,5
HP:0008762,5
HP:0012656,5
HP:0100220,5
HP:0004053,5
HP:0000035,5
HP:0011187,5
HP:0007727,5
HP:0003649,5
HP:0003086,5
HP:0001011,5
HP:0010773,5
HP:0005208,5
HP:0001076,5
HP:0012766,5
HP:0007761,5
HP:0006955,5
HP:0004434,5
HP:0005407,5
HP:0011002,5
HP:0012584,5
HP:0009986,5
HP:0006147,5
HP:0005613,5
HP:0005964,5
HP:0008783,5
HP:0100136,5
HP:0005327,5
HP:0010504,5
HP:0003130,5
HP:0007647,5
HP:0010732,5
HP:0007661,5
HP:0012726,5
HP:0010510,5
HP:0012554,5
HP:0012545,5
HP:0010497,5
HP:0010810,5
HP:0008162,5
HP:0011303,5
HP:0000260,5
HP:0007348,5
HP:0009417,5
HP:0010472,5
HP:0010961,5
HP:0002256,5
HP:0007438,5
HP:0004491,5
HP:0012812,5
HP:0010754,5
HP:0010072,5
HP:0100310,5
HP:0000849,5
HP:0003021,5
HP:0003371,5
HP:3000017,5
HP:0011139,5
HP:0000773,5
HP:0009153,5
HP:0009903,5
HP:0011604,5
HP:0003226,5
HP:0012227,5
HP:0011298,5
HP:0007395,5
HP:0007384,5
HP:0005947,5
HP:0010444,5
HP:0008577,5
HP:0009976,5
HP:0002688,5
HP:0008462,5
HP:0003862,5
HP:0012776,5
HP:0012850,5
HP:0000597,5
HP:0011116,5
HP:0011895,5
HP:0003341,5
HP:0004860,5
HP:3000071,5
HP:0003248,5
HP:0011760,5
HP:0002992,5
HP:0002033,5
HP:0002743,5
HP:0010791,5
HP:0008946,5
HP:0010600,5
HP:0011207,5
HP:0004326,5
HP:0003357,5
HP:0012614,5
HP:0008498,5
HP:0003392,5
HP:0008369,5
HP:0100512,5
HP:0007048,5
HP:0005583,5
HP:0001722,5
HP:0000632,5
HP:0002318,5
HP:0011117,5
HP:0001962,5
HP:0004664,5
HP:0000370,5
HP:0011513,5
HP:0004601,5
HP:0011154,5
HP:0000309,5
HP:0001592,5
HP:0001305,5
HP:0100450,5
HP:0010727,5
HP:0000610,5
HP:0005967,5
HP:0001401,5
HP:0003362,5
HP:3000041,5
HP:0007818,5
HP:0100444,5
HP:0012382,5
HP:0010260,5
HP:0011563,5
HP:0007717,5
HP:0011908,5
HP:0002720,5
HP:0100366,5
HP:0200000,5
HP:0010172,5
HP:0001428,5
HP:0006637,5
HP:0004499,5
HP:0011471,5
HP:0000014,5
HP:3000052,5
HP:0002242,5
HP:0011365,5
HP:0009287,5
HP:0002822,5
HP:0005921,5
HP:0008402,5
HP:0004768,5
HP:0006986,5
HP:0008452,5
HP:0000809,5
HP:0000297,5
HP:0004188,5
HP:0000451,5
HP:0012388,5
HP:0009119,5
HP:0011817,5
HP:0006337,5
HP:0005026,5
HP:0005164,5
HP:0004920,5
HP:0008036,5
HP:0007404,5
HP:0001039,5
HP:0008293,5
HP:0008478,5
HP:0005423,5
HP:0100434,5
HP:0200120,5
HP:0010190,5
HP:0005206,5
HP:0007066,5
HP:0003561,5
HP:0007573,5
HP:0011321,5
HP:0012715,5
HP:0008435,5
HP:0007346,5
HP:0010867,5
HP:0005187,5
HP:0100116,5
HP:0012668,5
HP:0007702,5
HP:0005379,5
HP:0012613,5
HP:0009996,5
HP:0003103,5
HP:0001291,5
HP:0100087,5
HP:0005157,5
HP:0012590,5
HP:0010268,5
HP:0001802,5
HP:0009892,5
HP:0011078,5
HP:0005133,5
HP:0011621,5
HP:0002694,5
HP:0009829,5
HP:0012606,5
HP:0007277,5
HP:0012564,5
HP:0010316,5
HP:0002624,5
HP:0100349,5
HP:0010097,5
HP:0012218,5
HP:0008789,5
HP:0008132,5
HP:0011356,5
HP:0011143,5
HP:0012220,5
HP:0100663,5
HP:0002453,5
HP:0006431,5
HP:0011052,5
HP:0001709,5
HP:0003923,5
HP:0000757,5
HP:0002423,5
HP:0010265,5
HP:0005441,5
HP:0006579,5
HP:0010882,5
HP:0004372,5
HP:0009725,5
HP:0007782,5
HP:0010373,5
HP:0100056,5
HP:0009513,5
HP:0011351,5
HP:0010616,5
HP:0007691,5
HP:0009134,5
HP:0004846,5
HP:0010978,5
HP:0006277,5
HP:0008610,5
HP:0011459,5
HP:0007425,5
HP:0012598,5
HP:0005151,5
HP:0005234,5
HP:0009102,5
HP:0003791,5
HP:0011715,5
HP:0012067,5
HP:0007574,5
HP:0011467,5
HP:0001105,5
HP:0010933,5
HP:0010699,5
HP:0009693,5
HP:0100272,5
HP:0012066,5
HP:0003572,5
HP:0100343,5
HP:0005899,5
HP:0007740,5
HP:0002795,5
HP:0008124,5
HP:0003207,5
HP:0002867,5
HP:0008833,5
HP:0007529,5
HP:0000676,5
HP:0003975,5
HP:0100541,5
HP:0007589,5
HP:0100656,5
HP:0009342,5
HP:0010981,5
HP:0011959,5
HP:0004273,5
HP:0011376,5
HP:0009978,5
HP:0004268,5
HP:0011146,5
HP:0100314,5
HP:0009121,5
HP:0009461,5
HP:0004524,5
HP:0003524,5
HP:0005833,5
HP:0002522,5
HP:0011167,5
HP:0009947,5
HP:0004359,5
HP:0100312,5
HP:0001003,5
HP:0011702,5
HP:0002686,5
HP:0000255,5
HP:0008066,5
HP:0009624,5
HP:0005141,5
HP:0009328,5
HP:0000897,5
HP:0003897,5
HP:0000551,5
HP:0004247,5
HP:0010989,5
HP:0100100,5
HP:0009184,5
HP:0004305,5
HP:0003557,5
HP:0005263,5
HP:0011450,5
HP:0005442,5
HP:0011567,5
HP:0001958,5
HP:0007220,5
HP:0011406,5
HP:0011068,5
HP:0003149,5
HP:0011529,5
HP:0005048,5
HP:0005285,5
HP:0008817,5
HP:0100467,5
HP:0200128,5
HP:0100338,5
HP:0003137,5
HP:0005310,5
HP:0004241,5
HP:0012159,5
HP:0009740,5
HP:0011096,5
HP:0011593,5
HP:0007086,5
HP:0008678,5
HP:0009282,5
HP:0011637,5
HP:0010723,5
HP:0001960,5
HP:0006558,5
HP:0008676,5
HP:0005991,5
HP:0006694,5
HP:0012213,5
HP:0010285,5
HP:0006687,5
HP:0000119,5
HP:0001557,5
HP:0100954,5
HP:0012128,5
HP:0009612,5
HP:0008978,5
HP:0010290,5
HP:0001772,5
HP:0004394,5
HP:0011825,5
HP:0200119,5
HP:0010076,5
HP:0007420,5
HP:0009488,5
HP:0007922,5
HP:0007866,5
HP:0005479,5
HP:0004389,5
HP:0008691,5
HP:0012080,5
HP:0010124,5
HP:0007756,5
HP:0012733,5
HP:0008142,5
HP:0200050,5
HP:0100305,5
HP:0100796,5
HP:0006265,5
HP:0002450,5
HP:0001454,5
HP:0009462,5
HP:0010225,5
HP:0009855,5
HP:0008386,5
HP:0009467,5
HP:0100368,5
HP:0008967,5
HP:0006872,5
HP:0008330,5
HP:0010277,5
HP:0011380,5
HP:0004031,5
HP:0012549,5
HP:0011206,5
HP:0009642,5
HP:0008484,5
HP:0006714,5
HP:0000539,5
HP:0007786,5
HP:0100726,5
HP:0100218,5
HP:0000159,5
HP:0100001,5
HP:0011643,5
HP:0002154,5
HP:0004278,5
HP:0100053,5
HP:0011080,5
HP:0005745,5
HP:0010393,5
HP:0004936,5
HP:0007488,5
HP:0011093,5
HP:0012723,5
HP:0010710,5
HP:0008186,5
HP:0011776,5
HP:0006744,5
HP:0100864,5
HP:0002538,5
HP:0007146,5
HP:0010559,5
HP:0010469,5
HP:0011419,5
HP:0012660,5
HP:0005930,5
HP:0200105,5
HP:0001827,5
HP:0003919,5
HP:0008318,5
HP:0009799,5
HP:0002194,5
HP:0009519,5
HP:3000027,5
HP:0006529,5
HP:0000790,5
HP:0000430,5
HP:0009136,5
HP:0006011,5
HP:0006834,5
HP:0002050,5
HP:0010912,5
HP:0010923,5
HP:0009650,5
HP:0004629,5
HP:0012045,5
HP:0000471,5
HP:0002894,5
HP:0100674,5
HP:0000292,5
HP:0006641,5
HP:0007341,5
HP:0007193,5
HP:0011947,5
HP:0006426,5
HP:0000940,5
HP:0004024,5
HP:0001982,5
HP:0010181,5
HP:0010868,5
HP:0011483,5
HP:0100453,5
HP:0010844,5
HP:0007917,5
HP:0009883,5
HP:0002886,5
HP:0010931,5
HP:0012314,5
HP:0010401,5
HP:0006903,5
HP:0004349,5
HP:0100642,5
HP:0010202,5
HP:0009988,5
HP:0012738,5
HP:0012774,5
HP:0009941,5
HP:0011873,5
HP:0005290,5
HP:0001879,5
HP:0011663,5
HP:0011132,5
HP:0004239,5
HP:0010764,5
HP:0007396,5
HP:0010954,5
HP:0007291,5
HP:0004855,5
HP:0010804,5
HP:0011180,5
HP:0009392,5
HP:0009056,5
HP:0006812,5
HP:0004367,5
HP:0009878,5
HP:0010877,5
HP:0007162,5
HP:0100003,5
HP:0008216,5
HP:0011674,5
HP:0010440,5
HP:0010057,5
HP:0100587,5
HP:0007249,5
HP:0100440,5
HP:0003720,5
HP:0006559,5
HP:0006994,5
HP:0008697,5
HP:3000074,5
HP:0006964,5
HP:0008694,5
HP:0010639,5
HP:0012557,5
HP:0007519,5
HP:0100762,5
HP:0010680,5
HP:0000933,5
HP:0100373,5
HP:0009909,5
HP:0012684,5
HP:0007738,5
HP:0010026,5
HP:0007417,5
HP:0100806,5
HP:0100525,5
HP:3000046,5
HP:0000913,5
HP:0001482,5
HP:0100647,5
HP:0010428,5
HP:0009418,5
HP:0100632,5
HP:0001061,5
HP:0003587,5
HP:0009687,5
HP:0100317,5
HP:0100486,5
HP:0005068,5
HP:0000503,5
HP:0011685,5
HP:0009016,5
HP:0008039,5
HP:0002435,5
HP:0004810,5
HP:0009299,5
HP:0010518,5
HP:0005560,5
HP:0001001,5
HP:0010273,5
HP:0200101,5
HP:0002552,5
HP:0100750,5
HP:0000725,5
HP:0100563,5
HP:0100103,5
HP:0011578,5
HP:0010475,5
HP:0001093,5
HP:0200029,5
HP:0009950,5
HP:0006413,5
HP:0010506,5
HP:0006668,5
HP:0006533,5
HP:0012561,5
HP:0009290,5
HP:0000148,5
HP:0004291,5
HP:0100173,5
HP:0100785,5
HP:0011015,5
HP:0010651,5
HP:0012799,5
HP:0004800,5
HP:3000058,5
HP:0003351,5
HP:0008796,5
HP:0009510,5
HP:0007268,5
HP:0001525,5
HP:0002006,5
HP:0012280,5
HP:0100187,5
HP:0010178,5
HP:0012026,5
HP:0003001,5
HP:0012013,5
HP:0011576,5
HP:0009756,5
HP:0003555,5
HP:0011053,5
HP:0007903,5
HP:0001608,5
HP:0010786,5
HP:0012030,5
HP:0005429,5
HP:0003573,5
HP:0100226,5
HP:0011994,5
HP:0002622,5
HP:0012230,5
HP:0003853,5
HP:0010422,5
HP:0010967,5
HP:0010220,5
HP:0000240,5
HP:0006956,5
HP:0001929,5
HP:0009782,5
HP:0004143,5
HP:0009317,5
HP:0012824,5
HP:0005312,5
HP:0009355,5
HP:0002816,5
HP:0002583,5
HP:0006346,5
HP:0010531,5
HP:0100150,5
HP:0008031,5
HP:0200107,5
HP:0001852,5
HP:0001885,5
HP:0100300,5
HP:0004418,5
HP:0011257,5
HP:0003839,5
HP:0001379,5
HP:0012048,5
HP:0012669,5
HP:0009911,5
HP:0008150,5
HP:0000758,5
HP:0009268,5
HP:0012210,5
HP:0100706,5
HP:0007587,5
HP:0009431,5
HP:0005900,5
HP:0100653,5
HP:0008952,5
HP:0011925,5
HP:0002149,5
HP:0100518,5
HP:0000228,5
HP:0012591,5
HP:0100840,5
HP:0011902,5
HP:0011726,5
HP:0005665,5
HP:0006731,5
HP:0004820,5
HP:0005294,5
HP:0010194,5
HP:0008432,5
HP:0010593,5
HP:0006496,5
HP:0001905,5
HP:0009774,5
HP:0010025,5
HP:0011935,5
HP:0007441,5
HP:0009776,5
HP:0004864,5
HP:0009840,5
HP:0009044,5
HP:0008327,5
HP:0009500,5
HP:0010543,5
HP:0004734,5
HP:0004302,5
HP:0009724,5
HP:0004619,5
HP:0010134,5
HP:0007479,5
HP:0006179,5
HP:0100109,5
HP:0100288,5
HP:0009634,5
HP:0006564,5
HP:0009595,5
HP:0005265,5
HP:0100809,5
HP:0004324,5
HP:0010090,5
HP:0012539,5
HP:0011184,5
HP:0009158,5
HP:0012520,5
HP:0000033,5
HP:0200129,5
HP:0004250,5
HP:0005059,5
HP:0003473,5
HP:0100304,5
HP:0100556,5
HP:0008598,5
HP:0006298,5
HP:0011824,5
HP:0100925,5
HP:0006146,5
HP:0008491,5
HP:0002738,5
HP:0009455,5
HP:0003612,5
HP:0100246,5
HP:0009835,5
HP:0010617,5
HP:0008297,5
HP:0003878,5
HP:0007074,5
HP:0011801,5
HP:0009747,5
HP:0012778,5
HP:0010911,5
HP:0009526,5
HP:0002365,5
HP:0005625,5
HP:0011397,5
HP:0012383,5
HP:0007987,5
HP:0100167,5
HP:3000047,5
HP:0012142,5
HP:0009298,5
HP:0010988,5
HP:0012532,5
HP:0009312,5
HP:0000117,5
HP:0000383,5
HP:0008516,5
HP:0100630,5
HP:0007932,5
HP:0001181,5
HP:0100961,5
HP:0008763,5
HP:0008419,5
HP:0011818,5
HP:0005876,5
HP:0005036,5
HP:0003085,5
HP:0012123,5
HP:0001071,5
HP:0003398,5
HP:0011747,5
HP:0010359,5
HP:0010733,5
HP:0100191,5
HP:0007677,5
HP:0000848,5
HP:0002475,5
HP:0010632,5
HP:0006881,5
HP:0001167,5
HP:0010701,5
HP:0002111,5
HP:0009745,5
HP:0006397,5
HP:0010210,5
HP:0200084,5
HP:0010966,5
HP:0004887,5
HP:0001187,5
HP:0005317,5
HP:0003960,5
HP:0001466,5
HP:0010980,5
HP:0007971,5
HP:0012379,5
HP:0011159,5
HP:0001917,5
HP:0004344,5
HP:0006514,5
HP:0004214,5
HP:0006252,5
HP:0003093,5
HP:0011485,5
HP:0012868,5
HP:0007583,5
HP:0003895,5
HP:0100133,5
HP:0008615,5
HP:0004940,5
HP:0009962,5
HP:0001920,5
HP:0007041,5
HP:0005322,5
HP:0010083,5
HP:0009108,5
HP:0200099,5
HP:0012697,5
HP:0011111,5
HP:0003725,5
HP:0007057,5
HP:0009723,5
HP:0002064,5
HP:0011012,5
HP:0006480,5
HP:0010921,5
HP:0004010,5
HP:0100201,5
HP:0010590,5
HP:0008259,5
HP:0001946,5
HP:0009852,5
HP:0003133,5
HP:0004812,5
HP:0001370,5
HP:0200071,5
HP:0007705,5
HP:0012164,5
HP:0008752,5
HP:0001838,5
HP:0006357,5
HP:0010368,5
HP:0008947,5
HP:0011013,5
HP:0100701,5
HP:0003174,5
HP:0007149,5
HP:0100910,5
HP:0006774,5
HP:0004676,5
HP:0005108,5
HP:0100657,5
HP:0006689,5
HP:0000892,5
HP:0001442,5
HP:0011878,5
HP:0005050,5
HP:0005925,5
HP:0000071,5
HP:0004286,5
HP:0100798,5
HP:0003842,5
HP:0000723,5
HP:0009187,5
HP:0011469,5
HP:0006262,5
HP:0009210,5
HP:0011069,5
HP:0007023,5
HP:0007609,5
HP:0001100,5
HP:0005003,5
HP:0012255,5
HP:0000130,5
HP:0100408,5
HP:0009179,5
HP:0002891,5
HP:0007692,5
HP:0100820,5
HP:0011742,5
HP:0010375,5
HP:0001233,5
HP:0007475,5
HP:0011123,5
HP:0006692,5
HP:0001678,5
HP:0006494,5
HP:0006615,5
HP:0009912,5
HP:0004036,5
HP:0010366,5
HP:0004426,5
HP:0010603,5
HP:0007166,5
HP:0007993,5
HP:0200026,5
HP:0011353,5
HP:0007362,5
HP:0007992,5
HP:0000875,5
HP:0010818,5
HP:0011722,5
HP:0012661,5
HP:0009051,5
HP:0012234,5
HP:0010876,5
HP:0012401,5
HP:0100547,5
HP:0004625,5
HP:0011514,5
HP:0010485,5
HP:0010781,5
HP:0007314,5
HP:0007606,5
HP:0002509,5
HP:0001074,5
HP:0005750,5
HP:0009815,5
HP:0009221,5
HP:0004450,5
HP:0100717,5
HP:0000737,5
HP:0004630,5
HP:0009928,5
HP:0008821,5
HP:0010238,5
HP:0005303,5
HP:0005347,5
HP:0004997,5
HP:0100665,5
HP:0011768,5
HP:0007376,5
HP:0004848,5
HP:0003224,5
HP:0003942,5
HP:0003168,5
HP:0002131,5
HP:0010548,5
HP:0100384,5
HP:0010451,5
HP:0009412,5
HP:0005404,5
HP:0100381,5
HP:0011928,5
HP:0003966,5
HP:0010488,5
HP:0010622,5
HP:0008020,5
HP:0000198,5
HP:0009937,5
HP:0100113,5
HP:0001180,5
HP:0011357,5
HP:0008335,5
HP:0003958,5
HP:0001408,5
HP:0100030,5
HP:0100601,5
HP:0010461,5
HP:0010149,5
HP:0006690,5
HP:0011509,5
HP:0005831,5
HP:0000764,5
HP:0005776,5
HP:0008372,5
HP:0000782,5
HP:0008838,5
HP:0012170,5
HP:0100765,5
HP:0004347,5
HP:0001713,5
HP:0003254,5
HP:0007123,5
HP:0012287,5
HP:0010704,5
HP:0009245,5
HP:0009609,5
HP:0001457,5
HP:0006980,5
HP:0002457,5
HP:0006813,5
HP:0008316,5
HP:0001435,5
HP:0100829,5
HP:0006782,5
HP:0005549,5
HP:0012544,5
HP:0100045,5
HP:0010459,5
HP:0005182,5
HP:0004621,5
HP:0011662,5
HP:0006673,5
HP:0012131,5
HP:0100097,5
HP:0007058,5
HP:0010784,5
HP:0005130,5
HP:0006449,5
HP:0007081,5
HP:0008529,5
HP:0006476,5
HP:0004461,5
HP:0009237,5
HP:0001785,5
HP:0012073,5
HP:0003231,5
HP:0011152,5
HP:0009003,5
HP:0005066,5
HP:0004471,5
HP:0006489,5
HP:0008818,5
HP:0004043,5
HP:0011786,5
HP:0011592,5
HP:0010249,5
HP:0002197,5
HP:0009430,5
HP:0003855,5
HP:0009611,5
HP:0100358,5
HP:0007064,5
HP:0007215,5
HP:0009652,5
HP:0006735,5
HP:0004689,5
HP:0011102,5
HP:0007308,5
HP:0001670,5
HP:0008504,5
HP:0006019,5
HP:0100153,5
HP:0009166,5
HP:0005411,5
HP:0009266,5
HP:0000349,5
HP:0001430,5
HP:0009502,5
HP:0009128,5
HP:0100050,5
HP:0000282,5
HP:0001144,5
HP:0001627,5
HP:0100462,5
HP:0001042,5
HP:0003246,5
HP:0002641,5
HP:0011934,5
HP:0100410,5
HP:0004019,5
HP:0004281,5
HP:0001912,5
HP:0001136,5
HP:0011046,5
HP:0005181,5
HP:0005217,5
HP:0009711,5
HP:0006206,5
HP:0100262,5
HP:0001545,5
HP:0006110,5
HP:0012113,5
HP:0007206,5
HP:0011622,5
HP:0005214,5
HP:0002971,5
HP:0012028,5
HP:0001660,5
HP:0008984,5
HP:0008476,5
HP:0001648,5
HP:0100624,5
HP:0008073,5
HP:0010825,5
HP:0011235,5
HP:0009244,5
HP:0009172,5
HP:0004690,5
HP:0010201,5
HP:0100766,5
HP:0011634,5
HP:0001080,5
HP:0001425,5
HP:0011225,5
HP:0011982,5
HP:0008189,5
HP:0100437,5
HP:0012488,5
HP:0010179,5
HP:0007867,5
HP:0010125,5
HP:0005233,5
HP:0000394,5
HP:0004552,5
HP:0012717,5
HP:0009504,5
HP:0011516,5
HP:0011844,5
HP:0000707,5
HP:0001848,5
HP:0001804,5
HP:0011367,5
HP:0003610,5
HP:0010578,5
HP:0012182,5
HP:0008559,5
HP:0001014,5
HP:0100377,5
HP:0100016,5
HP:0005541,5
HP:0010993,5
HP:0009598,5
HP:0007603,5
HP:0010508,5
HP:0011816,5
HP:0008588,5
HP:0011292,5
HP:0011181,5
HP:0008890,5
HP:0005314,5
HP:0009188,5
HP:0003105,5
HP:0100500,5
HP:0011347,5
HP:0000481,5
HP:0005828,5
HP:0000081,5
HP:0005932,5
HP:0007687,5
HP:0006234,5
HP:0011799,5
HP:0010262,5
HP:0004407,5
HP:0004021,5
HP:0002341,5
HP:0002909,5
HP:0004826,5
HP:0200016,5
HP:0012556,5
HP:0002579,5
HP:0005576,5
HP:0003999,5
HP:0012446,5
HP:0100723,5
HP:0006333,5
HP:0002103,5
HP:0001025,5
HP:0006555,5
HP:0004914,5
HP:0006684,5
HP:0008472,5
HP:0003063,5
HP:0010454,5
HP:0009484,5
HP:0001680,5
HP:0001355,5
HP:0012313,5
HP:0010730,5
HP:0002275,5
HP:0000220,5
HP:0008740,5
HP:0200146,5
HP:0012791,5
HP:0012226,5
HP:0000376,5
HP:0100748,5
HP:0005299,5
HP:0007200,5
HP:0011036,5
HP:0011479,5
HP:0100643,5
HP:0011371,5
HP:0007695,5
HP:0004474,5
HP:0006756,5
HP:0005571,5
HP:0006112,5
HP:0004925,5
HP:0011835,5
HP:0011442,5
HP:0011907,5
HP:0004891,5
HP:0000464,5
HP:0007634,5
HP:0011199,5
HP:0100289,5
HP:0011863,5
HP:0010691,5
HP:0012424,5
HP:0006189,5
HP:0006226,5
HP:0008108,5
HP:0007815,5
HP:0001226,5
HP:0012523,5
HP:0008664,5
HP:0010479,5
HP:0010669,5
HP:0012550,5
HP:0100629,5
HP:0008017,5
HP:0003042,5
HP:0012604,5
HP:0010898,5
HP:0003696,5
HP:0008078,5
HP:0000777,5
HP:0004323,5
HP:0000854,5
HP:0003502,5
HP:0001894,5
HP:0007549,5
HP:0003933,5
HP:0005103,5
HP:0011741,5
HP:0100431,5
HP:0012602,5
HP:0008744,5
HP:0011881,5
HP:0001231,5
HP:0008434,5
HP:0009602,5
HP:0007850,5
HP:0011473,5
HP:0011990,5
HP:0003162,5
HP:0011872,5
HP:0012586,5
HP:0004417,5
HP:0010852,5
HP:0009704,5
HP:0012743,5
HP:0010936,5
HP:0002733,5
HP:0009489,5
HP:0005200,5
HP:0100224,5
HP:0009301,5
HP:0010776,5
HP:0009696,5
HP:0009528,5
HP:0100020,5
HP:0002493,5
HP:0008204,5
HP:0100439,5
HP:0010562,5
HP:0100768,5
HP:0100080,5
HP:0000073,5
HP:0100233,5
HP:0001854,5
HP:0011524,5
HP:0008830,5
HP:0004042,5
HP:0010977,5
HP:0100180,5
HP:0011713,5
HP:0004283,5
HP:0004168,5
HP:0008048,5
HP:0100427,5
HP:0002793,5
HP:0001757,5
HP:0100419,5
HP:0006655,5
HP:0100134,5
HP:0003940,5
HP:0002737,5
HP:0002667,5
HP:0011233,5
HP:0000831,5
HP:0008733,5
HP:0012621,5
HP:0012144,5
HP:0000460,5
HP:0010522,5
HP:0011038,5
HP:0100168,5
HP:0004915,5
HP:0012498,5
HP:0100082,5
HP:0010305,5
HP:0100504,5
HP:0001134,5
HP:0008165,5
HP:0003340,5
HP:0006228,5
HP:0005456,5
HP:0004610,5
HP:0100322,5
HP:0010086,5
HP:0011327,5
HP:0001407,5
HP:0007159,5
HP:0012770,5
HP:0100271,5
HP:0002697,5
HP:0011349,5
HP:0001726,5
HP:0005462,5
HP:0011204,5
HP:0100746,5
HP:0003034,5
HP:0005177,5
HP:0001966,5
HP:0004724,5
HP:0011222,5
HP:0007541,5
HP:0001790,5
HP:0012102,5
HP:0011972,5
HP:0001669,5
HP:0001445,5
HP:0000269,5
HP:0002190,5
HP:0010802,5
HP:0009064,5
HP:0100862,5
HP:0010426,5
HP:0009213,5
HP:0009626,5
HP:0011005,5
HP:0003874,5
HP:0009919,5
HP:0100909,5
HP:0010908,5
HP:0001776,5
HP:0008754,5
HP:0012593,5
HP:0009554,5
HP:0000290,5
HP:0011638,5
HP:0100083,5
HP:0012826,5
HP:0003076,5
HP:0010658,5
HP:0011535,5
HP:0009853,5
HP:0012513,5
HP:0007915,5
HP:0010168,5
HP:0100468,5
HP:0002140,5
HP:0008361,5
HP:0100881,5
HP:0001902,5
HP:0006645,5
HP:0001996,5
HP:0010660,5
HP:0003319,5
HP:0011362,5
HP:0010253,5
HP:0003309,5
HP:0200053,5
HP:0004379,5
HP:0012181,5
HP:0011660,5
HP:0010614,5
HP:0004886,5
HP:0200147,5
HP:0002648,5
HP:0011288,5
HP:0200018,5
HP:0011197,5
HP:0009469,5
HP:0012295,5
HP:0100611,5
HP:0007187,5
HP:0011035,5
HP:0009463,5
HP:0006702,5
HP:0006280,5
HP:0007403,5
HP:0012536,5
HP:0010595,5
HP:0000002,5
HP:0003884,5
HP:0011455,5
HP:0002640,5
HP:0006706,5
HP:0010492,5
HP:0002207,5
HP:0008449,5
HP:0100275,5
HP:0003075,5
HP:0003214,5
HP:3000021,5
HP:0003234,5
HP:0003469,5
HP:0011077,5
HP:0010712,5
HP:0010962,5
HP:0011369,5
HP:0007886,5
HP:0004468,5
HP:0004453,5
HP:0010625,5
HP:0005009,5
HP:0010547,5
HP:0007021,5
HP:0006207,5
HP:0012355,5
HP:0011749,5
HP:0003434,5
HP:0000851,5
HP:0000969,5
HP:0010358,5
HP:0008843,5
HP:0009717,5
HP:0006770,5
HP:0006603,5
HP:0008439,5
HP:0010027,5
HP:0009402,5
HP:0005185,5
HP:0012118,5
HP:0002289,5
HP:0005621,5
HP:0011613,5
HP:0000112,5
HP:0012329,5
HP:0011387,5
HP:0011234,5
HP:0003205,5
HP:0011687,5
HP:0009722,5
HP:0011775,5
HP:0007299,5
HP:0002546,5
HP:0011744,5
HP:0009683,5
HP:0011995,5
HP:0011021,5
HP:0009049,5
HP:0007659,5
HP:0008826,5
HP:0003029,5
HP:0100903,5
HP:0004307,5
HP:0010453,5
HP:0002039,5
HP:0009773,5
HP:0100745,5
HP:0003860,5
HP:0009278,5
HP:0009182,5
HP:0012559,5
HP:0012533,5
HP:0006424,5
HP:0008423,5
HP:0003758,5
HP:0012008,5
HP:0005532,5
HP:0009680,5
HP:0007412,5
HP:0100532,5
HP:0005472,5
HP:0003059,5
HP:0001222,5
HP:0006055,5
HP:0010751,5
HP:0009250,5
HP:0009938,5
HP:3000076,5
HP:0007902,5
HP:0002728,5
HP:0003953,5
HP:0007774,5
HP:0005954,5
HP:0010834,5
HP:0006983,5
HP:0100228,5
HP:0002343,5
HP:0100232,5
HP:0003278,5
HP:0012374,5
HP:0100031,5
HP:0009485,5
HP:0008800,5
HP:0008163,5
HP:0011721,5
HP:0011875,5
HP:0004510,5
HP:0012474,5
HP:0010831,5
HP:0001563,5
HP:0011228,5
HP:0003910,5
HP:0009132,5
HP:0010113,5
HP:0010367,5
HP:0010272,5
HP:0010951,5
HP:0010545,5
HP:0002014,5
HP:0011125,5
HP:0004432,5
HP:0100506,5
HP:0100399,5
HP:0009483,5
HP:0012572,5
HP:0003712,5
HP:0009233,5
HP:0009129,5
HP:0100675,5
HP:0010315,5
HP:0011533,5
HP:0008695,5
HP:0010330,5
HP:0004044,5
HP:0012288,5
HP:0008285,5
HP:0004916,5
HP:0003764,5
HP:0002617,5
HP:0003148,5
HP:0005556,5
HP:0001386,5
HP:0005626,5
HP:0012783,5
HP:0100880,5
HP:0100221,5
HP:0012006,5
HP:0009736,5
HP:0011503,5
HP:0011090,5
HP:0007232,5
HP:0009834,5
HP:0008323,5
HP:0000492,5
HP:0009557,5
HP:0002832,5
HP:0004298,5
HP:0011682,5
HP:0007654,5
HP:0002921,5
HP:0003292,5
HP:0010715,5
HP:0002105,5
HP:0004608,5
HP:0009321,5
HP:0010392,5
HP:0010153,5
HP:0002031,5
HP:0010328,5
HP:0002530,5
HP:0012719,5
HP:0010960,5
HP:0002204,5
HP:3000001,5
HP:0004458,5
HP:0005197,5
HP:0100959,5
HP:0009383,5
HP:0009509,5
HP:0100530,5
HP:0005176,5
HP:0010643,5
HP:0001988,5
HP:0001803,5
HP:0011610,5
HP:0011325,5
HP:0100146,5
HP:0011029,5
HP:0001862,5
HP:0003863,5
HP:0007829,5
HP:0000003,5
HP:0010374,5
HP:0010769,5
HP:0010517,5
HP:0200020,5
HP:0100813,5
HP:0010943,5
HP:0003834,5
HP:0006585,5
HP:0007881,5
HP:0011135,5
HP:0004373,5
HP:0010412,5
HP:0003733,5
HP:0006818,5
HP:0009353,5
HP:0009710,5
HP:0006291,5
HP:0009525,5
HP:0006789,5
HP:0009416,5
HP:0006483,5
HP:0006407,5
HP:0010539,5
HP:0007126,5
HP:0005295,5
HP:0002912,5
HP:0010950,5
HP:0007421,5
HP:0004357,5
HP:0006042,5
HP:0001409,5
HP:0011441,5
HP:0002762,5
HP:0007754,5
HP:0007868,5
HP:0012190,5
HP:0011810,5
HP:0002544,5
HP:0000885,5
HP:0100005,5
HP:0012732,5
HP:0012111,5
HP:0010433,5
HP:0010697,5
HP:0003106,5
HP:0005096,5
HP:0003233,5
HP:0003258,5
HP:0005384,5
HP:0002872,5
HP:0009343,5
HP:0004090,5
HP:0001212,5
HP:0011304,5
HP:0009824,5
HP:0001342,5
HP:0012088,5
HP:0011657,5
HP:0006136,5
HP:0010140,5
HP:0004535,5
HP:0010809,5
HP:0004786,5
HP:0008043,5
HP:0005598,5
HP:0009523,5
HP:0002286,5
HP:0012079,5
HP:0011869,5
HP:0100029,5
HP:0009900,5
HP:0012411,5
HP:0100783,5
HP:0012004,5
HP:0003164,5
HP:0004385,5
HP:0006808,5
HP:0011847,5
HP:3000037,5
HP:0004251,5
HP:0005146,5
HP:0011876,5
HP:0100693,5
HP:0100128,5
HP:0007471,5
HP:0012537,5
HP:3000072,5
HP:0010396,5
HP:0007381,5
HP:0011664,5
HP:0100079,5
HP:0100417,5
HP:0100708,5
HP:0012369,5
HP:0000168,5
HP:0003812,5
HP:0006362,5
HP:0009107,5
HP:0012188,5
HP:0012281,5
HP:0100089,5
HP:0010310,5
HP:0010434,5
HP:0001487,5
HP:0008346,5
HP:0003238,5
HP:0010078,5
HP:0004817,5
HP:0012064,5
HP:0002821,5
HP:0012441,5
HP:0009563,5
HP:0003756,5
HP:0100265,5
HP:0011476,5
HP:0011470,5
HP:0002189,5
HP:0009936,5
HP:0002959,5
HP:0011606,5
HP:0005707,5
HP:0012239,5
HP:0100690,5
HP:0008544,5
HP:0200017,5
HP:0001421,5
HP:0006693,5
HP:0011974,5
HP:0006432,5
HP:0007559,5
HP:0009305,5
HP:0010597,5
HP:0008771,5
HP:0100418,5
HP:0007872,5
HP:0010460,5
HP:0002615,5
HP:0010048,5
HP:0011625,5
HP:0011933,5
HP:0007083,5
HP:0000058,5
HP:0012146,5
HP:0100166,5
HP:0100355,5
HP:0004248,5
HP:0007944,5
HP:0009438,5
HP:0100560,5
HP:0100302,5
HP:0009732,5
HP:0007731,5
HP:0001436,5
HP:0011894,5
HP:0007379,5
HP:0012893,5
HP:0010299,5
HP:0010195,5
HP:0004852,5
HP:0009589,5
HP:0004673,5
HP:0005249,5
HP:0002340,5
HP:0001225,5
HP:0006491,5
HP:0100351,5
HP:0012829,5
HP:0000095,5
HP:0006904,5
HP:0011756,5
HP:0009555,5
HP:0012044,5
HP:0012881,5
HP:0011667,5
HP:0010968,5
HP:0006461,5
HP:0010749,5
HP:0009808,5
HP:0008798,5
HP:0011619,5
HP:0010756,5
HP:0012830,5
HP:0009889,5
HP:0010200,5
HP:0001043,5
HP:0009255,5
HP:0012311,5
HP:0011172,5
HP:0009636,5
HP:0011718,5
HP:0011695,5
HP:0200106,5
HP:0009190,5
HP:0100160,5
HP:0005715,5
HP:0002444,5
HP:0004993,5
HP:0004231,5
HP:0004464,5
HP:0008356,5
HP:0100544,5
HP:0002868,5
HP:0004974,5
HP:0004568,5
HP:0006000,5
HP:0010058,5
HP:0000620,5
HP:0000078,5
HP:0006705,5
HP:0012626,5
HP:0000633,5
HP:0003276,5
HP:0100842,5
HP:0012180,5
HP:0001850,5
HP:0001730,5
HP:0012305,5
HP:0012087,5
HP:3000013,5
HP:3000049,5
HP:0012049,5
HP:0012521,5
HP:0001520,5
HP:0006926,5
HP:0003762,5
HP:0009987,5
HP:0004026,5
HP:0004590,5
HP:0004960,5
HP:0100208,5
HP:0010843,5
HP:0009517,5
HP:0010167,5
HP:0002492,5
HP:0008670,5
HP:0008060,5
HP:0003922,5
HP:0100487,5
HP:0011620,5
HP:0010429,5
HP:0008845,5
HP:0100659,5
HP:0012782,5
HP:0007100,5
HP:0010416,5
HP:0007646,5
HP:0006247,5
HP:0011137,5
HP:0004029,5
HP:0100856,5
HP:0006459,5
HP:0003204,5
HP:0012699,5
HP:0010185,5
HP:0011670,5
HP:0100267,5
HP:0009673,5
HP:0200032,5
HP:0006160,5
HP:0004575,5
HP:0001795,5
HP:0100546,5
HP:0100509,5
HP:0010987,5
HP:0005305,5
HP:0010893,5
HP:0010146,5
HP:0002575,5
HP:0009100,5
HP:0006958,5
HP:0008883,5
HP:0004799,5
HP:0012186,5
HP:0006989,5
HP:0005769,5
HP:0000864,5
HP:0005617,5
HP:0005623,5
HP:0000291,5
HP:0003239,5
HP:0007229,5
HP:0100400,5
HP:0005600,5
HP:0005486,5
HP:0010222,5
HP:0010228,5
HP:0009382,5
HP:0005430,5
HP:0006492,5
HP:0011724,5
HP:0000929,5
HP:0012307,5
HP:0100865,5
HP:0004592,5
HP:0011129,5
HP:0000616,5
HP:0003250,5
HP:0000172,5
HP:0003750,5
HP:0003208,5
HP:0010387,5
HP:0010695,5
HP:0006685,5
HP:0011690,5
HP:0002779,5
HP:0004968,5
HP:0012825,5
HP:0005013,5
HP:0005820,5
HP:0000682,5
HP:0011954,5
HP:0011971,5
HP:0007179,5
HP:0000127,5
HP:0009440,5
HP:0005586,5
HP:0012015,5
HP:0002396,5
HP:0003112,5
HP:0012454,5
HP:0002871,5
HP:0005238,5
HP:0010364,5
HP:0004284,5
HP:0011868,5
HP:0011100,5
HP:0011223,5
HP:0009230,5
HP:0009971,5
HP:0100574,5
HP:0100356,5
HP:0008188,5
HP:0100707,5
HP:0009933,5
HP:0000878,5
HP:0012173,5
HP:0009092,5
HP:0012855,5
HP:0011300,5
HP:0000174,5
HP:0008985,5
HP:0004097,5
HP:0011611,5
HP:0004962,5
HP:0004218,5
HP:0004294,5
HP:0006742,5
HP:0012833,5
HP:0100135,5
HP:0006486,5
HP:0007398,5
HP:0004001,5
HP:0010423,5
HP:0008625,5
HP:0012525,5
HP:3000043,5
HP:0010400,5
HP:0011986,5
HP:0003457,5
HP:0006894,5
HP:0007889,5
HP:0100607,5
HP:0100621,5
HP:0100052,5
HP:0010420,5
HP:0000775,5
HP:0000080,5
HP:0005296,5
HP:0012777,5
HP:0011025,5
HP:0005203,5
HP:0010816,5
HP:0000634,5
HP:0005212,5
HP:0008365,5
HP:0100805,5
HP:0100396,5
HP:0000594,5
HP:0005875,5
HP:0012275,5
HP:0007854,5
HP:0100227,5
HP:0006595,5
HP:0011346,5
HP:0006749,5
HP:0011766,5
HP:0009243,5
HP:0006634,5
HP:0008915,5
HP:0002198,5
HP:0002843,5
HP:0007207,5
HP:0009935,5
HP:0010480,5
HP:0012696,5
HP:0011341,5
HP:0200085,5
HP:0003571,5
HP:0001153,5
HP:0005603,5
HP:0007082,5
HP:0100206,5
HP:0006650,5
HP:0000884,5
HP:0007898,5
HP:0010707,5
HP:0012447,5
HP:0010126,5
HP:0011426,5
HP:0001034,5
HP:0012458,5
HP:0000100,5
HP:0007373,5
HP:0002668,5
HP:0007078,5
HP:0003166,5
HP:0002323,5
HP:0008014,5
HP:0011037,5
HP:0007366,5
HP:0007930,5
HP:0005914,5
HP:0003388,5
HP:0008338,5
HP:0012500,5
HP:0012109,5
HP:0001483,5
HP:0004632,5
HP:0010932,5
HP:0007667,5
HP:0009322,5
HP:0001467,5
HP:0009285,5
HP:0000762,5
HP:0010832,5
HP:0005605,5
HP:0009644,5
HP:0012615,5
HP:0010996,5
HP:0009470,5
HP:0008784,5
HP:0009837,5
HP:0009309,5
HP:0009124,5
HP:0006575,5
HP:0002561,5
HP:0010378,5
HP:0004751,5
HP:0011901,5
HP:0100670,5
HP:0001810,5
HP:0012317,5
HP:0001369,5
HP:0010812,5
HP:0012260,5
HP:0009163,5
HP:0000917,5
HP:0002586,5
HP:0012459,5
HP:0002206,5
HP:0008757,5
HP:0004226,5
HP:0002046,5
HP:0100209,5
HP:0003665,5
HP:0008197,5
HP:0006566,5
HP:0100554,5
HP:0011612,5
HP:0006647,5
HP:0009579,5
HP:0012861,5
HP:0002647,5
HP:0009208,5
HP:0005897,5
HP:0004897,5
HP:0009442,5
HP:0005148,5
HP:0004879,5
HP:0011198,5
HP:0007513,5
HP:0012652,5
HP:0009436,5
HP:0004328,5
HP:0005562,5
HP:0002864,5
HP:0007006,5
HP:0009893,5
HP:0006338,5
HP:0006293,5
HP:0009142,5
HP:0100313,5
HP:0008061,5
HP:0012007,5
HP:0009356,5
HP:0011560,5
HP:0007981,5
HP:3000038,5
HP:0007750,5
HP:0004688,5
HP:0009487,5
HP:0011271,5
HP:0012835,5
HP:0100141,5
HP:0002848,5
HP:0003978,5
HP:0002938,5
HP:0010377,5
HP:0100508,5
HP:0009591,5
HP:0001387,5
HP:0100309,5
HP:0100421,5
HP:0012831,5
HP:0004377,5
HP:0003657,5
HP:0011961,5
HP:0006716,5
HP:0005135,5
HP:0003854,5
HP:0008283,5
HP:0003950,5
HP:0003891,5
HP:0012362,5
HP:0008606,5
HP:0005744,5
HP:0100433,5
HP:0009910,5
HP:0010664,5
HP:0009599,5
HP:0001679,5
HP:0002307,5
HP:0009939,5
HP:0003731,5
HP:0010030,5
HP:0010182,5
HP:0001026,5
HP:0009195,5
HP:0009291,5
HP:0100119,5
HP:0009336,5
HP:0007371,5
HP:0100240,5
HP:0100178,5
HP:0010203,5
HP:0100364,5
HP:0100691,5
HP:0012567,5
HP:0010807,5
HP:0012763,5
HP:0100415,5
HP:0012843,5
HP:0007586,5
HP:0010994,5
HP:0009820,5
HP:0003396,5
HP:0011405,5
HP:0003220,5
HP:0011478,5
HP:0009277,5
HP:0002908,5
HP:0005988,5
HP:0005215,5
HP:0000991,5
HP:0009549,5
HP:0007236,5
HP:0010031,5
HP:0008205,5
HP:0001227,5
HP:0003926,5
HP:0001602,5
HP:0003273,5
HP:0012864,5
HP:0012289,5
HP:0010952,5
HP:0004839,5
HP:0011979,5
HP:0011279,5
HP:0001890,5
HP:0011173,5
HP:0000436,5
HP:0000522,5
HP:0002564,5
HP:0010151,5
HP:0003956,5
HP:0003858,5
HP:0009846,5
HP:0004313,5
HP:0011000,5
HP:0003924,5
HP:0200070,5
HP:0008055,5
HP:0009694,5
HP:0009648,5
HP:0001549,5
HP:0011984,5
HP:0000798,5
HP:0007736,5
HP:0004227,5
HP:0100170,5
HP:0005895,5
HP:0002038,5
HP:0008981,5
HP:0012057,5
HP:0004263,5
HP:0000090,5
HP:0001710,5
HP:0000559,5
HP:0003646,5
HP:0010339,5
HP:0006859,5
HP:0006292,5
HP:0003005,5
HP:0005246,5
HP:0012754,5
HP:0010335,5
HP:0010014,5
HP:0001566,5
HP:0009875,5
HP:0007039,5
HP:0008609,5
HP:0010523,5
HP:0100212,5
HP:0100538,5
HP:0100839,5
HP:0009637,5
HP:0003909,5
HP:0001178,5
HP:0000484,5
HP:0005258,5
HP:0009251,5
HP:0011282,5
HP:0011072,5
HP:0004376,5
HP:0011587,5
HP:0004905,5
HP:0005518,5
HP:0010785,5
HP:0010311,5
HP:0002361,5
HP:0100122,5
HP:0011554,5
HP:0011839,5
HP:0011861,5
HP:0100760,5
HP:0011897,5
HP:0011639,5
HP:0009118,5
HP:0010668,5
HP:0009999,5
HP:0006261,5
HP:0100719,5
HP:0007535,5
HP:0100779,5
HP:0012542,5
HP:0000708,5
HP:0010836,5
HP:0009586,5
HP:0010942,5
HP:0011914,5
HP:0007876,5
HP:0009275,5
HP:0002725,5
HP:0012351,5
HP:0001304,5
HP:0100702,5
HP:0008440,5
HP:0009495,5
HP:0011942,5
HP:0008929,5
HP:0005482,5
HP:0010838,5
HP:0009635,5
HP:0007333,5
HP:0002896,5
HP:0012294,5
HP:0000283,5
HP:0005195,5
HP:0002600,5
HP:0001868,5
HP:0002367,5
HP:0002363,5
HP:0012016,5
HP:0007797,5
HP:0010087,5
HP:0002301,5
HP:0003321,5
HP:0007262,5
HP:0003268,5
HP:0008788,5
HP:0012483,5
HP:0009763,5
HP:0011652,5
HP:0005311,5
HP:0010244,5
HP:0005928,5
HP:0100692,5
HP:0003918,5
HP:0002218,5
HP:0011468,5
HP:0004771,5
HP:0010905,5
HP:0009685,5
HP:0010099,5
HP:0100441,5
HP:0100851,5
HP:0001901,5
HP:0007730,5
HP:0009850,5
HP:0009786,5
HP:0009515,5
HP:0009511,5
HP:0100398,5
HP:0006149,5
HP:0010811,5
HP:0008666,5
HP:0007289,5
HP:0100800,5
HP:0010093,5
HP:0000321,5
HP:0007739,5
HP:0004562,5
HP:0012453,5
HP:0008829,5
HP:0006703,5
HP:0011946,5
HP:0010512,5
HP:0009398,5
HP:0009849,5
HP:0009564,5
HP:0007305,5
HP:0100955,5
HP:0001686,5
HP:0008233,5
HP:0003737,5
HP:0010652,5
HP:0012381,5
HP:0003261,5
HP:0012529,5
HP:0005439,5
HP:0004030,5
HP:0002573,5
HP:0000593,5
HP:0002186,5
HP:0100459,5
HP:0002635,5
HP:0009300,5
HP:0002930,5
HP:0011027,5
HP:0008229,5
HP:0001818,5
HP:0009946,5
HP:0005223,5
HP:0007517,5
HP:0100446,5
HP:0001700,5
HP:0000384,5
HP:0002068,5
HP:0003065,5
HP:0002678,5
HP:0007452,5
HP:0012820,5
HP:0012605,5
HP:0100784,5
HP:0012246,5
HP:0006176,5
HP:0006390,5
HP:0004918,5
HP:0010286,5
HP:0010448,5
HP:0008089,5
HP:0004794,5
HP:0005428,5
HP:0008568,5
HP:0007036,5
HP:0011558,5
HP:0100202,5
HP:0011575,5
HP:0009951,5
HP:0010155,5
HP:0011997,5
HP:0010534,5
HP:0000839,5
HP:0007476,5
HP:0100792,5
HP:0006193,5
HP:0009167,5
HP:0009675,5
HP:0002102,5
HP:0000061,5
HP:0100516,5
HP:0008131,5
HP:0011208,5
HP:0008765,5
HP:0006501,5
HP:0012200,5
HP:0011166,5
HP:0003028,5
HP:0003406,5
HP:0010859,5
HP:0000275,5
HP:0004598,5
HP:0011386,5
HP:0012320,5
HP:0005120,5
HP:0200007,5
HP:0010793,5
HP:0010329,5
HP:0001967,5
HP:0008631,5
HP:0001681,5
HP:0100138,5
HP:0012324,5
HP:0009715,5
HP:0005374,5
HP:0010969,5
HP:0100199,5
HP:0100747,5
HP:0002084,5
HP:0011409,5
HP:0012491,5
HP:0000636,5
HP:0012612,5
HP:0010624,5
HP:0010074,5
HP:0010342,5
HP:0100106,5
HP:0009205,5
HP:0004736,5
HP:3000007,5
HP:0001419,5
HP:0012876,5
HP:0011064,5
HP:0011927,5
HP:0012403,5
HP:0003527,5
HP:0004906,5
HP:0007798,5
HP:0007708,5
HP:0100127,5
HP:0003111,5
HP:0012515,5
HP:0001857,5
HP:0010762,5
HP:0006289,5
HP:0100733,5
HP:0011684,5
HP:0011238,5
HP:0100606,5
HP:0001056,5
HP:0005105,5
HP:0009055,5
HP:0011922,5
HP:0001673,5
HP:0011088,5
HP:0100204,5
HP:0009901,5
HP:0100009,5
HP:0011668,5
HP:0008019,5
HP:0010127,5
HP:0012528,5
HP:0012304,5
HP:0004370,5
HP:0012852,5
HP:0007011,5
HP:0012527,5
HP:0100654,5
HP:3000079,5
HP:0008306,5
HP:0011579,5
HP:0009505,5
HP:0010060,5
HP:0100757,5
HP:0004018,5
HP:0100945,5
HP:0012838,5
HP:0007994,5
HP:0010021,5
HP:0012233,5
HP:0007153,5
HP:0100550,5
HP:0008708,5
HP:0009797,5
HP:0007045,5
HP:0012261,5
HP:0004466,5
HP:0001662,5
HP:0011728,5
HP:0001095,5
HP:0005291,5
HP:0003875,5
HP:0011787,5
HP:0003536,5
HP:0004937,5
HP:0012695,5
HP:0012063,5
HP:0100676,5
HP:0010414,5
HP:0012577,5
HP:0012800,5
HP:0012083,5
HP:0002474,5
HP:0007581,5
HP:0010638,5
HP:0009660,5
HP:0012274,5
HP:0010266,5
HP:0010288,5
HP:0011877,5
HP:0003986,5
HP:0010212,5
HP:0007916,5
HP:0005686,5
HP:0003683,5
HP:0001978,5
HP:0012495,5
HP:0009200,5
HP:0003353,5
HP:0011886,5
HP:0005315,5
HP:0001049,5
HP:0100614,5
HP:0010040,5
HP:0009553,5
HP:0002526,5
HP:0001937,5
HP:0000649,5
HP:0010930,5
HP:0002862,5
HP:0011512,5
HP:0009131,5
HP:0009087,5
HP:0011182,5
HP:0007481,5
HP:0008037,5
HP:0010814,5
HP:0009534,5
HP:0007986,5
HP:0006077,5
HP:0012272,5
HP:0009632,5
HP:0007002,5
HP:0200113,5
HP:0010596,5
HP:0010411,5
HP:0008231,5
HP:0011903,5
HP:0000637,5
HP:0009161,5
HP:0010971,5
HP:0100101,5
HP:0010525,5
HP:0012548,5
HP:0100353,5
HP:0005041,5
HP:0009678,5
HP:0001230,5
HP:0000900,5
HP:0010196,5
HP:0100254,5
HP:0002587,5
HP:0004941,5
HP:0002265,5
HP:0003864,5
HP:0010413,5
HP:0100043,5
HP:0000066,5
HP:0001343,5
HP:0008804,5
HP:0003161,5
HP:0005620,5
HP:0002715,5
HP:0012117,5
HP:0100957,5
HP:0100735,5
HP:0010753,5
HP:0012502,5
HP:0000402,5
HP:0009791,5
HP:0100144,5
HP:0001964,5
HP:0009543,5
HP:0200024,5
HP:0001676,5
HP:0011725,5
HP:0000422,5
HP:0000414,5
HP:0002853,5
HP:0008169,5
HP:0005116,5
HP:0010714,5
HP:0011553,5
HP:0007117,5
HP:0002621,5
HP:0002528,5
HP:0012300,5
HP:0003783,5
HP:0010601,5
HP:0010892,5
HP:0002427,5
HP:0010084,5
HP:0006440,5
HP:0000531,5
HP:0009945,5
HP:0007795,5
HP:0000246,5
HP:0011851,5
HP:0004930,5
HP:0003031,5
HP:0009991,5
HP:0011879,5
HP:0009726,5
HP:0001981,5
HP:0010591,5
HP:0000180,5
HP:0003614,5
HP:0001033,5
HP:0011854,5
HP:0100420,5
HP:0010849,5
HP:0004331,5
HP:0100802,5
HP:0010171,5
HP:0000895,5
HP:0006336,5
HP:0005409,5
HP:0012406,5
HP:0007665,5
HP:0009315,5
HP:0006254,5
HP:0009880,5
HP:0200149,5
HP:0012033,5
HP:0012811,5
HP:0010320,5
HP:0004953,5
HP:0003206,5
HP:0008161,5
HP:0001891,5
HP:0011319,5
HP:0009432,5
HP:0010122,5
HP:0012197,5
HP:0006330,5
HP:0007076,5
HP:0011299,5
HP:0003330,5
HP:0200036,5
HP:0010246,5
HP:0100469,5
HP:0009559,5
HP:0009994,5
HP:0012597,5
HP:0010758,5
HP:0100280,5
HP:0012205,5
HP:0011316,5
HP:0009881,5
HP:0007047,5
HP:0008410,5
HP:0007626,5
HP:0011421,5
HP:0010532,5
HP:0010352,5
HP:0009351,5
HP:0007506,5
HP:0000904,5
HP:0011506,5
HP:0012460,5
HP:0008828,5
HP:0010484,5
HP:0006028,5
HP:0009542,5
HP:0011955,5
HP:0010536,5
HP:0002055,5
HP:0004631,5
HP:0001791,5
HP:0006965,5
HP:0012809,5
HP:0009209,5
HP:0100075,5
HP:0200095,5
HP:0009045,5
HP:0008465,5
HP:0008445,5
HP:0011836,5
HP:0009588,5
HP:0004213,5
HP:0007716,5
HP:0001612,5
HP:0006541,5
HP:0004622,5
HP:0011983,5
HP:0001452,5
HP:0000079,5
HP:0007486,5
HP:0008239,5
HP:0010245,5
HP:0009420,5
HP:0010357,5
HP:0012808,5
HP:0007858,5
HP:0005511,5
HP:0010206,5
HP:0100721,5
HP:0012127,5
HP:0005521,5
HP:0008151,5
HP:0003049,5
HP:0100640,5
HP:0007831,5
HP:0006323,5
HP:0009335,5
HP:0011545,5
HP:0006304,5
HP:0012886,5
HP:0006450,5
HP:0007129,5
HP:0004319,5
HP:0010141,5
HP:0011762,5
HP:0011247,5
HP:0007984,5
HP:0010854,5
HP:0005957,5
HP:0003890,5
HP:0001581,5
HP:0100489,5
HP:0011378,5
HP:0011474,5
HP:0007266,5
HP:0011413,5
HP:0001471,5
HP:0010787,5
HP:0000925,5
HP:0002047,5
HP:0000105,5
HP:0006257,5
HP:0006580,5
HP:0000227,5
HP:0006251,5
HP:0006944,5
HP:0011026,5
HP:0200094,5
HP:0006069,5
HP:0009728,5
HP:0012137,5
HP:0009681,5
HP:0010089,5
HP:0011534,5
HP:0001065,5
HP:0012785,5
HP:0012655,5
HP:0100386,5
HP:0100900,5
HP:0005293,5
HP:0012024,5
HP:0011363,5
HP:0010945,5
HP:0011958,5
HP:0000630,5
HP:0012264,5
HP:0000772,5
HP:0009157,5
HP:0002408,5
HP:0011416,5
HP:0008507,5
HP:0010004,5
HP:0011061,5
HP:0100561,5
HP:0008684,5
HP:0011883,5
HP:0004945,5
HP:0011006,5
HP:0001089,5
HP:0002488,5
HP:0009308,5
HP:0100475,5
HP:0005723,5
HP:0006889,5
HP:0011251,5
HP:0007985,5
HP:0010397,5
HP:0008669,5
HP:0000123,5
HP:0100339,5
HP:0001984,5
HP:0004871,5
HP:0005990,5
HP:0011403,5
HP:0010215,5
HP:0003869,5
HP:0000128,5
HP:0006560,5
HP:0010920,5
HP:0007840,5
HP:0011391,5
HP:0005425,5
HP:0001654,5
HP:0011433,5
HP:0003286,5
HP:0005247,5
HP:0003915,5
HP:0004249,5
HP:0011874,5
HP:0007713,5
HP:0007747,5
HP:0010873,5
HP:3000069,5
HP:0006505,5
HP:0007819,5
HP:0003908,5
HP:0004809,5
HP:0003067,5
HP:0011678,5
HP:0010815,5
HP:0008425,5
HP:0011398,5
HP:0009196,5
HP:0001443,5
HP:0100405,5
HP:0003640,5
HP:0003153,5
HP:0010173,5
HP:3000045,5
HP:0001919,5
HP:0006454,5
HP:0002247,5
HP:0010281,5
HP:0008519,5
HP:0006107,5
HP:0004558,5
HP:0003724,5
HP:0006134,5
HP:0012813,5
HP:0012489,5
HP:0011650,5
HP:0006852,5
HP:0100725,5
HP:0002549,5
HP:0011328,5
HP:0012077,5
HP:0012748,5
HP:0004637,5
HP:0010742,5
HP:0007367,5
HP:0011829,5
HP:0007103,5
HP:0100269,5
HP:0011669,5
HP:0100435,5
HP:0004485,5
HP:0200054,5
HP:0012452,5
HP:0009706,5
HP:0100718,5
HP:0011615,5
HP:0002199,5
HP:0011491,5
HP:0008185,5
HP:0006549,5
HP:0009760,5
HP:0009226,5
HP:0007429,5
HP:0011887,5
HP:0012116,5
HP:0005537,5
HP:0011735,5
HP:0006283,5
HP:0007768,5
HP:0003452,5
HP:0006899,5
HP:0008470,5
HP:0006460,5
HP:0012753,5
HP:0005976,5
HP:0003688,5
HP:0100939,5
HP:0001194,5
HP:0001441,5
HP:0011255,5
HP:0003375,5
HP:0005464,5
HP:0100789,5
HP:0004788,5
HP:0010916,5
HP:0011531,5
HP:0009631,5
HP:0100931,5
HP:0004395,5
HP:0009452,5
HP:0009744,5
HP:0008823,5
HP:0012273,5
HP:0100024,5
HP:0004242,5
HP:0003443,5
HP:0012851,5
HP:0007483,5
HP:0000267,5
HP:0007258,5
HP:0100912,5
HP:0008607,5
HP:0009261,5
HP:0005320,5
HP:0012436,5
HP:0100081,5
HP:0011703,5
HP:0012443,5
HP:0001571,5
HP:0000932,5
HP:0000110,5
HP:0008095,5
HP:0012631,5
HP:0006273,5
HP:0004185,5
HP:0012576,5
HP:0011804,5
HP:0007015,5
HP:0001884,5
HP:0011280,5
HP:0011493,5
HP:0002663,5
HP:0006119,5
HP:0005264,5
HP:0006999,5
HP:0100499,5
HP:0012258,5
HP:0007465,5
HP:0009381,5
HP:0012749,5
HP:0003843,5
HP:0010116,5
HP:0008237,5
HP:0009400,5
HP:0011628,5
HP:0005168,5
HP:0011285,5
HP:0011253,5
HP:0008352,5
HP:0003216,5
HP:0009649,5
HP:0007841,5
HP:0009421,5
HP:0010103,5
HP:0011862,5
HP:0100390,5
HP:0100677,5
HP:0009666,5
HP:0003020,5
HP:0000113,5
HP:0005300,5
HP:0003264,5
HP:0006527,5
HP:0002459,5
HP:0011030,5
HP:0100348,5
HP:0100327,5
HP:0010674,5
HP:0009258,5
HP:0002159,5
HP:0007042,5
HP:0007285,5
HP:0007900,5
HP:0002298,5
HP:0000820,5
HP:0012319,5
HP:0010117,5
HP:0011373,5
HP:0004223,5
HP:0009050,5
HP:0003288,5
HP:0007621,5
HP:0000608,5
HP:0002696,5
HP:0100492,5
HP:0009518,5
HP:0100618,5
HP:0100385,5
HP:0007132,5
HP:0005325,5
HP:0006913,5
HP:0005825,5
HP:0011259,5
HP:0011546,5
HP:0100685,5
HP:0001814,5
HP:0000243,5
HP:0100548,5
HP:0010081,5
HP:0003354,5
HP:0006101,5
HP:0010909,5
HP:0010205,5
HP:0008301,5
HP:0011481,5
HP:0011050,5
HP:0006584,5
HP:0011134,5
HP:0006391,5
HP:3000061,5
HP:0200122,5
HP:0011764,5
HP:0004476,5
HP:0012199,5
HP:0004845,5
HP:0012647,5
HP:0008090,5
HP:0100861,5
HP:0000680,5
HP:0011192,5
HP:0100049,5
HP:0010570,5
HP:0012194,5
HP:0002060,5
HP:0002683,5
HP:0100363,5
HP:0003778,5
HP:0006766,5
HP:0003961,5
HP:0007335,5
HP:0003892,5
HP:0012426,5
HP:0009224,5
HP:0100593,5
HP:0100920,5
HP:0010463,5
HP:0011200,5
HP:0011618,5
HP:0010481,5
HP:0009916,5
HP:0001112,5
HP:0009714,5
HP:0012638,5
HP:0006233,5
HP:0010872,5
HP:0003099,5
HP:0006488,5
HP:0007464,5
HP:0007029,5
HP:0012018,5
HP:0002010,5
HP:0010470,5
HP:0100933,5
HP:0009496,5
HP:0002601,5
HP:0000924,5
HP:0011098,5
HP:0010065,5
HP:0012579,5
HP:0009410,5
HP:0012125,5
HP:0009522,5
HP:0003973,5
HP:0100198,5
HP:0004481,5
HP:0100520,5
HP:0100323,5
HP:0011602,5
HP:0002359,5
HP:0100117,5
HP:0010318,5
HP:0005011,5
HP:0002833,5
HP:0012507,5
HP:0010056,5
HP:0100804,5
HP:0002251,5
HP:0010965,5
HP:0002143,5
HP:0100195,5
HP:0011607,5
HP:0003272,5
HP:0011384,5
HP:0002825,5
HP:0011688,5
HP:0100158,5
HP:0009779,5
HP:0002246,5
HP:0009457,5
HP:0100650,5
HP:0005318,5
HP:0006990,5
HP:0009973,5
HP:0002049,5
HP:0002643,5
HP:0004661,5
HP:0008770,5
HP:0012885,5
HP:0100340,5
HP:0003332,5
HP:0009206,5
HP:0001621,5
HP:0003088,5
HP:0006748,5
HP:0010907,5
HP:0100319,5
HP:0008134,5
HP:0006688,5
HP:0009499,5
HP:0006931,5
HP:0100148,5
HP:0003201,5
HP:0011589,5
HP:0010073,5
HP:0001727,5
HP:0001895,5
HP:0005942,5
HP:0000166,5
HP:0003405,5
HP:0012607,5
HP:0100139,5
HP:0010926,5
HP:0010437,5
HP:0001197,5
HP:0200096,5
HP:0001931,5
HP:0005084,5
HP:0001149,5
HP:0005372,5
HP:0005211,5
HP:0010567,5
HP:0012637,5
HP:0001641,5
HP:0002861,5
HP:0100048,5
HP:0012632,5
HP:0006525,5
HP:0004364,5
HP:0005855,5
HP:0005585,5
HP:0012333,5
HP:0004695,5
HP:0011431,5
HP:0012546,5
HP:0100428,5
HP:0100568,5
HP:0010450,5
HP:0011781,5
HP:0001685,5
HP:0000237,5
HP:0000609,5
HP:0009616,5
HP:0011627,5
HP:0100137,5
HP:0012421,5
HP:0011232,5
HP:0003784,5
HP:0003988,5
HP:0011157,5
HP:0010937,5
HP:0007879,5
HP:0003990,5
HP:0009199,5
HP:0004428,5
HP:0004802,5
HP:0003871,5
HP:0009819,5
HP:0100551,5
HP:0008179,5
HP:0004787,5
HP:0005694,5
HP:0012449,5
HP:0004004,5
HP:0000075,5
HP:0005463,5
HP:0002266,5
HP:0011439,5
HP:0000182,5
HP:0100252,5
HP:0100703,5
HP:0011338,5
HP:0004144,5
HP:0001889,5
HP:0010109,5
HP:0005775,5
HP:0012887,5
HP:0011263,5
HP:0009854,5
HP:0009887,5
HP:0004570,5
HP:0010824,5
HP:0007281,5
HP:0004285,5
HP:0011430,5
HP:0002324,5
HP:0010748,5
HP:0002172,5
HP:0100303,5
HP:0007434,5
HP:0002664,5
HP:0012490,5
HP:0001575,5
HP:0012707,5
HP:0000888,5
HP:3000036,5
HP:0012793,5
HP:0003027,5
HP:0100705,5
HP:0000706,5
HP:0100036,5
HP:0002608,5
HP:0100176,5
HP:0010208,5
HP:0010828,5
HP:0100084,5
HP:0011432,5
HP:0010261,5
HP:0012583,5
HP:0003710,5
HP:0001449,5
HP:0011086,5
HP:0008181,5
HP:0008835,5
HP:0012802,5
HP:0008775,5
HP:0012163,5
HP:0010098,5
HP:0008046,5
HP:0002166,5
HP:0011941,5
HP:0007777,5
HP:0011950,5
HP:0007267,5
HP:0100094,5
HP:0100905,5
HP:0006850,5
HP:0009741,5
HP:0000473,5
HP:0010421,5
HP:0009545,5
HP:0011631,5
HP:0100947,5
HP:0004150,5
HP:0011988,5
HP:0005841,5
HP:0005502,5
HP:0005979,5
HP:0004496,5
HP:0002570,5
HP:0100904,5
HP:0007680,5
HP:0010579,5
HP:0009926,5
HP:0003010,5
HP:0012189,5
HP:0003175,5
HP:0010594,5
HP:0009434,5
HP:0006763,5
HP:0010219,5
HP:0100960,5
HP:0008653,5
HP:0100369,5
HP:0100121,5
HP:0010144,5
HP:0007834,5
HP:0002814,5
HP:0009204,5
HP:0010847,5
HP:0002300,5
HP:0004186,5
HP:0005136,5
HP:0011434,5
HP:0006035,5
HP:0011175,5
HP:0005867,5
HP:0005069,5
HP:0000811,5
HP:0012211,5
HP:0009584,5
HP:0012506,5
HP:0100359,5
HP:0008750,5
HP:0011360,5
HP:0009194,5
HP:0006386,5
HP:0000415,5
HP:0011523,5
HP:0009654,5
HP:0005045,5
HP:0011287,5
HP:0007437,5
HP:0012145,5
HP:0009189,5
HP:0100391,5
HP:0010381,5
HP:0005174,5
HP:0100207,5
HP:0006402,5
HP:0003011,5
HP:0004320,5
HP:0100853,5
HP:0012072,5
HP:0001951,5
HP:0007164,5
HP:0007813,5
HP:3000054,5
HP:0012741,5
HP:0009428,5
HP:0001067,5
HP:0004195,5
HP:0005060,5
HP:0005037,5
HP:0012259,5
HP:0002510,5
HP:0007293,5
HP:0004039,5
HP:0010085,5
HP:0000934,5
HP:0008026,5
HP:0000912,5
HP:0008279,5
HP:0200049,5
HP:0007869,5
HP:0010940,5
HP:0011383,5
HP:0100843,5
HP:0009404,5
HP:0006611,5
HP:0012392,5
HP:0100149,5
HP:0004746,5
HP:0011329,5
HP:0000922,5
HP:0006721,5
HP:0012086,5
HP:0010797,5
HP:0009098,5
HP:0005524,5
HP:0010251,5
HP:0002519,5
HP:0004348,5
HP:0007572,5
HP:0012654,5
HP:0002846,5
HP:0012823,5
HP:0003436,5
HP:0012827,5
HP:0004236,5
HP:0011144,5
HP:0004397,5
HP:0012603,5
HP:0100076,5
HP:0100215,5
HP:0007962,5
HP:0000576,5
HP:0100085,5
HP:0009975,5
HP:3000023,5
HP:0011411,5
HP:0011215,5
HP:0009332,5
HP:0000650,5
HP:0010684,5
HP:0001743,5
HP:0004040,5
HP:0007965,5
HP:0003852,5
HP:0001723,5
HP:0005178,5
HP:0100333,5
HP:0000916,5
HP:0003697,5
HP:0009737,5
HP:0100558,5
HP:0004366,5
HP:0100438,5
HP:0001605,5
HP:0100292,5
HP:0004271,5
HP:0007709,5
HP:0010683,5
HP:0009570,5
HP:0000622,5
HP:0007827,5
HP:0100598,5
HP:0000727,5
HP:0006733,5
HP:0007658,5
HP:0007480,5
HP:0200104,5
HP:0001582,5
HP:0000091,5
HP:0004878,5
HP:0004420,5
HP:0006949,5
HP:0006711,5
HP:0100324,5
HP:0009793,5
HP:0000178,5
HP:0005278,5
HP:0000025,5
HP:0002902,5
HP:0006166,5
HP:0011205,5
HP:0008797,5
HP:0008687,5
HP:0008122,5
HP:0001692,5
HP:0001341,5
HP:0009516,5
HP:0010716,5
HP:0004041,5
HP:0004192,5
HP:0012350,5
HP:0005490,5
HP:0005574,5
HP:0009304,5
HP:0004252,5
HP:0010398,5
HP:0100514,5
HP:0003426,5
HP:0012693,5
HP:0010970,5
HP:0012601,5
HP:0005726,5
HP:0011644,5
HP:0100222,5
HP:0006897,5
HP:0006633,5
HP:0006784,5
HP:0002334,5
HP:0010890,5
HP:0010312,5
HP:0009109,5
HP:0001373,5
HP:0005190,5
HP:0010263,5
HP:0004975,5
HP:0008639,5
HP:0006873,5
HP:0010956,5
HP:0011746,5
HP:0009088,5
HP:0200097,5
HP:0006276,5
HP:0012558,5
HP:0010064,5
HP:0100589,5
HP:0009110,5
HP:0004576,5
HP:0100878,5
HP:0009948,5
HP:0006387,5
HP:0009103,5
HP:0000399,5
HP:0005466,5
HP:0005483,5
HP:0005054,5
HP:0000890,5
HP:0003844,5
HP:0004909,5
HP:0003930,5
HP:0010903,5
HP:0007807,5
HP:0006355,5
HP:0010829,5
HP:0100321,5
HP:0010101,5
HP:3000004,5
HP:0008428,5
HP:0012002,5
HP:0100934,5
HP:0010975,5
HP:0009327,5
HP:0011889,5
HP:0011696,5
HP:0004340,5
HP:0006572,5
HP:0008314,5
HP:0001038,5
HP:0010391,5
HP:0007852,5
HP:0005316,5
HP:0100234,5
HP:0001544,5
HP:0012132,5
HP:0011082,5
HP:0009238,5
HP:0003296,5
HP:0100248,5
HP:0007801,5
HP:0000068,5
HP:0007838,5
HP:0011795,5
HP:0009207,5
HP:0012222,5
HP:0009408,5
HP:0009307,5
HP:0006927,5
HP:0010399,5
HP:0010462,5
HP:0006625,5
HP:0006286,5
HP:0011155,5
HP:0011507,5
HP:0005039,5
HP:0002548,5
HP:0010180,5
HP:0000206,5
HP:0000099,5
HP:0001874,5
HP:0012635,5
HP:0012331,5
HP:0100610,5
HP:0009831,5
HP:0002817,5
HP:0012900,5
HP:0200013,5
HP:0012818,5
HP:0005567,5
HP:0001878,5
HP:0008394,5
HP:0005422,5
HP:0011707,5
HP:0001018,5
HP:0100709,5
HP:0010353,5
HP:0011727,5
HP:0005607,5
HP:0010759,5
HP:0012810,5
HP:0004035,5
HP:0000832,5
HP:0100870,5
HP:0001334,5
HP:0008311,5
HP:0008969,5
HP:0012309,5
HP:0002642,5
HP:0011071,5
HP:0004528,5
HP:0004414,5
HP:0100890,5
HP:0011595,5
HP:0007627,5
HP:0002480,5
HP:0000778,5
HP:0010858,5
HP:0100193,5
HP:0004175,5
HP:0100213,5
HP:0002508,5
HP:0003653,5
HP:0009757,5
HP:0006329,5
HP:0006187,5
HP:0004332,5
HP:0006516,5
HP:0011905,5
HP:0009759,5
HP:0005643,5
HP:0000591,5
HP:0009263,5
HP:0011686,5
HP:0006921,5
HP:0003949,5
HP:0200068,5
HP:0010491,5
HP:0009426,5
HP:0004977,5
HP:0010913,5
HP:0100216,5
HP:0003482,5
HP:0000666,5
HP:0008047,5
HP:0011528,5
HP:0000472,5
HP:0006638,5
HP:0003225,5
HP:0008442,5
HP:0100107,5
HP:0010142,5
HP:0100557,5
HP:0003894,5
HP:0012126,5
HP:0004050,5
HP:0012027,5
HP:0011410,5
HP:0012664,5
HP:0001120,5
HP:0001031,5
HP:0009674,5
HP:0000660,5
HP:0006825,5
HP:0005451,5
HP:0011284,5
HP:0011526,5
HP:0012468,5
HP:0000722,5
HP:0001598,5
HP:0010650,5
HP:0009539,5
HP:0001836,5
HP:0012666,5
HP:0200059,5
HP:0011517,5
HP:0005580,5
HP:0100112,5
HP:0005891,5
HP:0002009,5
HP:0008458,5
HP:0012450,5
HP:0012752,5
HP:0001052,5
HP:3000024,5
HP:0000993,5
HP:0003831,5
HP:0009781,5
HP:0011791,5
HP:0009326,5
HP:0100406,5
HP:0010192,5
HP:0003287,5
HP:0012758,5
HP:0012767,5
HP:0003951,5
HP:0100822,5
HP:0003462,5
HP:0000273,5
HP:0011809,5
HP:0002991,5
HP:0006536,5
HP:0011745,5
HP:0003068,5
HP:0004112,5
HP:0006321,5
HP:0010370,5
HP:0011250,5
HP:0010661,5
HP:0002689,5
HP:0010002,5
HP:0009269,5
HP:0012360,5
HP:0007592,5
HP:0006511,5
HP:0010750,5
HP:0002928,5
HP:0004796,5
HP:0005099,5
HP:0005892,5
HP:0012316,5
HP:0007372,5
HP:0006274,5
HP:0012595,5
HP:0009094,5
HP:0012640,5
HP:0006589,5
HP:0009067,5
HP:0003223,5
HP:0011880,5
HP:3000031,5
HP:0010018,5
HP:0006571,5
HP:0006600,5
HP:0100074,5
HP:0011819,5
HP:0011632,5
HP:0011949,5
HP:0008463,5
HP:0005959,5
HP:0000496,5
HP:0100889,5
HP:0006268,5
HP:0100613,5
HP:0008153,5
HP:0012867,5
HP:0006508,5
HP:0012464,5
HP:0007269,5
HP:0009617,5
HP:0011456,5
HP:0006433,5
HP:0012463,5
HP:0004138,5
HP:0009354,5
HP:0007111,5
HP:0011559,5
HP:0005652,5
HP:0100447,5
HP:0011059,5
HP:0009630,5
HP:0005789,5
HP:0006510,5
HP:0005225,5
HP:0010213,5
HP:0007697,5
HP:0012418,5
HP:0000600,5
HP:0010361,5
HP:0001495,5
HP:0005106,5
HP:0011708,5
HP:0008496,5
HP:0012282,5
HP:0006493,5
HP:0012690,5
HP:0012636,5
HP:0007239,5
HP:0010861,5
HP:0009140,5
HP:0100697,5
HP:0009798,5
HP:0100857,5
HP:0012036,5
HP:0012477,5
HP:0012574,5
HP:0008511,5
HP:0012417,5
HP:0005766,5
HP:0012657,5
HP:0009407,5
HP:0003455,5
HP:0005121,5
HP:0003338,5
HP:0000525,5
HP:0006143,5
HP:0004459,5
HP:0012472,5
HP:0011345,5
HP:0200116,5
HP:0012060,5
HP:0100493,5
HP:0100950,5
HP:0012236,5
HP:0004819,5
HP:3000073,5
HP:0008707,5
HP:0007385,5
HP:0012085,5
HP:0004856,5
HP:0011499,5
HP:0003564,5
HP:3000020,5
HP:0012673,5
HP:0006610,5
HP:3000068,5
HP:0001351,5
HP:0006398,5
HP:0011648,5
HP:0012845,5
HP:0012025,5
HP:0003872,5
HP:0002442,5
HP:0012124,5
HP:0100416,5
HP:0004872,5
HP:0010874,5
HP:0004162,5
HP:0009733,5
HP:0200021,5
HP:0010782,5
HP:0011753,5
HP:0200126,5
HP:0002339,5
HP:0011498,5
HP:0011016,5
HP:0004416,5
HP:0003538,5
HP:0004754,5
HP:0012098,5
HP:0009225,5
HP:0008211,5
HP:0100817,5
HP:0010910,5
HP:0008291,5
HP:0003465,5
HP:0100535,5
HP:0004599,5
HP:0004408,5
HP:0012859,5
HP:0100901,5
HP:0005866,5
HP:0009272,5
HP:0010252,5
HP:0011489,5
HP:0000489,5
HP:0010549,5
HP:0012011,5
HP:0001664,5
HP:0008178,5
HP:0006175,5
HP:0010879,5
HP:0003009,5
HP:0008097,5
HP:0012071,5
HP:0002955,5
HP:0002404,5
HP:0009590,5
HP:0100196,5
HP:0002990,5
HP:0100885,5
HP:0009643,5
HP:0004193,5
HP:0100803,5
HP:0011518,5
HP:0000140,5
HP:0011605,5
HP:0008315,5
HP:0010402,5
HP:0000391,5
HP:0011375,5
HP:0002308,5
HP:0000570,5
HP:0012012,5
HP:0006205,5
HP:0009303,5
HP:0011737,5
HP:0009427,5
HP:0001922,5
HP:0007499,5
HP:0009896,5
HP:0000223,5
HP:3000012,5
HP:0009550,5
HP:0010734,5
HP:0010558,5
HP:0012816,5
HP:0002625,5
HP:0005540,5
HP:0001954,5
HP:0011203,5
HP:0005655,5
HP:0007027,5
HP:0000467,5
HP:0003339,5
HP:0012431,5
HP:0004795,5
HP:0100577,5
HP:0000920,5
HP:0012651,5
HP:0004237,5
HP:0010193,5
HP:0008963,5
HP:0008591,5
HP:0000586,5
HP:0100695,5
HP:0007601,5
HP:0010487,5
HP:0100720,5
HP:0000803,5
HP:0100887,5
HP:0011242,5
HP:0010771,5
HP:0012828,5
HP:0010258,5
HP:0007199,5
HP:0003898,5
HP:0009751,5
HP:0011640,5
HP:0012032,5
HP:0007227,5
HP:0000040,5
HP:0010239,5
HP:0001427,5
HP:0007350,5
HP:0008572,5
HP:0012003,5
HP:0200037,5
HP:0010005,5
HP:0012643,5
HP:0003655,5
HP:0010019,5
HP:0007707,5
HP:0001140,5
HP:0003217,5
HP:0004057,5
HP:0003484,5
HP:0005469,5
HP:0007109,5
HP:0100888,5
HP:0009168,5
HP:0007802,5
HP:0000996,5
HP:0010575,5
HP:0012183,5
HP:0001707,5
HP:0009672,5
HP:0011032,5
HP:0008554,5
HP:0005608,5
HP:0003921,5
HP:0005905,5
HP:0011594,5
HP:0008187,5
HP:0009924,5
HP:0009439,5
HP:0003566,5
HP:0004375,5
HP:0007431,5
HP:0010317,5
HP:0001691,5
HP:0006896,5
HP:0011841,5
HP:0100070,5
HP:0006518,5
HP:0000250,5
HP:0005535,5
HP:0006683,5
HP:0002073,5
HP:0006253,5
HP:0001572,5
HP:0007976,5
HP:0007462,5
HP:0009731,5
HP:0009058,5
HP:0006335,5
HP:0007500,5
HP:0011919,5
HP:0009379,5
HP:0006978,5
HP:0003782,5
HP:0003491,5
HP:0100181,5
HP:0100521,5
HP:0100777,5
HP:0010365,5
HP:0002749,5
HP:0011552,5
HP:0008451,5
HP:0012266,5
HP:0100307,5
HP:0100014,5
HP:0008399,5
HP:0000371,5
HP:0011186,5
HP:0006507,5
HP:0009961,5
HP:0000664,5
HP:0010499,5
HP:0011683,5
HP:0008278,5
HP:0009809,5
HP:0003328,5
HP:0004306,5
HP:0006642,5
HP:0003796,5
HP:0000833,5
HP:0010417,5
HP:0010211,5
HP:0006710,5
HP:0011831,5
HP:0011130,5
HP:0004161,5
HP:0006285,5
HP:0100328,5
HP:0011370,5
HP:0100662,5
HP:0010777,5
HP:0010405,5
HP:0010634,5
HP:0004052,5
HP:0009653,5
HP:0012803,5
HP:0003468,5
HP:0004321,5
HP:0005348,5
HP:0004798,5
HP:0011231,5
HP:0100728,5
HP:0100264,5
HP:0008866,5
HP:0012152,5
HP:0010939,5
HP:0002472,5
HP:0001830,5
HP:0200136,5
HP:0011572,5
HP:0008848,5
HP:0008718,5
HP:0004355,5
HP:0009833,5
HP:0100383,5
HP:0100055,5
HP:0004275,5
HP:0010082,5
HP:0004789,5
HP:0012589,5
HP:0011010,5
HP:0100924,5
HP:0003993,5
HP:0002545,5
HP:0003140,5
HP:0100253,5
HP:0011838,5
HP:0000603,5
HP:0012231,5
HP:0005542,5
HP:0003445,5
HP:0012596,5
HP:0008362,5
HP:0005102,5
HP:0001088,5
HP:0003221,5
HP:0009236,5
HP:0012639,5
HP:0012099,5
HP:0002823,5
HP:0008007,5
HP:0011019,5
HP:0008490,5
HP:0002539,5
HP:0100739,5
HP:0100661,5
HP:0008357,5
HP:0100952,5
HP:0009524,5
HP:0007344,5
HP:0004976,5
HP:0005579,5
HP:0031901,5
HP:0010356,5
HP:0003985,5
HP:0100595,5
HP:0010553,5
HP:0001611,5
HP:0005494,5
HP:0012370,5
HP:0002090,5
HP:0007302,5
HP:0004230,5
HP:0009341,5
HP:0010389,5
HP:0011331,5
HP:0009202,5
HP:0001604,5
HP:0008475,5
HP:0003736,5
HP:0005298,5
HP:0012364,5
HP:0001560,5
HP:0011423,5
HP:0009396,5
HP:0100830,5
HP:0100407,5
HP:0001475,5
HP:0009175,5
HP:0011699,5
HP:0004495,5
HP:0009492,5
HP:0007238,5
HP:0010682,5
HP:0009149,5
HP:0001211,5
HP:0010853,5
HP:0012788,5
HP:0004023,5
HP:0004870,5
HP:0000748,5
HP:0010363,5
HP:0003554,5
HP:0008437,5
HP:0100788,5
HP:0010147,5
HP:0100941,5
HP:0011496,5
HP:0010226,5
HP:0005678,5
HP:0001248,5
HP:0006765,5
HP:0006799,5
HP:0007817,5
HP:0012153,5
HP:0008459,5
HP:0010340,5
HP:0000745,5
HP:0003800,5
HP:0002920,5
HP:0009689,5
HP:0006008,5
HP:0007343,5
HP:0009197,5
HP:0012878,5
HP:0007183,5
HP:0001116,5
HP:0012409,5
HP:0100352,5
HP:0008035,5
HP:0010883,5
HP:0000944,5
HP:0012475,5
HP:0008483,5
HP:0100633,5
HP:0004352,5
HP:0009585,5
HP:0100819,5
HP:0001019,5
HP:0011891,5
HP:0010276,5
HP:0011502,5
HP:0012328,5
HP:0005043,5
HP:0010452,5
HP:0009690,5
HP:0010241,5
HP:0002693,5
HP:0004180,5
HP:0008102,5
HP:0006937,5
HP:0012794,5
HP:0003964,5
HP:0100594,5
HP:0009144,5
HP:0008012,5
HP:0006747,5
HP:0003989,5
HP:0005639,5
HP:0010667,5
HP:0007964,5
HP:0100132,5
HP:0003310,5
HP:0004361,5
HP:0002787,5
HP:0009293,5
HP:0010204,5
HP:0005332,5
HP:0009655,5
HP:0009503,5
HP:0006466,5
HP:0009145,5
HP:0100497,5
HP:0011315,5
HP:0005844,5
HP:0006544,5
HP:0003707,5
HP:0012342,5
HP:0012894,5
HP:0004606,5
HP:3000062,5
HP:0007274,5
HP:0100011,5
HP:0006715,5
HP:0010456,5
HP:0005522,5
HP:0005005,5
HP:0010871,5
HP:0010326,5
HP:0002331,5
HP:0007590,5
HP:0000200,5
HP:0100182,5
HP:0100019,5
HP:0009477,5
HP:0008114,5
HP:0009907,5
HP:0008436,5
HP:0011333,5
HP:0007793,5
HP:0008643,5
HP:0002866,5
HP:0009380,5
HP:0002360,5
HP:0100850,5
HP:0010148,5
HP:0006414,5
HP:0003634,5
HP:0002661,5
HP:0008586,5
HP:0006361,5
HP:0100268,5
HP:0006938,5
HP:0100517,5
HP:0006827,5
HP:0004022,5
HP:0007327,5
HP:0003967,5
HP:0100346,5
HP:0005773,5
HP:0009378,5
HP:0001223,5
HP:0010415,5
HP:0002630,5
HP:0009059,5
HP:0007862,5
HP:0011081,5
HP:0011544,5
HP:0003526,5
HP:0010755,5
HP:0008942,5
HP:0002958,5
HP:0000326,5
HP:0100054,5
HP:0007432,5
HP:0000019,5
HP:0012359,5
HP:0100092,5
HP:0009186,5
HP:0005498,5
HP:0009482,5
HP:0003840,5
HP:0000766,5
HP:0009810,5
HP:0004679,5
HP:0007544,5
HP:0010823,5
HP:0000860,5
HP:0007732,5
HP:0002362,5
HP:0012708,5
HP:0001238,5
HP:0012284,5
HP:0011486,5
HP:0009433,5
HP:0100006,5
HP:0011310,5
HP:0009997,5
HP:0001470,5
HP:0008774,5
HP:0012847,5
HP:0008376,5
HP:0100894,5
HP:0006649,5
HP:0100584,5
HP:0010191,5
HP:0010720,5
HP:0012082,5
HP:0003893,5
HP:0100111,5
HP:0006957,5
HP:0009471,5
HP:0003553,5
HP:0012237,5
HP:0009256,5
HP:0012439,5
HP:0003984,5
HP:0010424,5
HP:0012440,5
HP:0003209,5
HP:0012228,5
HP:0005910,5
HP:0002536,5
HP:0012744,5
HP:0012138,5
HP:0003185,5
HP:0010592,5
HP:0006135,5
HP:0008430,5
HP:0010689,5
HP:0009969,5
HP:0009459,5
HP:0010551,5
HP:0011771,5
HP:0008176,5
HP:0009330,5
HP:0009682,5
HP:0012133,5
HP:0010166,5
HP:0010337,5
HP:0005986,5
HP:0011761,5
HP:0005752,5
HP:0004380,5
HP:0008344,5
HP:0007607,5
HP:0009339,5
HP:0003514,5
HP:0011717,5
HP:0011267,5
HP:0009802,5
HP:0003320,5
HP:0002914,5
HP:0009583,5
HP:0007069,5
HP:0004857,5
HP:0008366,5
HP:0009227,5
HP:0008628,5
HP:0006520,5
HP:0002927,5
HP:0011194,5
HP:0008696,5
HP:0011551,5
HP:0011582,5
HP:0005864,5
HP:0004779,5
HP:0004216,5
HP:0100154,5
HP:0006696,5
HP:0005090,5
HP:0011169,5
HP:0003945,5
HP:0012662,5
HP:0003914,5
HP:0000152,5
HP:0000408,5
HP:3000064,5
HP:0012353,5
HP:0011382,5
HP:0000070,5
HP:0000042,5
HP:0100164,5
HP:0004990,5
HP:0010577,5
HP:0002695,5
HP:0007439,5
HP:0012832,5
HP:0000923,5
HP:0004928,5
HP:0004813,5
HP:0100237,5
HP:0006699,5
HP:0009494,5
HP:0005780,5
HP:0100596,5
HP:0012764,5
HP:0002012,5
HP:0002884,5
HP:0100780,5
HP:0002283,5
HP:0008640,5
HP:0100505,5
HP:0002507,5
HP:0003125,5
HP:0010321,5
HP:0007482,5
HP:0001098,5
HP:0006279,5
HP:0008227,5
HP:0100464,5
HP:0005595,5
HP:0100799,5
HP:0007286,5
HP:0000245,5
HP:0011460,5
HP:0012235,5
HP:0011991,5
HP:0005107,5
HP:0005765,5
HP:0003887,5
HP:0100832,5
HP:0010135,5
HP:0011422,5
HP:0003435,5
HP:0100088,5
HP:0004194,5
HP:0010835,5
HP:0011614,5
HP:0009267,5
HP:0008801,5
HP:0001787,5
HP:0100455,5
HP:0200005,5
HP:0010644,5
HP:0005731,5
HP:0005913,5
HP:0001547,5
HP:0009037,5
HP:0010209,5
HP:0005868,5
HP:0011929,5
HP:0004378,5
HP:0008050,5
HP:0000045,5
HP:0003304,5
HP:0002849,5
HP:0012069,5
HP:0012901,5
HP:0011709,5
HP:0100764,5
HP:0010380,5
HP:0200063,5
HP:0012046,5
HP:0003281,5
HP:0012898,5
HP:0009885,5
HP:0003963,5
HP:0010724,5
HP:0005432,5
HP:0003542,5
HP:0007521,5
HP:0010257,5
HP:0012247,5
HP:0008732,5
HP:0006503,5
HP:0009576,5
HP:0008555,5
HP:0100810,5
HP:0009154,5
HP:0012215,5
HP:0010608,5
HP:0012461,5
HP:0003809,5
HP:0005155,5
HP:0008648,5
HP:0000795,5
HP:0011133,5
HP:0005275,5
HP:3000056,5
HP:0011547,5
HP:0012889,5
HP:0001218,5
HP:0004492,5
HP:0009090,5
HP:0012470,5
HP:0002797,5
HP:0008716,5
HP:0012198,5
HP:0010565,5
HP:0010598,5
HP:0100944,5
HP:0012204,5
HP:0005235,5
HP:0008309,5
HP:0010584,5
HP:0009931,5
HP:0006006,5
HP:0005302,5
HP:0100836,5
HP:0010110,5
HP:0011739,5
HP:0010865,5
HP:0000041,5
HP:0010188,5
HP:3000075,5
HP:0008160,5
HP:0012201,5
HP:0012043,5
HP:0006732,5
HP:0012648,5
HP:0001806,5
HP:0003179,5
HP:0009334,5
HP:0004790,5
HP:0009671,5
HP:0011178,5
HP:0012323,5
HP:0100736,5
HP:0012866,5
HP:0011797,5
HP:0009280,5
HP:0009191,5
HP:0007332,5
HP:0009313,5
HP:0010696,5
HP:0012779,5
HP:0100930,5
HP:3000033,5
HP:0003679,5
HP:0003495,5
HP:0011783,5
HP:0010036,5
HP:0000512,5
HP:0010513,5
HP:0002718,5
HP:0100545,5
HP:0100860,5
HP:0012486,5
HP:0011042,5
HP:0007783,5
HP:0005946,5
HP:0010011,5
HP:0100086,5
HP:0005242,5
HP:0003019,5
HP:0200064,5
HP:0010051,5
HP:0008587,5
HP:0100672,5
HP:0011833,5
HP:0008660,5
HP:0009615,5
HP:0011636,5
HP:0009377,5
HP:0003413,5
HP:0001404,5
HP:0010162,5
HP:0005885,5
HP:0012619,5
HP:0002088,5
HP:0011656,5
HP:0001301,5
HP:0012633,5
HP:0100501,5
HP:0100622,5
HP:0005072,5
HP:0100872,5
HP:0005989,5
HP:0011179,5
HP:0009949,5
HP:0000479,5
HP:0100033,5
HP:0012310,5
HP:0001326,5
HP:0005465,5
HP:0004303,5
HP:0012092,5
HP:0003716,5
HP:0008738,5
HP:0005259,5
HP:0004330,5
HP:0001002,5
HP:0008138,5
HP:0100360,5
HP:0009104,5
HP:0006172,5
HP:0011127,5
HP:0200144,5
HP:0007720,5
HP:0009982,5
HP:0012503,5
HP:0009170,5
HP:0001626,5
HP:0000927,5
HP:0100821,5
HP:0006882,5
HP:0012517,5
HP:0100581,5
HP:0012139,5
HP:0011266,5
HP:0008110,5
HP:0010645,5
HP:0005700,5
HP:0100362,5
HP:0004293,5
HP:0009772,5
HP:0100628,5
HP:0004257,5
HP:0010938,5
HP:0000108,5
HP:0011646,5
HP:0008009,5
HP:0007648,5
HP:0200072,5
HP:0012343,5
HP:0011121,5
HP:0100932,5
HP:0004333,5
HP:0012101,5
HP:0004240,5
HP:0007550,5
HP:0100617,5
HP:0200057,5
HP:0003929,5
HP:0009497,5
HP:0008271,5
HP:0010174,5
HP:0011256,5
HP:0003037,5
HP:0012571,5
HP:0012428,5
HP:0003237,5
HP:0012398,5
HP:0002805,5
HP:0009270,5
HP:0009183,5
HP:0012167,5
HP:0100320,5
HP:0100519,5
HP:0011693,5
HP:0003154,5
HP:0000434,5
HP:0009629,5
HP:0100906,5
HP:0012773,5
HP:0000558,5
HP:0000487,5
HP:0005984,5
HP:0006315,5
HP:0010688,5
HP:0012588,5
HP:0002576,5
HP:0003729,5
HP:0001994,5
HP:0008636,5
HP:0012516,5
HP:0001975,5
HP:0009640,5
HP:0010298,5
HP:0007585,5
HP:0007825,5
HP:0006467,5
HP:0011189,5
HP:0010571,5
HP:0001667,5
HP:0010214,5
HP:0002880,5
HP:0011091,5
HP:0001869,5
HP:0007525,5
HP:0005788,5
HP:0009659,5
HP:0100110,5
HP:0008011,5
HP:0100848,5
HP:0100466,5
HP:0011114,5
HP:0007265,5
HP:0011318,5
HP:0007772,5
HP:0012253,5
HP:0011823,5
HP:0000185,5
HP:0100962,5
HP:0100318,5
HP:0100575,5
HP:0000104,5
HP:0000804,5
HP:0000306,5
HP:0011079,5
HP:0010609,5
HP:0006519,5
HP:0001675,5
HP:0012531,5
HP:0009318,5
HP:0012618,5
HP:0003172,5
HP:0012021,5
HP:0003466,5
HP:0010705,5
HP:0010307,5
HP:0001928,5
HP:0003409,5
HP:0009957,5
HP:0002372,5
HP:0008661,5
HP:0100645,5
HP:0003318,5
HP:0010995,5
HP:3000039,5
HP:0003752,5
HP:0001705,5
HP:0004831,5
HP:0100586,5
HP:0011350,5
HP:0007814,5
HP:0000065,5
HP:0011245,5
HP:0008438,5
HP:0005638,5
HP:0100034,5
HP:0008209,5
HP:0010880,5
HP:0009721,5
HP:0000579,5
HP:0007885,5
HP:0011278,5
HP:0004399,5
HP:0011729,5
HP:0100229,5
HP:0011521,5
HP:0001122,5
HP:0001831,5
HP:0009174,5
HP:0007330,5
HP:0009242,5
HP:0100533,5
HP:0011957,5
HP:0002828,5
HP:0012149,5
HP:0009906,5
HP:0012397,5
HP:0007210,5
HP:0000598,5
HP:0009126,5
HP:0001908,5
HP:0005759,5
HP:0001701,5
HP:0100095,5
HP:0011039,5
HP:0010189,5
HP:0011482,5
HP:0004626,5
HP:0004582,5
HP:0100743,5
HP:0009147,5
HP:0000155,5
HP:0003927,5
HP:0002729,5
HP:0007182,5
HP:0010521,5
HP:0009346,5
HP:0005881,5
HP:0007230,5
HP:0010046,5
HP:0012175,5
HP:0010325,5
HP:3000078,5
HP:0003490,5
HP:0002132,5
HP:0011586,5
HP:0004384,5
HP:0002708,5
HP:0012047,5
HP:0011754,5
HP:0012877,5
HP:0100171,5
HP:0000270,5
HP:0007509,5
HP:0010334,5
HP:0009981,5
HP:0100734,5
HP:0010324,5
HP:0011916,5
HP:0010917,5
HP:0012689,5
HP:0002524,5
HP:0008087,5
HP:0004880,5
HP:0000606,5
HP:0012031,5
HP:0000852,5
HP:0002882,5
HP:0005308,5
HP:0100913,5
HP:0100564,5
HP:0003347,5
HP:0002898,5
HP:0006866,5
HP:0010291,5
HP:0012244,5
HP:0011301,5
HP:0009767,5
HP:0100755,5
HP:0100458,5
HP:0012570,5
HP:0006236,5
HP:0008272,5
HP:0009700,5
HP:0100270,5
HP:0011243,5
HP:0100737,5
HP:0011113,5
HP:0007643,5
HP:0009979,5
HP:0004755,5
HP:0003089,5
HP:0010503,5
HP:0008264,5
HP:0005025,5
HP:0010302,5
HP:0002211,5
HP:0010686,5
HP:0011317,5
HP:0010229,5
HP:0003084,5
HP:0011840,5
HP:0001719,5
HP:0100797,5
HP:0100928,5
HP:0009446,5
HP:0010924,5
HP:0001941,5
HP:0004202,5
HP:0011815,5
HP:0000876,5
HP:0012625,5
HP:0000493,5
HP:0012694,5
HP:0100562,5
HP:0000800,5
HP:0005671,5
HP:0006561,5
HP:0002366,5
HP:0003654,5
HP:0002157,5
HP:0009622,5
HP:0001844,5
HP:0002692,5
HP:0000024,5
HP:0100290,5
HP:0012399,5
HP:0009276,5
HP:0005194,5
HP:0009574,5
HP:0004012,5
HP:0011461,5
HP:0006879,5
HP:0009240,5
HP:0000694,5
HP:0010794,5
HP:0011566,5
HP:0012750,5
HP:0012751,5
HP:0001469,5
HP:0005565,5
HP:0002783,5
HP:0001327,5
HP:0001871,5
HP:0011011,5
HP:0006326,5
HP:0007722,5
HP:0012268,5
HP:0010833,5
HP:0006381,5
HP:0100948,5
HP:0011277,5
HP:0008986,5
HP:0009123,5
HP:0002717,5
HP:0002629,5
HP:0011752,5
HP:0004345,5
HP:0011852,5
HP:0002677,5
HP:0010862,5
HP:0007052,5
HP:0010343,5
HP:0010427,5
HP:0005487,5
HP:0003163,5
HP:0007554,5
HP:0003279,5
HP:0010999,5
HP:0011355,5
HP:0100281,5
HP:0000847,5
HP:0100308,5
HP:0002932,5
HP:0003997,5
HP:0002032,5
HP:0100731,5
HP:0000118,5
HP:0011014,5
HP:0009203,5
HP:0007430,5
HP:0004617,5
HP:0004254,5
HP:0001977,5
HP:0007473,5
HP:0011412,5
HP:0100834,5
HP:3000063,5
HP:0012327,5
HP:0004681,5
HP:0006587,5
HP:0003218,5
HP:0012270,5
HP:0009813,5
HP:0004964,5
HP:0008593,5
HP:0000889,5
HP:0004415,5
HP:0002446,5
HP:0000918,5
HP:0001747,5
HP:0002041,5
HP:0003345,5
HP:0004581,5
HP:0004244,5
HP:0012095,5
HP:0008141,5
HP:0007016,5
HP:0100795,5
HP:0011705,5
HP:0009827,5
HP:0100753,5
HP:0011743,5
HP:0002926,5
HP:0007773,5
HP:0012286,5
HP:0004634,5
HP:0012485,5
HP:0004279,5
HP:0009217,5
HP:0011239,5
HP:0100612,5
HP:0002963,5
HP:0011630,5
HP:0006628,5
HP:0008635,5
HP:0009388,5
HP:0100183,5
HP:0005906,5
HP:0011337,5
HP:0005667,5
HP:0008320,5
HP:0100393,5
HP:0001939,5
HP:0006893,5
HP:0011734,5
HP:0004381,5
HP:0000859,5
HP:0006781,5
HP:0001473,5
HP:0009658,5
HP:0010111,5
HP:0010383,5
HP:0011326,5
HP:0010856,5
HP:0004207,5
HP:0100185,5
HP:0010635,5
HP:0100008,5
HP:0008743,5
HP:0100430,5
HP:0005747,5
HP:0003144,5
HP:0011772,5
HP:0003789,5
HP:0000561,5
HP:0001446,5
HP:0007402,5
HP:0008453,5
HP:0011401,5
HP:0011048,5
HP:0004605,5
HP:0010104,5
HP:0011115,5
HP:0010338,5
HP:0002997,5
HP:0004246,5
HP:0000030,5
HP:0007131,5
HP:0009580,5
HP:0001465,5
HP:0010235,5
HP:0004841,5
HP:0007935,5
HP:0100374,5
HP:0004752,5
HP:0012425,5
HP:0000366,5
HP:0011626,5
HP:0007497,5
HP:0000468,5
HP:0011987,5
HP:0003548,5
HP:0000712,5
HP:0011290,5
HP:0002948,5
HP:0010236,5
HP:0100131,5
HP:0000647,5
HP:0100251,5
HP:0100042,5
HP:0001360,5
HP:0005798,5
HP:0011596,5
HP:0100068,5
HP:0007377,5
HP:0012361,5
HP:0100875,5
HP:0009695,5
HP:0005692,5
HP:0100761,5
HP:0004692,5
HP:0001737,5
HP:0010091,5
HP:0001671,5
HP:0001325,5
HP:0004255,5
HP:0100129,5
HP:0003277,5
HP:0011915,5
HP:0002371,5
HP:0004448,5
HP:0001118,5
HP:0007272,5
HP:0000008,5
HP:0011564,5
HP:0100625,5
HP:0005676,5
HP:0002250,5
HP:0003888,5
HP:0003361,5
HP:0003687,5
HP:0004362,5
HP:0000738,5
HP:0010446,5
HP:0007757,5
HP:0011377,5
HP:0012519,5
HP:0002160,5
HP:0009551,5
HP:0012315,5
HP:0008263,5
HP:0007956,5
HP:0009575,5
HP:0002841,5
HP:0002878,5
HP:0002923,5
HP:0000420,5
HP:0012053,5
HP:0008808,5
HP:0100057,5
HP:0011020,5
HP:0002614,5
HP:0100296,5
HP:0003938,5
HP:0100510,5
HP:0011210,5
HP:0007409,5
HP:0002390,5
HP:0007054,5
HP:0012420,5
HP:0005184,5
HP:0011119,5
HP:0006563,5
HP:0012480,5
HP:0010425,5
HP:0003451,5
HP:0002851,5
HP:0004400,5
HP:0004782,5
HP:0012238,5
HP:0012862,5
HP:0012429,5
HP:0009811,5
HP:0008780,5
HP:0009259,5
HP:0001150,5
HP:0009845,5
HP:0012176,5
HP:0002330,5
HP:0006554,5
HP:0003402,5
HP:0009042,5
HP:0100883,5
HP:0008038,5
HP:0006865,5
HP:0002277,5
HP:0003180,5
HP:0010507,5
HP:0001113,5
HP:0004368,5
HP:0006562,5
HP:0003271,5
HP:0011209,5
HP:0002497,5
HP:0011389,5
HP:0011811,5
HP:0002244,5
HP:0004267,5
HP:0003906,5
HP:0005972,5
HP:0010254,5
HP:0011214,5
HP:0003334,5
HP:0003464,5
HP:0010029,5
HP:0000753,5
HP:0004276,5
HP:0006918,5
HP:0011926,5
HP:0009823,5
HP:0009569,5
HP:0008119,5
HP:0007313,5
HP:0007030,5
HP:0010139,5
HP:0100184,5
HP:0004289,5
HP:0011237,5
HP:0003905,5
HP:0012790,5
HP:0010306,5
HP:0009670,5
HP:0005563,5
HP:0010897,5
HP:0001969,5
HP:0003244,5
HP:0011322,5
HP:0001998,5
HP:0008749,5
HP:0001907,5
HP:0009942,5
HP:0011617,5
HP:0004433,5
HP:0002917,5
HP:0004005,5
HP:0006502,5
HP:0010297,5
HP:0006961,5
HP:0012659,5
HP:0003380,5
HP:0007363,5
HP:0100457,5
HP:0009800,5
HP:0010741,5
HP:0010270,5
HP:0100025,5
HP:0008682,5
HP:0000288,5
HP:0010681,5
HP:0002234,5
HP:0011500,5
HP:0006681,5
HP:0004014,5
HP:0011845,5
HP:0010409,5
HP:0006657,5
HP:0005004,5
HP:0100123,5
HP:0012074,5
HP:0003453,5
HP:0006347,5
HP:0100179,5
HP:0002401,5
HP:0008277,5
HP:3000009,5
HP:0005156,5
HP:0009571,5
HP:0000910,5
HP:0011261,5
HP:0003575,5
HP:0003193,5
HP:0010406,5
HP:0010186,5
HP:0009002,5
HP:0100247,5
HP:0003344,5
HP:0100017,5
HP:0001145,5
HP:0010527,5
HP:0010505,5
HP:0008455,5
HP:0011224,5
HP:0011848,5
HP:0100940,5
HP:0100157,5
HP:0004696,5
HP:0005008,5
HP:0100576,5
HP:0011522,5
HP:0010735,5
HP:0012129,5
HP:0008461,5
HP:0005237,5
HP:0008075,5
HP:0000641,5
HP:0002463,5
HP:0002731,5
HP:0007133,5
HP:0200135,5
HP:0006086,5
HP:0003899,5
HP:0002752,5
HP:3000053,5
HP:0002314,5
HP:0007400,5
HP:0100156,5
HP:0009345,5
HP:0012254,5
HP:0002691,5
HP:0000842,5
HP:0005901,5
HP:0010105,5
HP:0005089,5
HP:0009456,5
HP:0011666,5
HP:0008113,5
HP:0012041,5
HP:0007087,5
HP:0011017,5
HP:0010739,5
HP:0003704,5
HP:0100311,5
HP:0010676,5
HP:0000605,5
HP:0007530,5
HP:0009279,5
HP:0011992,5
HP:0009530,5
HP:0100250,5
HP:0011307,5
HP:0100277,5
HP:0008473,5
HP:0006855,5
HP:0001492,5
HP:0002329,5
HP:0001579,5
HP:0011964,5
HP:0010963,5
HP:0010790,5
HP:0100543,5
HP:0003836,5
HP:0003876,5
HP:0011415,5
HP:0000447,5
HP:0000957,5
HP:0005787,5
HP:0011956,5
HP:0005086,5
HP:0001060,5
HP:0007728,5
HP:0009271,5
HP:0010395,5
HP:0007613,5
HP:0100046,5
HP:0100329,5
HP:0002681,5
HP:0009450,5
HP:0006209,5
HP:0006048,5
HP:0009594,5
HP:0003658,5
HP:0100590,5
HP:0007536,5
HP:0012122,5
HP:0002221,5
HP:0000692,5
HP:0100175,5
HP:0010015,5
HP:0010641,5
HP:0010929,5
HP:0005301,5
HP:0100162,5
HP:0100058,5
HP:0011286,5
HP:0004732,5
HP:0100845,5
HP:0006263,5
HP:0000554,5
HP:0008371,5
HP:0000870,5
HP:0006573,5
HP:0002403,5
HP:0010998,5
HP:0011009,5
HP:0009178,5
HP:0011458,5
HP:0010798,5
HP:0011126,5
HP:0005495,5
HP:0001139,5
HP:0008619,5
HP:0006794,5
HP:0006671,5
HP:0010161,5
HP:0012456,5
HP:0003850,5
HP:0003689,5
HP:0000225,5
HP:0001040,5
HP:0012501,5
HP:0003977,5
HP:0008652,5
HP:0011408,5
HP:0004938,5
HP:0007468,5
HP:0007201,5
HP:0009265,5
HP:0002227,5
HP:0008250,5
HP:0012691,5
HP:0100565,5
HP:0003080,5
HP:3000010,5
HP:0009148,5
HP:0100790,5
HP:0010351,5
HP:0011147,5
HP:0010640,5
HP:0100770,5
HP:0008488,5
HP:3000055,5
HP:3000044,5
HP:0010985,5
HP:0012410,5
HP:0011672,5
HP:0100749,5
HP:0100835,5
HP:0007392,5
HP:0001551,5
HP:0011856,5
HP:0004818,5
HP:0012805,5
HP:0012229,5
HP:0012712,5
HP:0003210,5
HP:0011858,5
HP:0006915,5
HP:0005627,5
HP:0009953,5
HP:0005696,5
HP:0006951,5
HP:0007233,5
HP:0007560,5
HP:0000147,5
HP:0001380,5
HP:0012760,5
HP:0000614,5
HP:0010830,5
HP:0010039,5
HP:0006863,5
HP:0005445,5
HP:0007000,5
HP:0010336,5
HP:0001308,5
HP:0010033,5
HP:0010685,5
HP:0003116,5
HP:0001606,5
HP:0006543,5
HP:0003117,5
HP:0100449,5
HP:0011812,5
HP:0003674,5
HP:0007836,5
HP:0012729,5
HP:0006114,5
HP:0011323,5
HP:0010881,5
HP:0001169,5
HP:0009669,5
HP:0012796,5
HP:0012682,5
HP:0008583,5
HP:0012172,5
HP:0007811,5
HP:0004493,5
HP:0006210,5
HP:0007178,5
HP:0000378,5
HP:0009898,5
HP:0008751,5
HP:0002230,5
HP:0011543,5
HP:0005682,5
HP:0010332,5
HP:0005746,5
HP:0005882,5
HP:0000658,5
HP:0011681,5
HP:0009738,5
HP:0011966,5
HP:0006698,5
HP:0100062,5
HP:0004274,5
HP:0011258,5
HP:0010719,5
HP:0100443,5
HP:0000954,5
HP:0012698,5
HP:0001055,5
HP:0011452,5
HP:0200141,5
HP:0009274,5
HP:0000411,5
HP:0003952,5
HP:0006619,5
HP:0011769,5
HP:0001293,5
HP:0010772,5
HP:0006727,5
HP:0010612,5
HP:0100599,5
HP:0008398,5
HP:0007765,5
HP:0004901,5
HP:0009376,5
HP:0010096,5
HP:0012551,5
HP:0005982,5
HP:0008772,5
HP:0009531,5
HP:0004045,5
HP:0100892,5
HP:0011751,5
HP:0100090,5
HP:0004235,5
HP:0001273,5
HP:0002562,5
HP:0002451,5
HP:0001147,5
HP:0007435,5
HP:0011599,5
HP:0008773,5
HP:0100282,5
HP:0100915,5
HP:0004952,5
HP:0007067,5
HP:0003403,5
HP:0004187,5
HP:0005324,5
HP:0005539,5
HP:0012250,5
HP:0000625,5
HP:0011541,5
HP:0100299,5
HP:0010896,5
HP:0007163,5
HP:0007685,5
HP:0100263,5
HP:0100404,5
HP:0006394,5
HP:0001789,5
HP:0100849,5
HP:0007280,5
HP:0009556,5
HP:0009005,5
HP:0012568,5
HP:0007383,5
HP:0003355,5
HP:0008133,5
HP:0009357,5
HP:0012713,5
HP:0012860,5
HP:0002639,5
HP:0005886,5
HP:0009350,5
HP:0008776,5
HP:0003970,5
HP:0004392,5
HP:0003613,5
HP:0003616,5
HP:0010899,5
HP:0003302,5
HP:0008802,5
HP:0011948,5
HP:0007880,5
HP:0100188,5
HP:0011568,5
HP:0000627,5
HP:0007515,5
HP:0011953,5
HP:0012722,5
HP:0012437,5
HP:0002763,5
HP:0200124,5
HP:0009411,5
HP:0005587,5
HP:0012195,5
HP:0010016,5
HP:0003110,5
HP:0002627,5
HP:0010308,5
HP:0002374,5
HP:0006906,5
HP:0000504,5
HP:0011808,5
HP:0007001,5
HP:0100205,5
HP:0012302,5
HP:0006059,5
HP:0005035,5
HP:0001886,5
HP:0004243,5
HP:0006679,5
HP:0001769,5
HP:0007394,5
HP:0007110,5
HP:0012628,5
HP:0010580,5
HP:0011515,5
HP:0005681,5
HP:0004374,5
HP:0100242,5
HP:0010175,5
HP:0012363,5
HP:0007779,5
HP:0200040,5
HP:0100063,5
HP:0012380,5
HP:0012184,5
HP:0002118,5
HP:0005202,5
HP:0009294,5
HP:0001405,5
HP:0003368,5
HP:0006462,5
HP:0011580,5
HP:0002786,5
HP:0005113,5
HP:0008722,5
HP:0011023,5
HP:0005419,5
HP:0008033,5
HP:0012023,5
HP:0012192,5
HP:0007457,5
HP:0004749,5
HP:0001101,5
HP:0007501,5
HP:0005852,5
HP:0011641,5
HP:0011911,5
HP:0008659,5
HP:0012675,5
HP:0011099,5
HP:0004327,5
HP:0010131,5
HP:0011151,5
HP:0011921,5
HP:0008970,5
HP:0000135,5
HP:0001601,5
HP:0100461,5
HP:0100357,5
HP:0005506,5
HP:0100919,5
HP:0009249,5
HP:0000720,5
HP:0006851,5
HP:0008755,5
HP:0000141,5
HP:0100852,5
HP:0004944,5
HP:0011390,5
HP:0003336,5
HP:0100742,5
HP:0005340,5
HP:0100266,5
HP:0003134,5
HP:0001714,5
HP:0100814,5
HP:0003043,5
HP:0007250,5
HP:0004233,5
HP:0006369,5
HP:0003866,5
HP:0009783,5
HP:0100786,5
HP:0003948,5
HP:0003741,5
HP:0000661,5
HP:0000475,5
HP:0009443,5
HP:0004633,5
HP:0010509,5
HP:0100553,5
HP:0009512,5
HP:0009730,5
HP:0004341,5
HP:0011867,5
HP:0010348,5
HP:0002826,5
HP:0000027,5
HP:0009401,5
HP:0004931,5
HP:0009621,5
HP:0000970,5
HP:0001075,5
HP:0100372,5
HP:0000914,5
HP:0008596,5
HP:0006646,5
HP:0008080,5
HP:0002780,5
HP:0100592,5
HP:0006437,5
HP:0005396,5
HP:0012552,5
HP:0002612,5
HP:0010435,5
HP:0003333,5
HP:0005209,5
HP:0000765,5
HP:0012505,5
HP:0003994,5
HP:0005507,5
HP:0004540,5
HP:0003912,5
HP:0004390,5
HP:0007758,5
HP:0009677,5
HP:0008045,5
HP:0000031,5
HP:0004220,5
HP:0006970,5
HP:0000690,5
HP:0010656,5
HP:0012553,5
HP:0011262,5
HP:0006471,5
HP:0100943,5
HP:0006067,5
HP:0012462,5
HP:0002764,5
HP:0000629,5
HP:0010991,5
HP:0012685,5
HP:0009963,5
HP:0100879,5
HP:0010605,5
HP:0011295,5
HP:0200023,5
HP:0005230,5
HP:0004563,5
HP:0005219,5
HP:0010322,5
HP:0002139,5
HP:0012580,5
HP:0011240,5
HP:0011932,5
HP:0005572,5
HP:0100698,5
HP:0100099,5
HP:0008058,5
HP:0100448,5
HP:0010976,5
HP:0100371,5
HP:0011679,5
HP:0009832,5
HP:0006992,5
HP:0004100,5
HP:0000837,5
HP:0009663,5
HP:0004488,5
HP:0010915,5
HP:0004034,5
HP:0100871,5
HP:0010045,5
HP:0012890,5
HP:0007552,5
HP:0011738,5
HP:0100243,5
HP:0004987,5
HP:0006768,5
HP:0010922,5
HP:0007939,5
HP:0006159,5
HP:0006557,5
HP:0012728,5
HP:0004343,5
HP:0100724,5
HP:0011805,5
HP:0002268,5
HP:0001073,5
HP:0003881,5
HP:0001991,5
HP:0007007,5
HP:0011024,5
HP:0011248,5
HP:0004201,5
HP:0005922,5
HP:0010362,5
HP:0002345,5
HP:0009995,5
HP:0001944,5
HP:0004532,5
HP:0004337,5
HP:0100513,5
HP:0100298,5
HP:0011999,5
HP:0008125,5
HP:0012895,5
HP:0004219,5
HP:0010914,5
HP:0002212,5
HP:0001933,5
HP:0010319,5
HP:0000818,5
HP:0010037,5
HP:0009395,5
HP:0006929,5
HP:0005201,5
HP:0010442,5
HP:0007063,5
HP:0012522,5
HP:0012052,5
HP:0011616,5
HP:0012090,5
HP:0005357,5
HP:0008336,5
HP:0011569,5
HP:0011436,5
HP:0008494,5
HP:0000217,5
HP:0007570,5
HP:0011930,5
HP:0006217,5
HP:0009734,5
HP:0011425,5
HP:0100120,5
HP:0012849,5
HP:0009451,5
HP:0005920,5
HP:0004898,5
HP:0003102,5
HP:0007820,5
HP:0003247,5
HP:0003868,5
HP:0012853,5
HP:0011084,5
HP:0007411,5
HP:0005352,5
HP:0008633,5
HP:0003698,5
HP:0009645,5
HP:0030680,5
HP:0100823,5
HP:0010566,5
HP:0000877,5
HP:0011807,5
HP:0002845,5
HP:0100145,5
HP:0006717,5
HP:0011539,5
HP:0012891,5
HP:0010821,5
HP:0100787,5
HP:0006576,5
HP:0100047,5
HP:0011561,5
HP:0011230,5
HP:0100375,5
HP:0004875,5
HP:0002753,5
HP:0004438,5
HP:0002257,5
HP:0004015,5
HP:0011920,5
HP:0003907,5
HP:0002044,5
HP:0000719,5
HP:0002730,5
HP:0012105,5
HP:0004388,5
HP:0000857,5
HP:0009419,5
HP:0005198,5
HP:0000740,5
HP:0011063,5
HP:0012797,5
HP:0001132,5
HP:0001193,5
HP:3000042,5
HP:0008785,5
HP:0010860,5
HP:0100638,5
HP:0012672,5
HP:0007602,5
HP:0010473,5
HP:0003533,5
HP:0012627,5
HP:0011570,5
HP:0007947,5
HP:0003048,5
HP:0009314,5
HP:0010102,5
HP:0012884,5
HP:0004467,5
HP:0011913,5
HP:0007352,5
HP:0011960,5
HP:0100771,5
HP:0008321,5
HP:0005606,5
HP:0009062,5
HP:0009340,5
HP:0010042,5
HP:0000339,5
HP:0100859,5
HP:0100197,5
HP:0002505,5
HP:0012335,5
HP:0009775,5
HP:0001783,5
HP:0012062,5
HP:0010722,5
HP:0007490,5
HP:0100686,5
HP:0004184,5
HP:0010069,5
HP:0011977,5
HP:0005292,5
HP:0004054,5
HP:0003996,5
HP:0003366,5
HP:0010350,5
HP:0007494,5
HP:0003367,5
HP:0005951,5
HP:0009891,5
HP:0011246,5
HP:0009770,5
HP:0006352,5
HP:0008422,5
HP:0005523,5
HP:0009739,5
HP:0009385,5
HP:0007428,5
HP:0002381,5
HP:0011148,5
HP:0010136,5
HP:0100291,5
HP:0001317,5
HP:0002982,5
HP:0002542,5
HP:0010237,5
HP:0003400,5
HP:0011302,5
HP:0009606,5
HP:0009915,5
HP:0003808,5
HP:0200041,5
HP:0005231,5
HP:0007920,5
HP:0007760,5
HP:0012575,5
HP:0005028,5
HP:0100067,5
HP:0000527,5
HP:0003363,5
HP:0008756,5
HP:0009286,5
HP:0009319,5
HP:0003886,5
HP:0007893,5
HP:0003323,5
HP:0008001,5
HP:0010796,5
HP:0000368,5
HP:0002888,5
HP:0009806,5
HP:0007791,5
HP:0012899,5
HP:0010187,5
HP:0007803,5
HP:0010407,5
HP:0002973,5
HP:0009708,5
HP:0003959,5
HP:0012014,5
HP:0010052,5
HP:0009283,5
HP:0006643,5
HP:0002636,5
HP:0007924,5
HP:0007495,5
HP:0004037,5
HP:0003267,5
HP:0010633,5
HP:0012737,5
HP:0001059,5
HP:0012055,5
HP:0010482,5
HP:0005505,5
HP:0011963,5
HP:0005926,5
HP:0006837,5
HP:0002377,5
HP:0001829,5
HP:0100763,5
HP:0012481,5
HP:0002634,5
HP:0002144,5
HP:0100588,5
HP:0009974,5
HP:0001259,5
HP:0010372,5
HP:0001684,5
HP:0011104,5
HP:0008103,5
HP:0012865,5
HP:0004260,5
HP:0012896,5
HP:0002740,5
HP:0005262,5
HP:0010778,5
HP:0001682,5
HP:0100413,5
HP:0005939,5
HP:0010736,5
HP:0008096,5
HP:0007755,5
HP:0003038,5
HP:0006376,5
HP:0100189,5
HP:0003785,5
HP:0010817,5
HP:0004422,5
HP:0005622,5
HP:0010408,5
HP:0005160,5
HP:0006790,5
HP:0006208,5
HP:0008054,5
HP:0005476,5
HP:0010471,5
HP:0006109,5
HP:0100923,5
HP:0010369,5
HP:0004287,5
HP:0001215,5
HP:0100669,5
HP:0009932,5
HP:0001489,5
HP:0002439,5
HP:0007489,5
HP:0005446,5
HP:0009403,5
HP:0006802,5
HP:0012157,5
HP:0006704,5
HP:0001697,5
HP:0009894,5
HP:0009028,5
HP:0012029,5
HP:0011591,5
HP:0007596,5
HP:0009684,5
HP:0011008,5
HP:0012494,5
HP:0100569,5
HP:0000817,5
HP:0002100,5
HP:0010062,5
HP:0001543,5
HP:0006498,5
HP:0012414,5
HP:0006423,5
HP:0100126,5
HP:0009105,5
HP:0000395,5
HP:0004234,5
HP:0004261,5
HP:0008569,5
HP:0004866,5
HP:0011843,5
HP:0010524,5
HP:0011794,5
HP:0006420,5
HP:0007595,5
HP:0011089,5
HP:0004299,5
HP:0100038,5
HP:0011870,5
HP:3000051,5
HP:0008820,5
HP:0003260,5
HP:0009478,5
HP:0100778,5
HP:0100826,5
HP:0012423,5
HP:0003252,5
HP:0006443,5
HP:0005115,5
HP:0004404,5
HP:0003187,5
HP:0010533,5
HP:0008193,5
HP:0012217,5
HP:0002961,5
HP:0002638,5
HP:0200109,5
HP:0000136,5
HP:0007975,5
HP:0011464,5
HP:0100142,5
HP:0011400,5
HP:0010948,5
HP:0009171,5
HP:0004876,5
HP:0001172,5
HP:0011040,5
HP:0008230,5
HP:0005111,5
HP:0004969,5
HP:0001500,5
HP:0012214,5
HP:0010919,5
HP:0003108,5
HP:0008062,5
HP:0010388,5
HP:0009201,5
HP:0008155,5
HP:0005534,5
HP:0100039,5
HP:0011714,5
HP:0011973,5
HP:0007141,5
HP:0100147,5
HP:0000931,5
HP:0001239,5
HP:0003856,5
HP:0004425,5
HP:0010884,5
HP:0007698,5
HP:0011477,5
HP:0011573,5
HP:0007973,5
HP:0012804,5
HP:0009967,5
HP:0200108,5
HP:0012511,5
HP:0010054,5
HP:0012714,5
HP:0100600,5
HP:0004288,5
HP:0007156,5
HP:0001775,5
HP:0012096,5
HP:0001911,5
HP:0001464,5
HP:0009959,5
HP:0010906,5
HP:0100926,5
HP:0008082,5
HP:0003170,5
HP:0100015,5
HP:0100098,5
HP:0000396,5
HP:0009458,5
HP:0007360,5
HP:0002235,5
HP:0005104,5
HP:0003694,5
HP:0012112,5
HP:0100687,5
HP:0000145,5
HP:0010602,5
HP:0010500,5
HP:0003165,5
HP:0007901,5
HP:0001107,5
HP:0006092,5
HP:0012688,5
HP:0010780,5
HP:0100863,5
HP:0005987,5
HP:0100161,5
HP:0012817,5
HP:0010493,5
HP:0011188,5
HP:0100634,5
HP:0009566,5
HP:0003212,5
HP:0009453,5
HP:0005213,5
HP:0008305,5
HP:0011103,5
HP:0001063,5
HP:0011826,5
HP:0011759,5
HP:0100539,5
HP:0012134,5
HP:0003513,5
HP:0001663,5
HP:0009676,5
HP:0010934,5
HP:0100388,5
HP:0000548,5
HP:0001833,5
HP:0001788,5
HP:0009922,5
HP:0005650,5
HP:3000019,5
HP:0008067,5
HP:0000265,5
HP:0009223,5
HP:0009349,5
HP:0006577,5
HP:0010092,5
HP:0011454,5
HP:0012469,5
HP:0001953,5
HP:0003115,5
HP:0012709,5
HP:0006162,5
HP:0008717,5
HP:0004961,5
HP:0005420,5
HP:0000433,5
HP:0003142,5
HP:0011107,5
HP:0100223,5
HP:0100684,5
HP:0009069,5
HP:0003941,5
HP:0005224,5
HP:0001882,5
HP:0001103,5
HP:0001842,5
HP:0007514,5
HP:3000006,5
HP:0010672,5
HP:0001732,5
HP:0003352,5
HP:0200102,5
HP:0100463,5
HP:0012223,5
HP:0011864,5
HP:0100573,5
HP:0011074,5
HP:0012786,5
HP:0010700,5
HP:0012710,5
HP:0010242,5
HP:0002448,5
HP:0005085,5
HP:0011909,5
HP:0012465,5
HP:0005513,5
HP:0004970,5
HP:0003730,5
HP:0001980,5
HP:0002024,5
HP:0012348,5
HP:0001335,5
HP:0007448,5
HP:0012801,5
HP:0011395,5
HP:0012846,5
HP:0006631,5
HP:0000732,5
HP:0009656,5
HP:0004083,5
HP:0011168,5
HP:0010267,5
HP:0012582,5
HP:0005100,5
HP:0011264,5
HP:0002170,5
HP:0012292,5
HP:0009633,5
HP:0008486,5
HP:0011600,5
HP:0009558,5
HP:0100165,5
HP:0001048,5
HP:0009713,5
HP:0005067,5
HP:0009112,5
HP:0007650,5
HP:0001739,5
HP:0009965,5
HP:0006248,5
HP:0009084,5
HP:0012756,5
HP:0010143,5
HP:0003013,5
HP:0005725,5
HP:0100498,5
HP:0008059,5
HP:0009897,5
HP:0009789,5
HP:0000575,5
HP:0001176,5
HP:0005424,5
HP:0011183,5
HP:0005546,5
HP:0001956,5
HP:0010008,5
HP:0006895,5
HP:0005375,5
HP:0005150,5
HP:0001312,5
HP:0011697,5
HP:0100921,5
HP:0200056,5
HP:0100397,5
HP:0011095,5
HP:0011830,5
HP:0004557,5
HP:0006243,5
HP:0002869,5
HP:0002516,5
HP:0011294,5
HP:0003777,5
HP:0100350,5
HP:0002895,5
HP:0006165,5
HP:0012243,5
HP:0100616,5
HP:0012034,5
HP:0005389,5
HP:0012649,5
HP:0004006,5
HP:0005248,5
HP:0009668,5
HP:0005871,5
HP:0200048,5
HP:3000028,5
HP:0010957,5
HP:0011540,5
HP:0005309,5
HP:0008261,5
HP:0011448,5
HP:0002913,5
HP:0100235,5
HP:0008345,5
HP:0009848,5
HP:0004910,5
HP:0011767,5
HP:0009520,5
HP:0001817,5
HP:0011219,5
HP:0001137,5
HP:0001125,5
HP:0008117,5
HP:0006439,5
HP:0001504,5
HP:0002225,5
HP:0007770,5
HP:0008768,5
HP:0007099,5
HP:0003867,5
HP:0001414,5
HP:0010698,5
HP:0003460,5
HP:0006384,5
HP:0012663,5
HP:0009718,5
HP:0009980,5
HP:0002191,5
HP:0012587,5
HP:0012857,5
HP:0001285,5
HP:0011588,5
HP:0009620,5
HP:0005743,5
HP:0005328,5
HP:0000242,5
HP:0008955,5
HP:3000048,5
HP:0010788,5
HP:0011508,5
HP:0006870,5
HP:0007833,5
HP:0100917,5
HP:0012371,5
HP:0100026,5
HP:0009506,5
HP:0100649,5
HP:0010649,5
HP:0005129,5
HP:0010001,5
HP:0003641,5
HP:0009447,5
HP:0006722,5
HP:0001950,5
HP:0009454,5
HP:0003191,4
HP:0007469,4
HP:0410050,4
HP:0100211,4
HP:0002383,4
HP:0009508,4
HP:0045059,4
HP:0001507,4
HP:0004398,4
HP:0006737,4
HP:0031721,4
HP:0011339,4
HP:0100476,4
HP:0012600,4
HP:0006009,4
HP:0031819,4
HP:0010419,4
HP:0004919,4
HP:0005543,4
HP:0410030,4
HP:0011910,4
HP:0011608,4
HP:0009918,4
HP:0006438,4
HP:0003803,4
HP:0002831,4
HP:0011051,4
HP:0010271,4
HP:0002045,4
HP:0002623,4
HP:0000584,4
HP:0008760,4
HP:0006490,4
HP:0009888,4
HP:0012757,4
HP:0000946,4
HP:0004198,4
HP:0010564,4
HP:0008715,4
HP:0009541,4
HP:0004360,4
HP:0100484,4
HP:0100481,4
HP:0001057,4
HP:0008945,4
HP:0005240,4
HP:0100935,4
HP:0004921,4
HP:0009665,4
HP:0010163,4
HP:0003795,4
HP:0005191,4
HP:0005873,4
HP:0004737,4
HP:0100828,4
HP:0004948,4
HP:0012010,4
HP:0006785,4
HP:0003119,4
HP:0003980,4
HP:0001155,4
HP:0009657,4
HP:0100424,4
HP:0009424,4
HP:0010799,4
HP:0002518,4
HP:0010231,4
HP:0008353,4
HP:0011343,4
HP:0007769,4
HP:0002153,4
HP:0100482,4
HP:0004027,4
HP:0100637,4
HP:0009228,4
HP:0004580,4
HP:0007461,4
HP:0012407,4
HP:0001821,4
HP:0008443,4
HP:0002165,4
HP:0004808,4
HP:0007968,4
HP:0006278,4
HP:0004269,4
HP:0100051,4
HP:3000035,4
HP:0010789,4
HP:0100620,4
HP:0003880,4
HP:0011311,4
HP:0100471,4
HP:0010606,4
HP:0012530,4
HP:0100231,4
HP:0010274,4
HP:0009198,4
HP:0000474,4
HP:0011494,4
HP:0012366,4
HP:0002631,4
HP:0030281,4
HP:0004758,4
HP:0012039,4
HP:0010123,4
HP:0011177,4
HP:0005244,4
HP:0002777,4
HP:0012267,4
HP:0010012,4
HP:0004756,4
HP:0004421,4
HP:0002109,4
HP:0100571,4
HP:0003833,4
HP:0000131,4
HP:0010476,4
HP:0009507,4
HP:0001849,4
HP:0012616,4
HP:0012676,4
HP:0012701,4
HP:0010745,4
HP:0011324,4
HP:0006751,4
HP:0010983,4
HP:0007374,4
HP:0100411,4
HP:0006660,4
HP:0006290,4
HP:0009072,4
HP:0003194,4
HP:0007734,4
HP:0030411,4
HP:0009784,4
HP:0100192,4
HP:0032152,4
HP:0008482,4
HP:0007307,4
HP:0012641,4
HP:0010894,4
HP:0002224,4
HP:0012524,4
HP:0100214,4
HP:0009544,4
HP:0000453,4
HP:0009856,4
HP:0011176,4
HP:0000162,4
HP:0008518,4
HP:0011556,4
HP:0012389,4
HP:0007712,4
HP:0003219,4
HP:0002380,4
HP:0011571,4
HP:0011691,4
HP:0007979,4
HP:0010569,4
HP:0008857,4
HP:0033485,3
HP:0025041,3
HP:0025070,3
HP:0034585,3
HP:0025708,3
HP:0031834,3
HP:0500262,3
HP:0025127,3
HP:0031079,3
HP:0032341,3
HP:0045074,3
HP:0040181,3
HP:0025406,3
HP:0025116,3
HP:0033755,3
HP:0025114,3
HP:0040162,3
HP:0025710,3
HP:0030215,3
HP:0040171,3
HP:0500149,2
HP:0025474,2
HP:0033195,2
HP:0033196,2
HP:0030001,2
HP:0410170,2
HP:0006771,2
HP:0032792,2
HP:0032287,2
HP:0031429,2
HP:0031964,2
HP:0040242,2
HP:0020221,2
HP:0032092,2
HP:0040216,2
HP:0033579,2
HP:0030880,2
HP:0030319,2
HP:0033194,2
HP:0030339,2
HP:0033686,2
HP:0033682,2
an,2
0004315,1
​​HP:0012524,1
0004421,1
HP:0034383,1
0100935,1
HP:0034227,1
HP:0031960,1
0009228,1
0005543,1
0010419,1
​​HP:0001115,1
HP:0030410,1
HP:0033383,1
​​HP:0001249,1
​​HP:0003219,1
HP:0040075,1
HP:0032988,1
HP:0500009,1
​​HP:0007469,1
​​HP:0003880,1
HP:0033709,1
HP:0032967,1
HP:0040196,1
HP:0500093,1
HP:0033980,1
HP:0033128,1
​​HP:0001155,1
HP:0032794,1
​​HP:0002987,1
HP:0020102,1
HP:0034197,1
​​HP:0003833,1
0004921,1
0008945,1
HP:0020135,1
​​HP:0005873,1
0100571,1
HP:0045051,1
HP:0033000,1
HP:0030147,1
0007968,1
​​HP:0004756,1
​​HP:0009198,1
0100828,1
HP:0031987,1
HP:0025709,1
HP:0031413,1
HP:0031936,1
HP:0031157,1
0002831,1
HP:0030009,1
HP:0031723,1
Error)!!1500.That’s,1
(Server,1
500,1
​​HP:0010789,1
Error,1
HP:0034394,1
HP:0410263,1
HP:0033748,1
​​HP:0009888,1
HP:0030491,1
HP:0030765,1
​​HP:0100214,1
0012530,1
0006785,1
HP:0030490,1
HP:0025312,1
0001944,1
HP:0030902,1
0005191,1
0002461,1
HP:0032097,1
HP:0045025,1
error.There,1
all,1
​​HP:0009657,1
HP:0031545,1
​​HP:0008482,1
HP:0045075,1
know.,1
HP:0025493,1
HP:0040079,1
we,1
HP:0031291,1
HP:0034530,1
was,1
later.That’s,1
again,1
try,1
Please,1
HP:0025435,1
HP:0030839,1
HP:0030260,1
error.,1
HP:0020152,1
​​HP:0100481,1
