HPO_ID,Total_Count
HP:0001249,207
HP:0011446,1162
HP:0012638,4038
HP:0000707,6826
HP:0000118,56258
HP:0000001,57063
HP:0003593,110
HP:0410280,129
HP:0003674,304
HP:0031797,429
HP:0012823,534
HP:0001250,427
HP:0001263,128
HP:0012758,133
HP:0012759,185
HP:0004322,245
HP:0000002,255
HP:0001507,457
HP:0003577,100
HP:0000252,127
HP:0007364,153
HP:0002060,737
HP:0100547,820
HP:0012443,1459
HP:0002011,2275
HP:0012639,2748
HP:0011463,84
HP:0000006,72
HP:0034345,69
HP:0000005,176
HP:0000407,145
HP:0000365,261
HP:0000364,270
HP:0031704,306
HP:0000598,1225
HP:0002650,133
HP:0010674,171
HP:0000925,1139
HP:0009121,1824
HP:0011842,5965
HP:0000924,6079
HP:0033127,8495
HP:0003621,64
HP:0001252,147
HP:0003808,302
HP:0011804,845
HP:0003011,1656
HP:0010864,60
HP:0001337,116
HP:0004305,214
HP:0011442,645
HP:0000639,148
HP:0012547,149
HP:0000496,464
HP:0012373,1176
HP:0000478,3329
HP:0001260,67
HP:0002167,201
HP:4000072,196
HP:0034434,216
HP:0025792,227
HP:0003581,118
HP:0000347,76
HP:0009118,63
HP:0000277,185
HP:0030791,250
HP:0011821,280
HP:0000929,1026
HP:0000234,4910
HP:0000152,4994
HP:0001270,69
HP:0001290,64
HP:0000316,54
HP:0100886,87
HP:0012372,2153
HP:0000028,62
HP:0000035,180
HP:0000032,414
HP:0000811,581
HP:0012243,1081
HP:0000078,1357
HP:0000119,2760
HP:0000175,85
HP:0000174,189
HP:0000163,1625
HP:0031816,1631
HP:0000153,1775
HP:0000271,3862
HP:0001251,153
HP:0011443,198
HP:0000486,87
HP:0000549,93
HP:0001596,82
HP:0011362,257
HP:0001595,627
HP:0011138,1011
HP:0001574,3008
HP:0000613,46
HP:0000504,365
HP:0000518,266
HP:0000517,323
HP:0004328,780
HP:0001258,51
HP:0002061,53
HP:0034353,62
HP:0001257,142
HP:0001276,189
HP:0003596,44
HP:0002936,54
HP:0003474,154
HP:0000508,88
HP:0002240,47
HP:0003271,67
HP:0001438,118
HP:0025031,2071
HP:0000662,52
HP:0000648,46
HP:0012795,81
HP:0000587,142
HP:0001098,855
HP:0004329,916
HP:0001508,56
HP:0004325,77
HP:0004323,118
HP:0000543,50
HP:0001133,45
HP:0001123,87
HP:0000505,190
HP:0003155,75
HP:0004379,111
HP:0012379,312
HP:0034684,312
HP:0001939,3597
HP:0000750,91
HP:0000978,40
HP:0001933,61
HP:0001892,223
HP:0001871,1838
HP:0001762,50
HP:0001883,62
HP:0005656,66
HP:0001760,3926
HP:0002814,4276
HP:0040064,9978
HP:0001510,100
HP:0003677,38
HP:0003676,59
HP:0003679,60
HP:0005280,38
HP:0000422,72
HP:0005105,550
HP:0000366,703
HP:0011462,45
HP:0000787,66
HP:0012210,559
HP:0000077,902
HP:0010935,990
HP:0000079,1330
HP:0001284,62
HP:0001315,96
HP:0031826,185
HP:0100022,473
HP:0010783,50
HP:0011276,175
HP:0002597,1375
HP:0001626,3297
HP:0001265,60
HP:0000369,36
HP:0000357,60
HP:0000377,566
HP:0000356,601
HP:0031703,909
HP:0011800,36
HP:0000309,157
HP:0000272,36
HP:0010668,43
HP:0003693,67
HP:0003202,166
HP:0011805,774
Mobile:,34
HP:0000494,34
HP:0200006,36
HP:0008050,96
HP:0000492,368
HP:0030669,540
HP:0032039,540
HP:0000315,570
HP:0200134,34
HP:0001298,97
HP:0000519,34
HP:0001903,277
HP:0001877,475
HP:0000612,34
HP:0000525,196
HP:0000553,261
HP:0002015,44
HP:0000218,34
HP:0000256,53
HP:0040194,37
HP:0000240,48
HP:0000431,32
HP:0000023,32
HP:0004299,48
HP:0010866,58
HP:0004298,124
HP:0002119,67
HP:0002118,166
HP:0002540,51
HP:0001288,130
HP:0000938,30
HP:0004349,75
HP:0004348,342
HP:0011849,507
HP:0003330,647
HP:0004409,40
HP:0004408,60
HP:0000729,45
HP:0025783,40
HP:0000708,379
HP:0003510,30
HP:0003508,35
HP:0001371,140
HP:0034392,125
HP:0003549,408
HP:0001744,46
HP:0007663,65
HP:0011968,60
HP:0011458,187
HP:0025032,285
HP:0002460,66
HP:0001324,290
HP:0001272,66
HP:0001317,236
HP:0011283,246
HP:0011282,251
HP:0000160,30
HP:0011337,35
HP:0001426,48
HP:0001336,65
HP:0002079,33
HP:0007370,48
HP:0011001,166
HP:0006887,28
HP:0003584,28
HP:0001363,106
HP:0002683,297
HP:0001999,180
HP:0002515,28
HP:0001199,43
HP:0009602,241
HP:0001172,477
HP:0001167,3751
HP:0001155,4693
HP:0002817,5677
HP:0001347,99
HP:0000821,53
HP:0002926,135
HP:0000820,310
HP:0000818,1319
HP:0000490,28
HP:0002150,28
HP:0011280,42
HP:0012591,152
HP:0003110,760
HP:0003623,28
HP:0000967,28
HP:0031365,14
HP:0000979,38
HP:0003026,117
HP:0011314,669
HP:0011844,2358
HP:0001332,90
HP:0000952,38
HP:0001005,66
HP:0011354,186
HP:0011121,1567
HP:0000951,1942
HP:0002063,48
HP:0003198,67
HP:0003186,28
HP:0004404,64
HP:0031093,111
HP:0000769,126
HP:0000510,33
HP:0000556,71
HP:0000479,649
HP:0000726,49
HP:0001268,93
HP:0100543,143
HP:0000358,26
HP:0000062,41
HP:0000343,26
HP:0000288,87
HP:0000177,168
HP:0000159,295
HP:0003128,61
HP:0001941,150
HP:0004360,201
HP:0012337,614
HP:0007688,26
HP:0008323,28
HP:0030466,33
HP:0000512,49
HP:0030453,79
HP:0000520,31
HP:0011220,26
HP:0000290,184
HP:0000054,26
HP:0008736,32
HP:0000036,98
HP:0002120,53
HP:0002059,79
HP:0007369,98
HP:0001733,46
HP:0012091,54
HP:0001732,168
HP:0002012,639
HP:0001511,41
HP:0003236,41
HP:0040081,28
HP:0011021,43
HP:0010876,141
HP:0032180,1032
HP:0001696,26
HP:0001651,23
HP:0004307,78
HP:0001627,1105
HP:0030680,1125
HP:0008404,26
HP:0001597,358
HP:0003072,26
HP:0004363,42
HP:0010927,63
HP:0010929,158
HP:0003111,223
HP:0001348,26
HP:0002151,31
HP:0000670,26
HP:0011061,169
HP:0000164,810
HP:0008064,57
HP:0011368,252
HP:0001072,274
HP:0002344,40
HP:0003487,26
HP:0007256,30
HP:0002423,34
HP:0034482,29
HP:0002910,41
HP:0430135,28
HP:0001972,66
HP:0010972,139
HP:0002066,36
HP:0000253,26
HP:0005484,38
HP:0000771,24
HP:0000103,24
HP:0012590,37
HP:0011036,52
HP:0012211,283
HP:0007787,34
HP:0000523,37
HP:0000767,29
HP:0000766,135
HP:0000765,670
HP:0002829,24
HP:0012531,47
HP:0025142,94
HP:0000601,24
HP:0008936,29
HP:0000568,34
HP:0008056,43
HP:0008734,24
HP:0000050,24
HP:0001397,44
HP:0006561,47
HP:0031137,49
HP:0034644,54
HP:0032243,89
HP:0000470,24
HP:0003319,82
HP:0001839,24
HP:0000972,77
HP:0007556,79
HP:0000962,170
HP:0000926,69
HP:0003312,404
HP:0003468,587
HP:0012408,24
HP:0000121,44
HP:0001629,69
HP:0010438,74
HP:0001671,121
HP:0000768,29
HP:0000238,44
HP:0002072,42
HP:0002721,49
HP:0010978,783
HP:0002715,800
HP:0001382,62
HP:0011729,211
HP:0034430,206
HP:0011843,372
HP:0002315,76
HP:0003745,24
HP:0002751,39
HP:0002282,29
HP:0002269,101
HP:0000219,24
HP:0000233,28
HP:0000592,24
HP:0000591,42
HP:0000656,36
HP:0002758,64
HP:0001369,88
HP:0001367,888
HP:0007843,24
HP:0008046,124
HP:0003774,24
HP:0012622,48
HP:0000083,64
HP:0002239,46
HP:0011029,107
HP:0002750,33
HP:0000927,53
HP:0008070,74
HP:0003429,27
HP:0011400,73
HP:0001433,22
HP:0003811,22
HP:0011420,55
HP:0040006,50
HP:0001876,27
HP:0012145,42
HP:0005561,108
HP:0001204,47
HP:0009700,101
HP:0004278,151
HP:0005922,825
HP:0002136,22
HP:0000824,29
HP:0000830,58
HP:0040075,55
HP:0011747,200
HP:0012503,256
HP:0000864,276
HP:0004912,22
HP:0002148,37
HP:0100529,50
HP:0007502,22
HP:0001171,22
HP:0011108,22
HP:0000246,35
HP:0000245,100
HP:0002087,260
HP:0012252,927
HP:0002795,1323
HP:0002086,1333
HP:0000822,47
HP:0032263,50
HP:0030972,79
HP:0011025,804
HP:0000939,32
HP:0002937,32
HP:0002036,22
HP:0002577,116
HP:0012718,727
HP:0011024,872
HP:0001274,30
HP:0000280,27
HP:0001410,56
HP:0025155,55
HP:0001644,22
HP:0001638,88
HP:0001637,111
HP:0000037,27
HP:0001256,22
HP:0012265,22
HP:0012262,27
HP:0012261,32
HP:0002671,22
HP:0008069,186
HP:0003003,22
HP:0100273,21
HP:0100834,26
HP:0002250,150
HP:0002242,478
HP:0002465,22
HP:0000325,22
HP:0001302,22
HP:0001339,41
HP:0002536,79
HP:0001279,37
HP:0002007,22
HP:0008221,32
HP:0011732,120
HP:0000834,197
HP:0010743,32
HP:0001964,41
HP:0001832,259
HP:0002827,22
HP:0001384,77
HP:0003272,281
HP:0002644,351
HP:0002719,293
HP:0032101,288
HP:0000286,28
HP:0002094,50
HP:0002793,136
HP:0012725,22
HP:0001159,201
HP:0011297,350
HP:0002813,1343
HP:0001642,22
HP:0031654,16
HP:0031653,63
HP:0002857,27
HP:0002979,58
HP:0002981,201
HP:0001344,22
HP:0000413,22
HP:0000372,36
HP:0002754,36
HP:0001058,22
HP:0002342,22
HP:0003196,22
HP:0000276,22
HP:0100729,26
HP:0001010,99
HP:0001000,401
HP:0000544,47
HP:0000602,71
HP:0000597,94
HP:0000158,25
HP:0003712,45
HP:0030236,70
HP:0000567,20
HP:0000532,69
HP:0011923,20
HP:0008972,49
HP:0011922,50
HP:0003287,125
HP:0012103,147
HP:0011017,405
HP:0009917,20
HP:0000615,41
HP:0008527,20
HP:0007340,20
HP:0003690,46
HP:0002553,20
HP:0000534,109
HP:0000716,20
HP:0000745,50
HP:0025780,63
HP:0025766,83
HP:0000458,35
HP:0001328,35
HP:0000437,20
HP:0000436,72
HP:0010938,190
HP:0003307,25
HP:0005261,20
HP:0000154,20
HP:0000557,20
HP:0001087,36
HP:0000501,60
HP:0001943,70
HP:0011015,82
HP:0011014,128
HP:0001635,30
HP:0004440,40
HP:0000565,26
HP:0020045,17
HP:0001513,35
HP:0004324,40
HP:0000307,20
HP:0000306,61
HP:0002376,20
HP:0000571,25
HP:0000570,45
HP:0003521,39
HP:0003498,108
HP:0000034,25
HP:0005227,20
HP:0030255,25
HP:0200008,45
HP:0005266,75
HP:0000958,20
HP:0001761,20
HP:0009826,78
HP:0009815,108
HP:0009115,118
HP:0002019,30
HP:0001959,20
HP:0030082,10
HP:0040202,38
HP:5200241,229
HP:0003546,20
HP:0000327,30
HP:0000326,75
HP:0001488,25
HP:0000341,20
HP:0002972,20
HP:0002963,25
HP:0011840,45
HP:0031409,88
HP:0003431,20
HP:0000762,30
HP:0040129,25
HP:0003134,46
HP:0030177,86
HP:0001311,548
HP:0011344,20
HP:0003200,20
HP:0004303,161
HP:0002123,25
HP:0032677,26
HP:0002197,70
HP:0000815,20
HP:0000135,32
HP:0000080,247
HP:0000698,47
HP:0006482,152
HP:0000786,20
HP:0000141,25
HP:0000140,68
HP:0030012,68
HP:0000445,20
HP:0000294,20
HP:0000599,41
HP:0002070,20
HP:0007941,20
HP:0008905,40
HP:0008873,71
HP:0001156,69
HP:0011927,69
HP:0001620,20
HP:5200005,16
HP:5200010,16
HP:0031434,16
HP:0000739,25
HP:5200230,20
HP:5200401,25
HP:5200423,95
HP:0000540,26
HP:0000539,58
HP:0006487,36
HP:0000940,188
HP:0002126,36
HP:0000348,20
HP:0001004,32
HP:0000969,174
HP:0011032,194
HP:0002069,30
HP:0000717,20
HP:0007359,167
HP:0008180,20
HP:0006429,20
HP:0003367,48
HP:0003366,180
HP:0002823,332
HP:0040069,382
HP:0012110,25
HP:0002977,72
HP:0002354,37
HP:0001631,44
HP:0005120,104
HP:0002216,25
HP:0007495,51
HP:0001773,20
HP:0006494,185
HP:0001873,59
HP:0011873,64
HP:0011875,147
HP:0001872,231
HP:0012385,20
HP:0030044,10
HP:0000232,20
HP:0000178,47
HP:0010049,35
HP:0003002,25
HP:0100013,25
HP:0011793,139
HP:0002664,423
HP:0001636,50
HP:0001710,95
HP:0011563,105
HP:0011545,165
HP:0000989,20
HP:0011122,186
HP:0000966,25
HP:0007550,50
HP:0025276,60
HP:0002077,18
HP:0002076,36
HP:0005017,18
HP:0000934,19
HP:0004308,64
HP:0011675,287
HP:0030956,465
HP:0001518,18
HP:0007401,23
HP:0000608,31
HP:0000546,89
HP:0007703,42
HP:0002113,28
HP:0031983,24
HP:0005510,18
HP:0001609,24
HP:0001608,75
HP:0003378,18
HP:0000764,60
HP:0000759,373
HP:0011109,18
HP:0012735,18
HP:0003416,33
HP:0000444,18
HP:0011119,43
HP:0010819,18
HP:0020219,31
HP:0002584,18
HP:0004635,18
HP:0002949,39
HP:0002948,64
HP:0003422,94
HP:0009719,18
HP:0001973,18
HP:0002748,23
HP:0002607,18
HP:0012700,33
HP:0003316,18
HP:0008428,29
HP:0012340,18
HP:0012338,24
HP:0001278,28
HP:0002615,34
HP:0002883,28
HP:0006824,28
HP:0031910,29
HP:0009371,18
HP:0009370,24
HP:0005134,18
HP:0001641,44
HP:0001654,200
HP:0001993,23
HP:0001321,44
HP:0007360,50
HP:0003715,18
HP:0000995,38
HP:0003447,18
HP:0000668,18
HP:0009804,141
HP:0006483,160
HP:0001562,18
HP:0001560,37
HP:0001197,286
HP:0000975,34
HP:0007618,18
HP:0010766,109
HP:0004099,18
HP:0002986,18
HP:0003956,29
HP:0006488,39
HP:0002676,18
HP:0000691,38
HP:0002083,18
HP:0002943,24
HP:0004722,18
HP:0033282,17
HP:0000095,117
HP:0031263,112
HP:0011035,142
HP:0012368,18
HP:0002665,58
HP:0004377,99
HP:0002002,18
HP:0001763,18
HP:0000695,18
HP:0006288,24
HP:0006292,85
HP:0001081,41
HP:0012437,72
HP:0005264,94
HP:0004297,252
HP:0001392,373
HP:0007588,18
HP:0007400,95
HP:0000953,160
HP:0007759,74
HP:0007957,104
HP:0000481,366
HP:0009830,147
HP:0002352,57
HP:0002503,28
HP:0003133,29
HP:0002143,219
HP:0001319,23
HP:0008392,18
HP:0000823,18
HP:0008730,18
HP:0005413,18
HP:0032311,9
HP:0032179,14
HP:0001837,48
HP:0001780,2857
HP:0011712,18
HP:0011710,41
HP:0012722,46
HP:0031546,104
HP:0002169,33
HP:0005112,18
HP:0004942,62
HP:0001679,263
HP:0011004,643
HP:0033353,939
HP:0025015,964
HP:0009777,18
HP:0009380,54
HP:0006265,142
HP:0001853,18
HP:0009136,19
HP:0001310,24
HP:0000405,57
HP:0000132,18
HP:0008326,18
HP:0032476,9
HP:0004340,95
HP:0100508,160
HP:0032245,297
HP:0001935,23
HP:0000204,35
HP:0002110,18
HP:0025426,34
HP:0005607,119
HP:0002500,124
HP:0010993,248
HP:0000193,18
HP:0000172,49
HP:0100736,59
HP:0000973,43
HP:0008067,86
HP:0010647,108
HP:0008501,18
HP:0000582,18
HP:0010982,18
HP:0005661,18
HP:0000742,23
HP:0100716,55
HP:0005945,18
HP:0025423,115
HP:0001600,140
HP:0003040,34
HP:0100727,18
HP:0004311,46
HP:0010974,190
HP:0001881,454
HP:0001645,18
HP:0001695,23
HP:0000047,54
HP:0100627,65
HP:0000795,135
HP:0010936,330
HP:0008041,18
HP:0000063,18
HP:0012880,19
HP:0000058,72
HP:0000055,119
HP:0000322,18
HP:0000144,50
HP:0006743,18
HP:0002859,28
HP:0009728,42
HP:0002947,18
HP:0002808,41
HP:0004691,18
HP:0001770,100
HP:0001300,23
HP:0002071,57
HP:0002571,18
HP:0031857,9
HP:0025270,16
HP:0012719,80
HP:0002659,54
HP:0009073,18
HP:0003323,19
HP:0010627,18
HP:0010625,24
HP:0001054,18
HP:0003764,74
HP:0011355,370
HP:0000499,86
HP:0008513,18
HP:0000840,18
HP:0008373,96
HP:0006719,18
HP:0007378,70
HP:0010918,18
HP:0004339,44
HP:0033107,249
HP:0003112,310
HP:0004354,380
HP:0430071,678
HP:0000789,31
HP:0001807,18
HP:0025757,14
HP:0003540,53
HP:0030402,44
HP:0011869,84
HP:0002028,18
HP:0002014,39
HP:0002035,23
HP:0002034,39
HP:0001924,23
HP:0004442,18
HP:0003167,18
HP:0033097,19
HP:0003355,118
HP:0025745,113
HP:0033354,436
HP:0000835,28
HP:0000381,23
HP:0008628,41
HP:0004452,71
HP:0008609,115
HP:0000370,141
HP:0010677,18
HP:0000805,26
HP:0000009,101
HP:0000014,195
HP:0000718,27
HP:0000734,72
HP:0200022,18
HP:0007376,37
HP:0009879,18
HP:0006097,18
HP:0010492,24
HP:0006101,85
HP:0000485,18
HP:0001120,31
HP:0004844,18
HP:0001878,93
HP:0011895,103
HP:0100279,18
HP:0100281,19
HP:0002583,34
HP:0002037,39
HP:0002656,18
HP:0002652,51
HP:0002619,23
HP:0005293,24
HP:0002624,128
HP:0003118,28
HP:0002717,29
HP:0011733,77
HP:0011520,18
HP:0000642,40
HP:0007641,59
HP:0000551,84
HP:0002213,18
HP:0010719,50
HP:0012276,18
HP:0100261,24
HP:0002757,23
HP:0200044,18
HP:0008081,18
HP:0100258,18
HP:0010442,35
HP:0000303,18
HP:0012721,18
HP:0007906,18
HP:0012633,19
HP:0012632,24
HP:0000221,23
HP:0030809,81
HP:0000157,113
HP:0008807,18
HP:0003170,56
HP:0001388,18
HP:0001041,18
HP:0000268,18
HP:0000699,28
HP:0000692,91
HP:0003560,27
HP:0000319,18
HP:0008940,18
HP:0002716,36
HP:0002733,56
HP:0100763,71
HP:0002080,18
HP:0030186,9
HP:0002345,36
HP:0007763,18
HP:0001009,91
HP:0002013,28
HP:0002017,36
HP:0010464,18
HP:0008724,21
HP:0010462,30
HP:0031065,56
HP:0000137,83
HP:0000008,294
HP:0000812,417
HP:0008200,18
HP:0000843,31
HP:0011767,55
HP:0000828,111
HP:0011003,18
HP:0000545,25
HP:0010445,18
HP:0001947,43
HP:0000124,92
HP:0010636,18
HP:0000961,28
HP:0002355,18
HP:0200035,20
HP:0003365,18
HP:0001712,23
HP:0001711,49
HP:0001713,153
HP:0010702,48
HP:0010701,133
HP:0005368,218
HP:0012035,18
HP:0010259,18
HP:0010230,38
HP:0005920,203
HP:0005918,649
HP:0001528,28
HP:0000963,18
HP:0008065,105
HP:0004209,23
HP:0009179,29
HP:0004097,92
HP:0008812,18
HP:0003368,102
HP:0001374,23
HP:0001385,28
HP:0012185,18
HP:0012181,29
HP:0002870,18
HP:0010535,26
HP:5200283,20
HP:0002360,52
HP:0010895,33
HP:0010894,52
HP:0000013,18
HP:0008684,24
HP:0000130,91
HP:0002916,33
HP:0002521,18
HP:0011198,88
HP:0011182,292
HP:0025373,292
HP:0002353,439
HP:0030178,452
HP:0005950,18
HP:0007894,33
HP:0031605,49
HP:0007970,18
HP:0005001,18
HP:0002999,19
HP:0003045,74
HP:0034669,69
HP:0002815,89
HP:0100491,119
HP:0001399,43
HP:0005701,18
HP:0002763,49
HP:0010574,67
HP:0000375,63
HP:0011390,162
HP:0000359,167
HP:0002205,77
HP:0007380,28
HP:0100585,56
HP:0000096,29
HP:0002970,18
HP:0008354,18
HP:0008321,19
HP:0010990,60
HP:0003256,151
HP:0001928,174
HP:0001045,23
HP:0001643,33
HP:0011603,63
HP:0030962,58
HP:0005599,58
HP:0009887,80
HP:0009027,16
HP:0006780,16
HP:0100733,26
HP:0011766,56
HP:0100490,26
HP:0001220,42
HP:0012785,45
HP:0034681,40
HP:0001923,16
HP:0004312,25
HP:0004445,21
HP:0004447,67
HP:0003642,16
HP:0003160,24
HP:0012347,85
HP:0012346,118
HP:0012345,123
HP:0001639,26
HP:0009743,16
HP:0008496,23
HP:0001177,16
HP:0001161,55
HP:0009997,110
HP:0004275,115
HP:0000426,16
HP:0002209,16
HP:0003691,16
HP:0000782,89
HP:0003765,16
HP:0011123,171
HP:0012745,16
HP:0200007,42
HP:0200148,16
HP:0002897,16
HP:0004850,16
HP:0002625,18
HP:0004936,43
HP:0001977,88
HP:0000635,16
HP:0008034,63
HP:0001182,16
HP:0100807,18
HP:0005321,16
HP:0004439,23
HP:0006846,21
HP:0003391,16
HP:0003701,27
HP:0000736,24
HP:5200044,16
HP:0011274,23
HP:0002718,86
HP:0001640,16
HP:0000205,23
HP:0011338,58
HP:0002305,16
HP:0002745,16
HP:0025125,8
HP:0011830,113
HP:0012119,16
HP:0011902,53
HP:0002226,16
HP:0012569,16
HP:0003251,16
HP:0000452,21
HP:0000415,37
HP:0010763,16
HP:0009929,39
HP:0001688,16
HP:0001662,18
HP:0002104,36
HP:0012734,16
HP:0004660,16
HP:0000301,96
HP:0011799,101
HP:0012471,16
HP:0002058,16
HP:0004673,34
HP:0005346,59
HP:0002171,26
HP:0100705,53
HP:0000074,16
HP:0000071,23
HP:0006000,28
HP:0025634,23
HP:0000069,88
HP:0000678,16
HP:0008956,21
HP:0001441,38
HP:0001437,111
HP:0012245,16
HP:0012244,18
HP:0009046,16
HP:0004302,34
HP:0000059,16
HP:0000066,23
HP:0007018,16
HP:0000340,16
HP:0012178,16
HP:0012177,18
HP:0002108,21
HP:0002107,37
HP:0002103,66
HP:0002088,448
HP:0008052,22
HP:0001396,49
HP:0001131,56
HP:0002983,21
HP:0003126,16
HP:0000093,42
HP:0020129,45
HP:0000010,26
HP:0002669,16
HP:0010622,68
HP:0000999,16
HP:0005406,25
HP:0001581,59
HP:0012905,16
HP:0000651,16
HP:0011514,23
HP:0000982,16
HP:0001254,21
HP:0001537,16
HP:0001551,23
HP:0001050,16
HP:0000092,16
HP:0032599,8
HP:0000091,59
HP:0012575,69
HP:0001845,16
HP:0034398,16
HP:0003177,16
HP:0002867,94
HP:0002996,55
HP:0001376,156
HP:0002918,16
HP:0004921,21
HP:0004437,31
HP:0000048,16
HP:0000045,88
HP:0007737,16
HP:0000580,20
HP:0000448,16
HP:0009130,29
HP:0001421,72
HP:0000133,26
HP:0011993,27
HP:0011990,34
HP:0001874,93
HP:0001911,139
HP:0009778,21
HP:0009381,83
HP:0002558,16
HP:0008850,16
HP:0008897,31
HP:0001841,20
HP:0001829,62
HP:0004469,16
HP:0012387,23
HP:0011947,59
HP:0000363,66
HP:0000713,16
HP:5200263,18
HP:0001659,16
HP:0031652,20
HP:0003370,16
HP:0003006,31
HP:0004376,33
HP:0100836,50
HP:0100006,65
HP:0007325,16
HP:0000752,16
HP:0010628,36
HP:0002187,16
HP:0005938,78
HP:0012253,80
HP:0000262,21
HP:0000278,23
HP:0005403,36
HP:0001888,50
HP:0040088,44
HP:0004332,114
HP:0004979,27
HP:0000944,403
HP:0006801,16
HP:0005170,16
HP:0001709,23
HP:0001678,53
HP:0005150,68
HP:0002179,16
HP:0005736,26
HP:0000964,42
HP:0002476,17
HP:0000506,16
HP:0005687,16
HP:0003871,18
HP:0031095,93
HP:0000085,16
HP:0100542,39
HP:0002592,16
HP:0004295,38
HP:0003073,16
HP:0012116,23
HP:0001765,16
HP:0002092,16
HP:0033578,8
HP:0004890,18
HP:0030875,23
HP:0002591,16
HP:0100738,33
HP:0006282,16
HP:0006297,25
HP:0000682,59
HP:0000098,43
HP:0003127,16
HP:0000498,16
HP:0004315,22
HP:0004313,89
HP:0008551,31
HP:0008772,43
HP:0001406,21
HP:0003393,16
HP:0000689,21
HP:0001266,26
HP:0000230,16
HP:0000168,45
HP:0000126,16
HP:0010946,18
HP:0010944,33
HP:0006960,16
HP:0001561,16
HP:0006380,16
HP:0005750,28
HP:0003121,43
HP:0001746,16
HP:0010451,23
HP:0025408,43
HP:0001743,58
HP:0000122,16
HP:0000104,24
HP:0008678,47
HP:0001007,36
HP:0000076,16
HP:0005767,16
HP:0010621,31
HP:0010850,42
HP:0001900,16
HP:0001901,24
HP:0000541,47
HP:0001677,31
HP:0002621,73
HP:0002634,88
HP:0002093,74
HP:0005819,46
HP:0003259,16
HP:0002157,51
HP:0004364,106
HP:0001622,27
HP:0009803,25
HP:0009767,64
HP:0000337,16
HP:0009792,31
HP:0002898,63
HP:0011792,284
HP:0000657,16
HP:0001350,21
HP:0002960,58
HP:0001338,16
HP:0011970,16
HP:0011034,38
HP:0003552,36
HP:0001423,16
HP:0001417,23
HP:0007874,16
HP:0200005,23
HP:0003645,16
HP:0001008,16
HP:0011125,28
HP:0003016,77
HP:0001477,16
HP:0031705,8
HP:0004764,16
HP:0001634,22
HP:0001633,69
HP:0006705,114
HP:0004742,21
HP:0200042,31
HP:0002421,16
HP:0002135,16
HP:0002134,124
HP:0006538,16
HP:0000089,26
HP:0006988,16
HP:0001360,28
HP:0001104,16
HP:0008059,18
HP:0001103,109
HP:0001949,26
HP:0001948,43
HP:0003798,16
HP:0100303,39
HP:0100299,49
HP:0002514,51
HP:0002974,21
HP:0002818,260
HP:0040072,335
HP:0002973,380
HP:0006371,14
HP:0000463,14
HP:0000429,46
HP:0000320,14
HP:0012297,14
HP:0009834,57
HP:0009592,21
HP:0009733,50
HP:0030063,49
HP:0030061,49
HP:0030060,49
HP:0000418,14
HP:0010541,14
HP:0001965,22
HP:0002220,20
HP:0000618,21
HP:0001805,26
HP:0003041,14
HP:0002980,29
HP:0009843,14
HP:0011530,14
HP:0011958,17
HP:0008457,19
HP:0008450,32
HP:0008438,57
HP:0001162,29
HP:0000350,14
HP:0009125,30
HP:0009124,190
HP:0001808,14
HP:0012115,59
HP:0012649,82
HP:0012647,92
HP:0004586,23
HP:0002370,19
HP:0002311,36
HP:0001875,19
HP:0011991,27
HP:0002020,14
HP:0002231,14
HP:0012221,14
HP:0033800,12
HP:0008066,27
HP:0003124,14
HP:0003107,88
HP:0003119,172
HP:0000687,20
HP:0007354,14
HP:0007373,17
HP:0002450,33
HP:0012757,36
HP:0000455,14
HP:0000336,24
HP:0100538,32
HP:0000606,68
HP:0012378,24
HP:0002599,14
HP:0002346,17
HP:0030188,22
HP:0010041,14
HP:0010039,22
HP:0005914,92
HP:0005916,405
HP:0002555,14
HP:0002298,48
HP:0200150,14
HP:0012202,17
HP:0030984,12
HP:0010996,27
HP:0001022,14
HP:0000049,14
HP:0000533,25
HP:0200065,28
HP:0000976,14
HP:0002578,14
HP:0100615,24
HP:0004935,14
HP:0030966,67
HP:0004414,82
HP:0004930,162
HP:0004334,29
HP:0010044,14
HP:0010042,23
HP:0000894,19
HP:0006710,31
HP:0000889,81
HP:0002097,15
HP:0004840,14
HP:0001931,22
HP:0000403,14
HP:0000388,29
HP:0000555,14
HP:0000476,24
HP:0025668,59
HP:0000464,84
HP:0100775,14
HP:0010303,32
HP:0008401,14
HP:0001934,14
HP:0000819,60
HP:0002078,19
HP:0001394,30
HP:0410042,95
HP:0012256,19
HP:0200106,43
HP:0012255,48
HP:0008479,29
HP:0005416,14
HP:0004431,55
HP:0005339,75
HP:0002723,14
HP:0010977,17
HP:0001097,14
HP:0001096,17
HP:0000491,31
HP:0011495,70
HP:0000552,14
HP:0011519,17
HP:0011275,14
HP:0000679,14
HP:0006479,33
HP:0000685,24
HP:0002067,14
HP:0000965,14
HP:0009921,14
HP:0025068,7
HP:0003749,19
HP:0003325,24
HP:0002326,14
HP:0001297,29
HP:0100659,53
HP:0000264,34
HP:0008689,14
HP:0000581,25
HP:0000495,14
HP:0200020,31
HP:0002557,14
HP:0006709,22
HP:0000974,29
HP:0002297,14
HP:0012165,14
HP:0011980,14
HP:0002085,14
HP:0002084,62
HP:0011815,72
HP:0002018,14
HP:0009025,39
HP:0000457,14
HP:0008948,14
HP:0001457,51
HP:0001446,127
HP:0005144,14
HP:0006064,14
HP:0005525,14
HP:0001647,14
HP:0031567,12
HP:0001646,37
HP:0000389,14
HP:0001395,29
HP:0012871,14
HP:0011590,14
HP:0011587,83
HP:0012303,119
HP:0001976,14
HP:0010988,22
HP:0003074,19
HP:0000161,14
HP:0010655,24
HP:0005930,230
HP:0002527,14
HP:0009821,19
HP:0001607,14
HP:0004253,14
HP:0004252,17
HP:0001191,284
HP:0003019,337
HP:0009810,456
HP:0004727,14
HP:0011038,32
HP:0000346,14
HP:0000020,19
HP:0000883,14
HP:0000772,237
HP:0001547,296
HP:0003376,14
HP:0004821,14
HP:0011992,37
HP:0000300,14
HP:0003387,14
HP:0003380,22
HP:0003130,93
HP:0001657,19
HP:0031547,17
HP:0003115,86
HP:0002173,14
HP:0012040,14
HP:0003044,14
HP:0034665,7
HP:0003043,37
HP:0000324,35
HP:0001029,14
HP:0006739,14
HP:0002860,22
HP:0001522,14
HP:0001992,93
HP:0012072,102
HP:0032943,97
HP:0002566,19
HP:0002419,14
HP:0002418,22
HP:0001699,14
HP:0000646,14
HP:0000016,14
HP:0001987,24
HP:0003477,24
HP:0003390,14
HP:0000763,32
HP:0001036,14
HP:0010038,14
HP:0010036,27
HP:0002790,14
HP:0005957,22
HP:0000846,45
HP:0003550,14
HP:0008028,14
HP:0003097,14
HP:0007936,19
HP:0001552,14
HP:0100625,32
HP:0000943,14
HP:0000224,14
HP:0000223,17
HP:0001082,14
HP:0012438,22
HP:0006522,14
HP:0011110,14
HP:0000588,14
HP:0000589,24
HP:0002273,19
HP:0030182,23
HP:0010549,76
HP:0002493,86
HP:0009054,14
HP:0001430,37
HP:0005273,14
HP:0009935,22
HP:0000419,58
HP:0200073,14
HP:0002217,19
HP:0011363,22
HP:0040170,17
HP:0001963,14
HP:0011532,14
HP:0001147,33
HP:0030506,43
HP:0009601,24
HP:0000992,24
HP:0001357,24
HP:0000482,14
HP:0007020,14
HP:0002987,14
HP:0002812,14
HP:0009473,19
HP:0000289,14
HP:0002714,14
HP:0001751,45
HP:0011389,48
HP:0008074,14
HP:0001281,14
HP:0002384,14
HP:0006568,14
HP:0500030,7
HP:0001217,19
HP:0007017,14
HP:0100710,14
HP:0012241,14
HP:3000072,17
HP:0002313,19
HP:0100660,19
HP:0003763,14
HP:5200017,12
HP:0000733,39
HP:0031432,44
HP:0000011,14
HP:0003470,69
HP:0000400,19
HP:0002121,41
HP:0002653,14
HP:0002645,14
HP:0011329,52
HP:0000235,135
HP:0001114,14
HP:0000991,32
HP:0002922,14
HP:0025456,7
HP:0002023,14
HP:0034915,43
HP:0004378,63
HP:0001166,14
HP:0001238,17
HP:0002726,14
HP:0007499,17
HP:0011065,34
HP:0000585,14
HP:0011493,27
HP:0003829,14
HP:0034335,52
HP:0011094,14
HP:0012156,14
HP:0009754,14
HP:0001558,19
HP:0001557,27
HP:0034059,25
HP:0034057,74
HP:0011097,19
HP:0007651,14
HP:0003141,14
HP:0010980,32
HP:0010979,57
HP:0002705,14
HP:0000189,19
HP:0002373,24
HP:0032894,17
HP:0032892,17
HP:0003070,14
HP:0009811,114
HP:0100523,14
HP:0025615,7
HP:0032251,12
HP:0006237,19
HP:0006261,61
HP:0003493,14
HP:0030057,32
HP:0003819,14
HP:0011748,14
HP:0007875,14
HP:0001141,14
HP:0001650,14
HP:0001269,19
HP:0004374,32
HP:0000529,19
HP:0000572,29
HP:0001540,14
HP:0010991,38
HP:0003565,14
HP:0025021,7
HP:0002919,14
HP:0000741,14
HP:0100522,14
HP:0100521,17
HP:0000777,54
HP:0003298,24
HP:0002414,34
HP:0010301,38
HP:0002655,14
HP:0006946,19
HP:0011450,41
HP:0000044,14
HP:0007010,14
HP:0002275,22
HP:0005359,14
HP:0010515,22
HP:0002098,19
HP:0000308,14
HP:0001271,14
HP:0005792,14
HP:0008665,14
HP:0040253,7
HP:0040252,7
HP:0000056,17
HP:0000274,24
HP:0000239,24
HP:0011328,83
HP:0000362,14
HP:0002168,14
HP:0002317,19
HP:0000703,29
HP:0010299,32
HP:0005684,19
HP:0002803,45
HP:0002185,14
HP:0100314,52
HP:0011273,14
HP:0006886,14
HP:0002495,32
HP:0010831,47
HP:0002188,14
HP:0002506,14
HP:0009882,19
HP:0000212,14
HP:0009944,14
HP:0009942,22
HP:0001798,44
HP:0008386,74
HP:0000360,19
HP:0000845,14
HP:0010514,42
HP:0003274,14
HP:0001899,14
HP:0031850,7
HP:0002511,14
HP:0012384,29
HP:0001491,14
HP:0008049,48
HP:0009720,14
HP:0002885,19
HP:0000097,14
HP:0001377,24
HP:0006051,14
HP:0003306,14
HP:0001930,14
HP:0002858,22
HP:0010651,77
HP:0012650,12
HP:0010526,12
HP:0002162,12
HP:0005110,22
HP:0001692,51
HP:0005115,61
HP:0004429,37
HP:0002164,71
HP:0100540,27
HP:0006203,12
HP:0002690,12
HP:0002679,51
HP:0003911,12
HP:0003849,26
HP:0003015,31
HP:0008116,12
HP:0001436,26
HP:0007068,12
HP:0001320,21
HP:0011342,12
HP:0012762,12
HP:0000997,12
HP:0001480,16
HP:0002942,22
HP:0002236,12
HP:0010721,26
HP:0011361,56
HP:0010720,76
HP:0008824,12
HP:0000946,30
HP:0001115,12
HP:0010696,26
HP:0008003,12
HP:0000617,51
HP:0000171,12
HP:0010295,22
HP:0009465,22
HP:0001193,36
HP:0009484,56
HP:0002253,12
HP:0003184,12
HP:0008800,21
HP:0001792,22
HP:0000421,17
HP:0100704,12
HP:0012377,12
HP:0002062,62
HP:0009927,12
HP:0009924,21
HP:0002385,12
HP:0010551,21
HP:0012248,12
HP:0031593,11
HP:0004602,12
HP:0003568,12
HP:0004527,12
HP:0006155,18
HP:0002835,12
HP:0011332,12
HP:0000298,12
HP:0002021,12
HP:0004400,21
HP:0007033,12
HP:0000051,12
HP:0005943,17
HP:0005474,17
HP:0001234,12
HP:0009466,23
HP:0009768,37
HP:0001500,41
HP:0002321,17
HP:0100876,12
HP:0000086,22
HP:0005216,12
HP:0031815,26
HP:0000537,12
HP:0002875,12
HP:0000311,12
HP:0011217,22
HP:0012294,26
HP:0009702,27
HP:0012242,12
HP:0000858,12
HP:0001493,12
HP:0000573,12
HP:0003444,12
HP:0003445,16
HP:0003457,51
HP:0006349,12
HP:0002925,12
HP:0031097,6
HP:0003117,122
HP:0003348,12
HP:0010916,16
HP:0010915,21
HP:0033108,21
HP:0003095,12
HP:0100023,12
HP:5200018,12
HP:0012135,32
HP:0002406,12
HP:0002350,17
HP:0002438,31
HP:0003090,12
HP:0005003,21
HP:0006127,12
HP:0002673,17
HP:0002907,12
HP:0000790,21
HP:0010619,12
HP:0010614,41
HP:0012316,51
HP:0006094,27
HP:0000191,12
HP:0000190,26
HP:0000774,12
HP:0005257,28
HP:0000643,12
HP:0012179,23
HP:0004373,33
HP:0003481,12
HP:0011096,36
HP:0002486,72
HP:0000871,12
HP:0000183,12
HP:0000182,16
HP:0030810,11
HP:0011917,12
HP:0001831,70
HP:0001991,94
HP:0006465,12
HP:0006829,12
HP:0000935,32
HP:0002905,12
HP:0002616,12
HP:0012727,46
HP:0001530,12
HP:0001126,12
HP:0011226,41
HP:0008213,12
HP:0000293,12
HP:0004426,91
HP:0011504,12
HP:0008002,26
HP:0000338,12
HP:0001623,27
HP:0001787,66
HP:0007485,12
HP:0008887,37
HP:0040063,37
HP:0200055,12
HP:0005927,26
HP:0005659,12
HP:0002389,12
HP:0007375,21
HP:0003270,18
HP:0005172,12
HP:0011713,22
HP:0003680,12
HP:0003023,12
HP:0001245,12
HP:0001227,16
HP:0012296,12
HP:0009832,86
HP:0010314,12
HP:0000826,43
HP:0100000,52
HP:0002304,12
HP:0002374,22
HP:0011711,12
HP:0000574,12
HP:0007989,12
HP:0001658,12
HP:0033678,6
HP:0012171,12
HP:5200009,6
HP:0000684,32
HP:0100502,12
HP:0040126,16
HP:0004341,36
HP:0000201,12
HP:0002025,12
HP:0001716,12
HP:0004309,21
HP:0005968,12
HP:0004370,56
HP:0002953,12
HP:0007108,27
HP:0006099,12
HP:0011911,31
HP:0006528,12
HP:0001102,12
HP:0000509,22
HP:0000502,81
HP:0002208,12
HP:0005366,12
HP:0012301,12
HP:0008605,12
HP:0005207,12
HP:0000550,12
HP:0005764,12
HP:0005195,16
HP:0002933,12
HP:0000139,12
HP:0031105,51
HP:0002504,12
HP:0009145,51
HP:0003025,47
HP:0003083,37
HP:0003042,46
HP:0002133,22
HP:0003461,12
HP:0012067,21
HP:0010806,12
HP:0011339,39
HP:0005709,12
HP:0002761,12
HP:0001533,12
HP:0011484,12
HP:0007833,21
HP:0000593,56
HP:0001539,12
HP:0011229,22
HP:0002490,12
HP:0030085,6
HP:0025454,36
HP:0005528,12
HP:0000813,12
HP:0000902,17
HP:0006665,12
HP:0010554,62
HP:0003138,12
HP:0008207,12
HP:0007427,12
HP:0003203,12
HP:0012203,12
HP:0002841,26
HP:0100297,12
HP:0009890,17
HP:0011087,12
HP:0033777,6
HP:0011063,40
HP:0000676,75
HP:0010654,12
HP:0010653,16
HP:0010652,21
HP:0011900,12
HP:0011898,26
HP:0006778,12
HP:0007379,43
HP:0000528,17
HP:0004523,12
HP:0001898,12
HP:0001822,12
HP:0010051,26
HP:0001844,515
HP:0002127,12
HP:0008994,17
HP:0100578,12
HP:0001090,17
HP:0100887,21
HP:0008245,12
HP:0000114,22
HP:0002145,12
HP:0001909,116
HP:0006385,12
HP:0009816,16
HP:0006493,55
HP:0000921,17
HP:0006712,36
HP:0000194,17
HP:0004411,12
HP:0007270,12
HP:0005356,12
HP:0011170,12
HP:0002223,12
HP:0002392,12
HP:0010958,12
HP:0010837,12
HP:0033144,6
HP:0003022,27
HP:0006495,31
HP:0006503,67
HP:0006496,112
HP:0002425,12
HP:0012730,12
HP:0003199,12
HP:0001017,12
HP:0000980,16
HP:0006481,17
HP:0012263,12
HP:0005832,12
HP:0001591,12
HP:0010582,22
HP:0002293,12
HP:0002840,12
HP:0003079,12
HP:0003254,21
HP:0000577,16
HP:0020049,10
HP:0001816,17
HP:0002967,12
HP:0007260,12
HP:0004454,17
HP:0011452,21
HP:0010557,12
HP:0007209,12
HP:0001293,16
HP:0001291,76
HP:0001413,12
HP:0001840,12
HP:0006016,12
HP:0002663,36
HP:0012499,12
HP:0002647,21
HP:0003551,12
HP:0000563,12
HP:0100689,16
HP:0011486,26
HP:0005421,12
HP:0002410,12
HP:0003635,17
HP:0001799,12
HP:0100658,12
HP:0007460,12
HP:0001218,21
HP:0010043,12
HP:0005381,12
HP:0005430,16
HP:0005420,49
HP:0000855,12
HP:0005180,12
HP:0031651,11
HP:0031650,27
HP:0000836,42
HP:0003189,12
HP:0007958,12
HP:0002633,37
HP:0000998,52
HP:0001476,17
HP:0000236,41
HP:0001498,27
HP:0006502,41
HP:0003300,22
HP:0002174,17
HP:0011149,12
HP:0001945,27
HP:0002003,12
HP:0002945,17
HP:0005108,36
HP:0006817,27
HP:0002334,51
HP:0007925,12
HP:0011481,42
HP:0000614,106
HP:0003071,37
HP:0100869,12
HP:0040211,11
HP:0011356,164
HP:0003805,12
HP:0002756,12
HP:0100678,22
HP:0005978,17
HP:0003100,22
HP:0006644,12
HP:0002099,27
HP:0003282,52
HP:0100301,12
HP:0012806,12
HP:0009729,12
HP:0009730,16
HP:0006192,12
HP:0007710,12
HP:0004327,61
HP:0012208,12
HP:0012207,16
HP:0012206,21
HP:0034809,16
HP:0000025,61
HP:0012874,106
HP:0005092,12
HP:0000480,17
HP:0001864,12
HP:0001863,31
HP:0030084,26
HP:0100679,12
HP:0011981,22
HP:0005267,12
HP:0001541,22
HP:0012056,32
HP:0002861,51
HP:0010765,17
HP:0006201,12
HP:0005620,16
HP:0430046,32
HP:0002834,12
HP:0006489,36
HP:0000863,12
HP:0000873,23
HP:0007565,12
HP:0000957,21
HP:0001034,46
HP:0002445,17
HP:0008347,12
HP:0008959,12
HP:0000891,12
HP:0005815,16
HP:0000331,12
HP:0001030,17
HP:0011755,12
HP:0011753,26
HP:0011751,41
HP:0005338,12
HP:0045075,8
HP:0100840,20
HP:0006979,12
HP:0000465,12
HP:0010477,12
HP:0010476,19
HP:0025487,90
HP:0006640,12
HP:0002183,12
HP:5200060,11
HP:5200058,11
HP:5200046,16
HP:0002483,12
HP:0000882,22
HP:0006713,31
HP:0001538,12
HP:0006532,12
HP:0002090,36
HP:0001674,12
HP:0006695,38
HP:0000244,12
HP:0000248,23
HP:0001188,12
HP:0001649,114
HP:0001583,12
HP:0005616,22
HP:0012473,12
HP:0000744,12
HP:0031466,31
HP:0002356,12
HP:0002280,12
HP:0005445,16
HP:0000932,60
HP:0002693,90
HP:0008391,12
HP:0001231,51
HP:0001138,17
HP:0003982,12
HP:0003953,31
HP:0003301,22
HP:0005106,36
HP:0002200,12
HP:0007946,12
HP:0002089,12
HP:0006703,21
HP:4000059,71
HP:0008166,12
HP:0004342,16
HP:0003649,21
HP:0002944,17
HP:0009904,12
HP:0011039,151
HP:0002215,12
HP:0011270,12
HP:0009912,41
HP:0005376,12
HP:0100866,12
HP:0003158,12
HP:0033358,6
HP:0001519,12
HP:0011359,12
HP:0008214,12
HP:0025133,6
HP:0025132,6
HP:0033799,14
HP:0012257,12
HP:0010729,12
HP:0000630,46
HP:0002501,12
HP:0001750,41
HP:0006844,12
HP:0002522,26
HP:0002461,12
HP:0007352,16
HP:0000138,32
HP:0006535,12
HP:0040223,6
HP:0011803,12
HP:0004122,21
HP:0006521,12
HP:0006529,16
HP:0001615,12
HP:0007328,17
HP:0010832,41
HP:0033747,57
HP:0012020,32
HP:0001653,12
HP:0031481,16
HP:0008499,12
HP:0003771,17
HP:0001047,17
HP:0001738,12
HP:0012092,16
HP:0012174,12
HP:0001859,35
HP:0010179,118
HP:0010161,838
HP:0003722,12
HP:0000467,16
HP:0007899,12
HP:0012330,12
HP:0000123,21
HP:0003700,17
HP:0000211,12
HP:0002741,12
HP:0000179,12
HP:0008107,12
HP:0001869,21
HP:0100872,41
HP:0012841,12
HP:0000196,12
HP:0006409,12
HP:0006383,16
HP:0009765,12
HP:0003547,12
HP:0001435,51
HP:0007610,12
HP:0002804,12
HP:0011802,12
HP:0100648,16
HP:0002091,12
HP:0030878,15
HP:0001824,17
HP:0002984,17
HP:0006501,21
HP:0008368,32
HP:0001850,176
HP:0006316,12
HP:0003995,22
HP:0007263,12
HP:0000653,17
HP:0006313,12
HP:0006740,12
HP:0002862,16
HP:0009725,21
HP:0010786,26
HP:0004743,12
HP:0001970,21
HP:0001969,31
HP:0100259,12
HP:0006108,12
HP:0002879,12
HP:0004686,12
HP:0010672,16
HP:0002742,12
HP:0012358,37
HP:0200030,12
HP:0200029,16
HP:0002375,12
HP:0008348,12
HP:0032135,6
HP:0000046,12
HP:0100021,12
HP:0006758,12
HP:0001771,12
HP:0005109,21
HP:0000977,17
HP:0002395,17
HP:0004482,12
HP:0007678,12
HP:0000579,16
HP:0005243,12
HP:0010318,26
HP:0001531,12
HP:0007024,12
HP:0001135,12
HP:0001913,27
HP:0032309,21
HP:0002904,38
HP:0033479,32
HP:0010995,48
HP:0100256,12
HP:0007367,51
HP:0003109,12
HP:0012599,26
HP:0006106,12
HP:0004256,16
HP:0003228,12
HP:0010931,21
HP:0010930,45
HP:0002155,12
HP:0003077,21
HP:0004618,12
HP:0009914,12
HP:0007410,12
HP:0006089,16
HP:0008944,17
HP:0012332,32
HP:0002270,41
HP:0410008,40
HP:0005369,17
HP:0002778,66
HP:0008282,12
HP:0009281,27
HP:0009272,46
HP:0004188,546
HP:0012736,12
HP:0003528,12
HP:0034902,6
HP:0100530,21
HP:0003713,12
HP:0010034,12
HP:0009660,16
HP:0009658,21
HP:0001402,12
HP:0002896,26
HP:0000488,12
HP:0003648,12
HP:0002593,12
HP:0010300,12
HP:0010502,12
HP:0002700,12
HP:0002699,21
HP:0000879,12
HP:0006714,31
HP:0001897,10
HP:0007963,15
HP:0001117,10
HP:0006375,10
HP:0000947,20
HP:0100838,10
HP:0002722,15
HP:0004894,10
HP:0001602,15
HP:0004761,10
HP:0000026,10
HP:0001046,10
HP:0000202,30
HP:0003946,20
HP:0003839,305
HP:0000956,10
HP:0010568,15
HP:0030670,10
HP:0006773,10
HP:0001012,25
HP:0012031,45
HP:0200013,50
HP:0010323,25
HP:0010160,1019
HP:0011704,10
HP:0011702,25
HP:0011402,10
HP:0010017,10
HP:0006059,15
HP:0005913,100
HP:0009514,10
HP:0009489,25
HP:0006263,243
HP:0004100,541
HP:0004371,25
HP:0011784,15
HP:0010133,10
HP:0010119,25
HP:0010056,239
HP:0012681,30
HP:0005793,10
HP:0001857,15
HP:0005035,20
HP:0005297,10
HP:0004950,15
HP:0100545,20
HP:0004924,10
HP:0040270,5
HP:0001952,15
HP:0011407,10
HP:0002000,10
HP:0005995,10
HP:0003758,25
HP:0001001,55
HP:0011716,10
HP:0011687,20
HP:0004755,84
HP:0012644,10
HP:0002339,24
HP:0010994,29
HP:0011701,10
HP:0012870,10
HP:0002075,10
HP:0008281,10
HP:0010287,10
HP:0010286,50
HP:0009413,10
HP:0009320,185
HP:0004150,549
HP:0005222,10
HP:0011574,10
HP:0004197,20
HP:0009172,235
HP:0010706,10
HP:0006456,10
HP:0004797,10
HP:0011100,15
HP:0009662,65
HP:0009599,184
HP:0100963,10
HP:0000711,15
HP:0004406,10
HP:0007851,10
HP:0007982,10
HP:0010020,10
HP:0009190,15
HP:0003842,50
HP:0003920,15
HP:0003907,70
HP:0009809,155
HP:0011444,10
HP:0010075,20
HP:0001449,25
HP:0011480,10
HP:0003537,10
HP:0003760,10
HP:0010548,20
HP:0009026,10
HP:0009131,45
HP:0010280,15
HP:0010675,10
HP:0006264,45
HP:0000222,10
HP:0010430,10
HP:0010325,20
HP:0010319,45
HP:0011777,10
HP:0000854,40
HP:0100031,70
HP:0011772,175
HP:0012435,10
HP:0100587,30
HP:0007035,30
HP:0011536,10
HP:0011535,30
HP:0100155,10
HP:0100064,25
HP:0010171,89
HP:0100847,10
HP:0004016,10
HP:0003848,15
HP:0003021,30
HP:0001741,10
HP:0005449,10
HP:0002681,35
HP:0010447,10
HP:0007780,10
HP:0010693,20
HP:0007648,35
HP:0010920,105
HP:0100818,10
HP:0011447,10
HP:0000483,15
HP:0007548,10
HP:0009211,10
HP:0004224,65
HP:0004219,110
HP:0004213,423
HP:0004207,548
HP:0100951,10
HP:0010013,20
HP:0001985,10
HP:0011070,20
HP:0009155,10
HP:0009153,60
HP:0009150,109
HP:0002040,10
HP:0002031,99
HP:0003832,14
HP:0002992,89
HP:0005949,10
HP:0100065,25
HP:0010172,90
HP:0008608,10
HP:0010176,105
HP:0010436,10
HP:0010395,20
HP:0010203,40
HP:0010173,160
HP:0012160,10
HP:0012159,15
HP:0012158,30
HP:0005344,91
HP:0010128,10
HP:0010114,20
HP:0005679,10
HP:0100257,10
HP:0009836,15
HP:0006485,60
HP:0001592,104
HP:0001593,10
HP:0003570,10
HP:0009552,10
HP:0009541,232
HP:0008290,10
HP:0100105,10
HP:0100049,25
HP:0010167,90
HP:0012610,20
HP:6000531,40
HP:0001974,20
HP:0011893,45
HP:0012844,20
HP:0012843,25
HP:0012842,31
HP:0100451,10
HP:0010188,30
HP:0005341,10
HP:0100682,10
HP:0002777,13
HP:0100902,10
HP:0100915,35
HP:0003740,10
HP:0000683,10
HP:0011944,10
HP:0034784,15
HP:0010848,10
HP:0011896,10
HP:0011885,25
HP:0009560,10
HP:0009542,60
HP:0009019,10
HP:0000292,15
HP:0000291,25
HP:0010630,10
HP:0006943,10
HP:0009638,10
HP:0004966,10
HP:0012456,25
HP:0003207,40
HP:0004934,45
HP:0011915,50
HP:0004292,10
HP:0012781,10
HP:0010094,10
HP:0010093,20
HP:0010052,75
HP:0010057,200
HP:0012400,20
HP:0009248,65
HP:0009174,245
HP:0011195,35
HP:0011185,189
HP:0009667,10
HP:0009663,64
HP:0100712,25
HP:0007221,10
HP:0012386,10
HP:0008362,30
HP:0100035,10
HP:0100033,20
HP:0000722,35
HP:0010292,10
HP:0010293,20
HP:3000015,10
HP:0100896,10
HP:0012534,10
HP:0003269,10
HP:0002415,20
HP:0011736,20
HP:0000859,30
HP:0040085,30
HP:0000847,55
HP:0003053,15
HP:0009373,10
HP:0009547,10
HP:0009253,10
HP:0009249,65
HP:0000317,10
HP:0100644,10
HP:0100643,25
HP:0009707,15
HP:0009701,50
HP:0003384,10
HP:0003467,10
HP:0003413,25
HP:0008388,20
HP:0100480,10
HP:0010378,15
HP:0010180,83
HP:0009817,24
HP:0004365,10
HP:0004338,50
HP:0002747,15
HP:0009435,10
HP:0004172,120
HP:0009316,324
HP:0100326,36
HP:0009241,10
HP:0004225,104
HP:0012017,10
HP:0011193,40
HP:0007466,10
HP:0000996,25
HP:0000329,40
HP:0001028,99
HP:0100742,114
HP:0012240,10
HP:0009058,15
HP:0034370,25
HP:0006762,10
HP:0009726,65
HP:0011056,10
HP:0011055,20
HP:0011054,25
HP:0012326,15
HP:0010071,10
HP:0001473,15
HP:0009216,10
HP:0009247,65
HP:0008322,22
HP:0003877,10
HP:0006185,10
HP:0006247,25
HP:0003037,35
HP:0007311,10
HP:0002362,15
HP:0012334,10
HP:0008651,10
HP:0000791,15
HP:0006153,10
HP:0011659,10
HP:0003755,10
HP:0012084,20
HP:0004971,10
HP:0009218,10
HP:0000611,10
HP:0008683,10
HP:0000065,20
HP:0010490,59
HP:0001018,109
HP:0007477,133
HP:0007546,10
HP:0004885,10
HP:0009581,10
HP:0009544,68
HP:0003449,15
HP:0003394,35
HP:0100801,10
HP:0100800,20
HP:0012094,30
HP:0012090,79
HP:0005948,20
HP:0032445,20
HP:0011906,10
HP:0005560,20
HP:0011719,10
HP:0005160,30
HP:0010772,45
HP:0030968,50
HP:0011718,60
HP:0010159,10
HP:0010125,40
HP:0009587,10
HP:0002550,25
HP:0003305,10
HP:0010885,20
HP:0005313,10
HP:0006353,10
HP:0004444,15
HP:0010529,10
HP:4000074,5
HP:0003637,10
HP:0009536,20
HP:0009311,10
HP:0009284,45
HP:0001708,10
HP:0033118,10
HP:0030872,50
HP:0005272,10
HP:0005289,20
HP:0200098,25
HP:0011153,50
HP:0100937,10
HP:0100928,25
HP:0100924,99
HP:0008198,10
HP:0000829,20
HP:0009521,10
HP:0009496,25
HP:0012780,10
HP:0010107,10
HP:0010085,20
HP:0009538,10
HP:0009537,25
HP:0007112,12
HP:0009844,10
HP:0009234,10
HP:0005880,35
HP:0012903,10
HP:0003311,10
HP:0003310,25
HP:0012154,10
HP:0031467,5
HP:0100851,25
HP:0009214,10
HP:0010455,10
HP:0009288,10
HP:0001927,10
HP:0010646,10
HP:0010851,10
HP:0003779,10
HP:0010753,20
HP:0012724,10
HP:0011798,10
HP:0000564,10
HP:0005588,10
HP:0012747,25
HP:0002363,100
HP:0100827,10
HP:0009013,10
HP:0001443,15
HP:0001469,40
HP:0002632,10
HP:0012166,10
HP:0009568,10
HP:0009543,65
HP:0003896,10
HP:0005360,10
HP:0009262,10
HP:0100812,10
HP:0001704,10
HP:0001702,40
HP:0009755,10
HP:0100402,19
HP:0010379,39
HP:0010181,143
HP:0007766,10
HP:0008058,20
HP:0011623,20
HP:0003530,10
HP:0012594,10
HP:0012592,15
HP:0010296,10
HP:0006723,10
HP:0009011,10
HP:0007522,10
HP:0010694,10
HP:0007971,15
HP:0010662,63
HP:0010431,10
HP:0011028,45
HP:0003639,10
HP:0011976,25
HP:0011281,30
HP:0001870,10
HP:0001842,15
HP:0010177,115
HP:0009134,120
HP:0011156,10
HP:0005186,10
HP:0005262,20
HP:0011855,10
HP:0004009,10
HP:0004008,15
HP:0003999,95
HP:0002161,10
HP:0010908,15
HP:0010899,30
HP:0008148,10
HP:0007181,15
HP:0010309,10
HP:0003744,10
HP:0003743,15
HP:0100422,10
HP:0100404,20
HP:0010211,40
HP:0010184,70
HP:0012430,10
HP:0012429,20
HP:0008331,10
HP:0004713,10
HP:0012883,10
HP:0011027,35
HP:0006783,10
HP:0000600,25
HP:0005850,10
HP:0001884,15
HP:0006930,10
HP:0002539,15
HP:0002538,55
HP:0002332,10
HP:5200016,5
HP:5200024,10
HP:0011265,10
HP:0008777,15
HP:0004684,10
HP:0034673,15
HP:0003028,30
HP:0100379,10
HP:0010645,25
HP:0010185,60
HP:0011978,10
HP:0040156,69
HP:0005837,10
HP:0006256,20
HP:0009113,10
HP:0009352,10
HP:0009333,65
HP:0009139,10
HP:0002797,20
HP:0004000,10
HP:0010587,10
HP:0005997,10
HP:0006775,10
HP:0000514,15
HP:0009387,10
HP:0009152,70
HP:0006267,15
HP:0012767,25
HP:0100767,45
HP:0001194,95
HP:0008714,10
HP:0011904,10
HP:0005593,10
HP:0001053,25
HP:0002180,10
HP:0012271,10
HP:0002781,15
HP:0006536,25
HP:0010355,50
HP:0012147,10
HP:0012146,20
HP:0012312,10
HP:0012310,20
HP:0002877,10
HP:0002791,25
HP:0006342,10
HP:0011780,10
HP:0033079,15
HP:0000072,15
HP:0025633,50
HP:0010152,10
HP:0010116,25
HP:0002687,30
HP:0006959,10
HP:0007269,30
HP:0007271,10
HP:0002436,15
HP:0002435,20
HP:0012415,30
HP:0009239,10
HP:0003213,10
HP:0012308,10
HP:0033057,10
HP:0000456,10
HP:0000295,10
HP:0002766,10
HP:0008518,33
HP:0010068,10
HP:0001783,15
HP:0100007,89
HP:0005619,10
HP:0007470,10
HP:0001482,15
HP:0200036,20
HP:0001361,10
HP:0012755,10
HP:0009771,25
HP:0100841,10
HP:0003901,15
HP:0003891,70
HP:0011164,10
HP:0003417,10
HP:0010663,53
HP:0010708,10
HP:0012705,30
HP:0410263,57
HP:0100093,10
HP:0010329,25
HP:3000057,10
HP:0010528,10
HP:0010524,25
HP:5200204,20
HP:5200202,20
HP:0000631,15
HP:0007642,10
HP:0200001,10
HP:0005063,10
HP:0009600,20
HP:0004222,10
HP:0009198,63
HP:0010757,10
HP:0010756,15
HP:0010758,25
HP:0009231,10
HP:0000064,10
HP:0011550,10
HP:0011547,25
HP:0011546,60
HP:0003607,10
HP:0012161,10
HP:0100639,20
HP:0040307,15
HP:0007104,10
HP:0007377,35
HP:0011853,10
HP:0001698,25
HP:0001697,95
HP:0011105,10
HP:0011104,20
HP:0009562,10
HP:0000960,10
HP:0010767,30
HP:0005107,85
HP:0100295,20
HP:0007945,10
HP:0012904,10
HP:0010183,70
HP:0008753,10
HP:0010565,20
HP:0005483,29
HP:0006202,10
HP:0004243,15
HP:0007733,10
HP:0011309,10
HP:0009215,10
HP:0000263,10
HP:0008167,10
HP:0008541,10
HP:0100114,10
HP:0100047,25
HP:0010165,90
HP:0004757,10
HP:0007776,10
HP:0005547,15
HP:0010275,10
HP:0010235,25
HP:0004288,60
HP:0005924,70
HP:0008363,20
HP:0011952,10
HP:0011951,20
HP:0000968,25
HP:0003797,20
HP:0012792,10
HP:0004599,45
HP:0100569,55
HP:0003336,135
HP:0009358,70
HP:0003183,10
HP:0003172,65
HP:0012050,10
HP:0007430,15
HP:0005872,10
HP:0001468,39
HP:0011965,20
HP:0033109,30
HP:0010243,10
HP:0012336,10
HP:0011252,20
HP:0100619,10
HP:0010788,30
HP:0009930,10
HP:0005288,40
HP:0011720,10
HP:0005680,10
HP:0008430,15
HP:0004568,35
HP:3000002,10
HP:0100732,10
HP:0012114,10
HP:0010784,24
HP:0005653,10
HP:0040160,10
HP:0010496,10
HP:0010371,10
HP:0005807,10
HP:0009835,15
HP:0010679,25
HP:0002398,10
HP:0006802,15
HP:0009020,10
HP:0003750,15
HP:0010345,20
HP:0005830,95
HP:0008366,110
HP:0012535,25
HP:0011497,10
HP:0007905,20
HP:0004033,10
HP:0004032,20
HP:0040071,40
HP:0009814,10
HP:0011609,10
HP:0001660,29
HP:0011888,10
HP:0012716,10
HP:0003851,20
HP:0008726,10
HP:0011026,30
HP:0000142,95
HP:0100781,15
HP:0002836,10
HP:0009445,10
HP:0009122,10
HP:0002454,10
HP:0002453,20
HP:0004003,10
HP:0004002,20
HP:0011788,10
HP:0032209,5
HP:0031508,20
HP:0003081,10
HP:0012598,25
HP:0004369,10
HP:0004352,25
HP:0010932,35
HP:0004353,10
HP:0100104,10
HP:0100048,25
HP:0010166,90
HP:0005152,10
HP:0011832,10
HP:0011850,10
HP:0000197,30
HP:0012339,10
HP:0007950,10
HP:0000700,10
HP:0011190,10
HP:0010841,25
HP:0012298,10
HP:0009833,65
HP:0004059,10
HP:0006433,20
HP:0003879,10
HP:0012739,10
HP:0002244,135
HP:0100159,10
HP:0100057,25
HP:0010164,90
HP:0010010,15
HP:0009444,10
HP:0009772,49
HP:0004286,54
HP:0004281,69
HP:0004054,89
HP:0001069,10
HP:0006976,10
HP:0100018,25
HP:0009160,10
HP:0100528,10
HP:0100527,15
HP:0008083,10
HP:0003795,18
HP:0009347,10
HP:0003992,10
HP:0100635,10
HP:0002864,30
HP:0002668,40
HP:0100634,69
HP:0002680,10
HP:0200114,10
HP:0006517,10
HP:0032973,5
HP:0007656,10
HP:0008038,20
HP:0011482,29
HP:0004132,10
HP:0009847,10
HP:0007670,15
HP:0000623,10
HP:0100534,10
HP:0012768,10
HP:0002643,20
HP:0011213,10
HP:0010852,30
HP:0003159,10
HP:0002611,15
HP:0011453,10
HP:0000987,35
HP:0010779,10
HP:0040163,30
HP:0000728,10
HP:0012760,15
HP:0025732,10
HP:0012433,20
HP:0003739,15
HP:0007534,10
HP:0010121,20
HP:0003454,10
HP:0004258,10
HP:0012814,10
HP:0003187,20
HP:0010311,30
HP:0006753,20
HP:0011943,10
HP:0000675,10
HP:0011081,15
HP:0001572,20
HP:0005193,10
HP:0007450,10
HP:0011680,10
HP:0003574,10
HP:0002640,15
HP:0200025,10
HP:0001555,10
HP:3000016,10
HP:0040174,15
HP:0040173,20
HP:0005145,10
HP:0006704,65
HP:0001613,10
HP:0010801,10
HP:0012089,10
HP:0004238,10
HP:0001495,15
HP:0100255,15
HP:0011527,10
HP:0011526,30
HP:0011511,10
HP:0030498,10
HP:0004589,10
HP:0010878,10
HP:0004387,10
HP:0008258,10
HP:0010023,10
HP:0009194,15
HP:0011492,15
HP:0012285,20
HP:0012081,10
HP:0000930,10
HP:0011633,10
HP:0011628,45
HP:0010760,24
HP:0005093,10
HP:0010577,20
HP:0004804,10
HP:0006266,10
HP:0009990,10
HP:0007451,10
HP:0000542,10
HP:0100496,15
HP:0011583,10
HP:0001683,35
HP:0012283,10
HP:0010590,24
HP:0006499,44
HP:0001051,15
HP:0008855,10
HP:0011018,15
HP:0012070,10
HP:0008155,30
HP:0003541,35
HP:0010047,10
HP:0010045,20
HP:0006565,10
HP:3000008,10
HP:0011538,10
HP:0011136,10
HP:0011135,30
HP:0000971,40
HP:0003965,10
HP:0012151,10
HP:0012434,10
HP:0007633,10
HP:0004463,10
HP:0006958,20
HP:0007810,10
HP:0010925,10
HP:0100337,10
HP:0100338,20
HP:0100855,10
HP:0009784,18
HP:0007301,10
HP:0002186,25
HP:0004954,10
HP:0012526,10
HP:0012528,15
HP:0012483,30
HP:0011883,49
HP:0200003,10
HP:0001262,10
HP:0011379,10
HP:0011376,50
HP:0003761,10
HP:0007418,15
HP:0001322,10
HP:0004923,10
HP:0010893,30
HP:0009490,25
HP:0012573,10
HP:0012540,10
HP:0200040,15
HP:0025245,10
HP:0011352,10
HP:0010863,25
HP:0012566,10
HP:0010588,40
HP:0004296,25
HP:0011150,10
HP:0010550,10
HP:0011236,10
HP:0009738,100
HP:0012037,10
HP:0008909,10
HP:0002056,20
HP:0002654,10
HP:0010000,10
HP:0009998,20
HP:0009546,10
HP:0002890,30
HP:0009486,15
HP:0009485,20
HP:0009324,10
HP:0009334,65
HP:0011557,20
HP:0010154,10
HP:0010118,25
HP:0010620,10
HP:0011162,10
HP:0009393,10
HP:0010483,10
HP:0010959,10
HP:0007097,10
HP:0007617,10
HP:0000466,10
HP:0005986,20
HP:0025669,15
HP:0100387,10
HP:0010745,18
HP:0001340,10
HP:0007503,10
HP:0002755,10
HP:0010717,10
HP:0010112,25
HP:0100425,10
HP:0010195,30
HP:0010174,105
HP:0006009,118
HP:0005622,129
HP:0002263,10
HP:0011975,10
HP:0012354,10
HP:0012352,20
HP:0000988,20
HP:0000621,10
HP:0012771,10
HP:0012769,20
HP:0010610,10
HP:0008742,10
HP:0008775,40
HP:0000022,70
HP:0100382,10
HP:0100363,20
HP:0010337,45
HP:0010321,65
HP:0012509,10
HP:0009992,10
HP:0009986,25
HP:0009985,50
HP:0012104,10
HP:0011145,10
HP:0004980,10
HP:0005114,10
HP:0100177,10
HP:0100074,25
HP:0010170,90
HP:0005162,40
HP:0011757,10
HP:0001146,10
HP:0007459,10
HP:0100044,25
HP:0010162,90
HP:0011488,39
HP:0100378,10
HP:0004502,10
HP:0000453,18
HP:0002703,30
HP:0012193,10
HP:0012190,25
HP:0012539,35
HP:0100456,10
HP:0010375,25
HP:0011092,10
HP:0003957,10
HP:0010530,10
HP:0100908,10
HP:0100917,35
HP:0100225,10
HP:0100078,24
HP:0010163,86
HP:0007526,10
HP:0100758,10
HP:0012478,10
HP:0010754,20
HP:0011106,10
HP:0100140,10
HP:0100060,25
HP:0200083,10
HP:0010813,10
HP:0007576,10
HP:0034761,24
HP:0001067,49
HP:0011700,10
HP:0009415,10
HP:0100503,10
HP:0100452,10
HP:0010363,25
HP:0100744,10
HP:0005173,10
HP:0009053,20
HP:0011241,10
HP:0011244,25
HP:0100579,10
HP:0008497,10
HP:0012187,10
HP:0034606,5
HP:0010472,15
HP:0002203,10
HP:0006379,10
HP:0001062,10
HP:0006170,10
HP:0100210,10
HP:0100085,25
HP:0009193,35
HP:0003173,25
HP:0009104,35
HP:0100169,10
HP:0100066,25
HP:0003787,10
HP:0003789,15
HP:0011884,10
HP:0100072,25
HP:0010168,90
HP:0008988,15
HP:0001445,20
HP:0009958,10
HP:0100238,10
HP:0006539,10
HP:0010137,10
HP:0010123,18
HP:0008675,10
HP:0000147,15
HP:0011555,10
HP:0003450,15
HP:0012670,10
HP:0009254,10
HP:0010901,20
HP:0012196,10
HP:0100918,10
HP:0010869,10
HP:0010867,20
HP:0005232,10
HP:0002512,10
HP:0006174,10
HP:0002951,10
HP:0002965,10
HP:0010223,10
HP:0010900,15
HP:0011131,10
HP:0008303,10
HP:0011441,15
HP:0002281,10
HP:0006118,10
HP:0007929,10
HP:0007105,10
HP:0005527,10
HP:0005559,15
HP:0002900,15
HP:0011042,24
HP:0003418,20
HP:0002287,10
HP:0012496,10
HP:0004347,20
HP:0005550,10
HP:0005558,20
HP:0100219,10
HP:0100083,25
HP:0007808,10
HP:0010003,10
HP:0009999,20
HP:0001809,10
HP:0006224,10
HP:0009884,15
HP:0012897,10
HP:0012896,20
HP:0430106,15
HP:0005878,10
HP:0011438,10
HP:0031437,5
HP:0002686,115
HP:0032443,110
HP:0100316,10
HP:0003114,10
HP:0012772,20
HP:0100376,10
HP:0011585,10
HP:0008786,10
HP:0003796,20
HP:0003327,10
HP:0001142,20
HP:0011073,20
HP:0012442,10
HP:0012396,20
HP:0012439,30
HP:0001080,105
HP:0003981,10
HP:0003558,10
HP:0003201,35
HP:0001655,10
HP:0009952,10
HP:0009949,20
HP:0007616,10
HP:0001052,25
HP:0005632,10
HP:0012902,10
HP:0012075,20
HP:0011211,10
HP:0010709,10
HP:0004929,10
HP:0005557,10
HP:0005304,10
HP:0000893,10
HP:0011689,29
HP:0011688,54
HP:0002416,10
HP:3000011,10
HP:0009989,10
HP:0004859,10
HP:0007516,10
HP:0001582,25
HP:0002789,15
HP:0000287,10
HP:0006163,10
HP:0000067,10
HP:0011358,25
HP:0001971,10
HP:0025409,5
HP:0001997,10
HP:0012404,20
HP:0004051,10
HP:0010660,40
HP:0011998,10
HP:0012686,10
HP:0012684,20
HP:0007505,10
HP:0007778,10
HP:0030666,5
HP:0005323,10
HP:0009972,50
HP:0004927,15
HP:0006574,10
HP:0006707,35
HP:0009260,10
HP:0011730,25
HP:0001812,10
HP:0001795,20
HP:0011085,10
HP:0006285,20
HP:0100077,25
HP:0007188,10
HP:0001349,15
HP:0004611,10
HP:0006180,10
HP:0008954,10
HP:0012875,30
HP:0008997,10
HP:0007351,10
HP:0100495,10
HP:0100494,15
HP:0006145,10
HP:0006042,15
HP:0010386,10
HP:0004529,10
HP:0002232,15
HP:0003215,49
HP:0010158,10
HP:0100699,15
HP:0100306,10
HP:0010857,15
HP:0011200,20
HP:0011118,10
HP:0011113,20
HP:0011111,45
HP:0009399,10
HP:0004594,10
HP:0000743,10
HP:0005477,10
HP:0002694,15
HP:0010120,20
HP:0100646,10
HP:0011296,10
HP:0011196,35
HP:0010494,10
HP:0003324,10
HP:0010376,10
HP:0010178,105
HP:0005686,110
HP:0010658,115
HP:0011449,10
HP:0007511,10
HP:0001070,20
HP:0004759,10
HP:0009437,15
HP:0200111,10
HP:0005307,10
HP:0011312,10
HP:0012892,10
HP:0004048,10
HP:0200123,20
HP:0009839,10
HP:0005894,10
HP:0005917,20
HP:0001548,10
HP:0009468,10
HP:0011692,10
HP:0003606,10
HP:0000696,20
HP:0004823,10
HP:0012784,10
HP:0004791,10
HP:0009954,10
HP:0009947,20
HP:0007406,10
HP:0010354,25
HP:0003145,10
HP:0006962,10
HP:0006590,10
HP:0012504,20
HP:0009085,15
HP:0006477,55
HP:0000284,10
HP:0002626,10
HP:0100916,35
HP:0005999,10
HP:0004889,10
HP:0012448,10
HP:0012447,20
HP:0006548,10
HP:0009337,10
HP:0009332,65
HP:0100582,10
HP:0000433,20
HP:0008249,20
HP:0011565,10
HP:0011404,10
HP:0009535,25
HP:0003411,10
HP:0009397,10
HP:0006400,10
HP:0004396,10
HP:0000538,10
HP:0100776,10
HP:0002788,15
HP:0001739,35
HP:0007543,10
HP:0012834,10
HP:0012831,30
HP:0012830,60
HP:0010250,10
HP:0010232,25
HP:0003841,40
HP:0100276,15
HP:0011067,10
HP:0011069,15
HP:0007440,20
HP:0009960,25
HP:0009959,50
HP:0010067,15
HP:0010054,55
HP:0008396,10
HP:0010028,10
HP:0010009,30
HP:0012677,10
HP:0000905,10
HP:0012563,10
HP:0010519,10
HP:0008723,10
HP:0005353,10
HP:0034318,5
HP:0034317,5
HP:0003235,10
HP:0100808,10
HP:0012349,20
HP:0011472,15
HP:0025129,10
HP:0008509,10
HP:0012322,10
HP:0006608,10
HP:0100091,10
HP:0000799,10
HP:0005716,10
HP:0010197,30
HP:0012065,10
HP:0012062,30
HP:0200151,10
HP:0010770,10
HP:0100436,10
HP:0010385,20
HP:0010175,105
HP:0009329,10
HP:0005720,10
HP:0010327,20
HP:0005281,10
HP:0010511,10
HP:0009577,10
HP:0004881,10
HP:0005143,10
HP:0011660,20
HP:0011112,25
HP:0011962,10
HP:0000027,25
HP:0008669,35
HP:0007561,10
HP:0001618,15
HP:0006916,10
HP:0003205,15
HP:0003204,30
HP:0002101,15
HP:0004614,10
HP:0011128,10
HP:0011388,10
HP:0006150,10
HP:0100426,10
HP:0100608,10
HP:0009886,10
HP:0003328,30
HP:0008953,10
HP:0011957,30
HP:0008158,10
HP:0006453,10
HP:0008358,10
HP:0010907,20
HP:0010902,47
HP:0100041,10
HP:0006682,20
HP:0003440,10
HP:0012093,30
HP:0100474,10
HP:0010377,19
HP:0011041,20
HP:0002245,10
HP:0001549,30
HP:0008273,10
HP:0100336,10
HP:0100335,20
HP:0011542,10
HP:0011541,15
HP:0011534,40
HP:0001027,10
HP:0011334,15
HP:0000134,10
HP:0100342,10
HP:0010332,20
HP:0010320,65
HP:0003423,10
HP:0100389,10
HP:0100366,25
HP:0010331,45
HP:0011313,10
HP:0007458,20
HP:0011445,10
HP:0000941,10
HP:3000005,10
HP:0410011,20
HP:0045037,20
HP:0012394,10
HP:0012393,26
HP:0010761,10
HP:0008265,10
HP:0012609,10
HP:0012607,25
HP:0007065,10
HP:0009596,10
HP:0010774,15
HP:0005756,10
HP:0004986,10
HP:0012493,10
HP:0012492,25
HP:0004780,10
HP:0011336,10
HP:0006378,10
HP:0011969,10
HP:0000837,20
HP:0000872,10
HP:0004066,10
HP:0004991,10
HP:0004451,10
HP:0000383,45
HP:0100124,10
HP:0100046,25
HP:0010145,10
HP:0011308,10
HP:0012789,10
HP:0010458,10
HP:0008288,10
HP:0002154,15
HP:0009966,10
HP:0200058,15
HP:0030448,35
HP:0100242,50
HP:0005450,10
HP:0005464,20
HP:0100641,30
HP:0100631,40
HP:0001748,10
HP:0009799,20
HP:0008935,10
HP:0010394,10
HP:0000710,10
HP:5200065,5
HP:4000079,5
HP:0006583,10
HP:0007623,10
HP:0003297,10
HP:0033096,10
HP:0033100,64
HP:0010618,10
HP:0004699,10
HP:0008962,10
HP:0100370,10
HP:0005817,10
HP:0001830,15
HP:0011191,10
HP:0012232,10
HP:0007933,10
HP:0005592,10
HP:0008454,15
HP:0003529,10
HP:0000207,10
HP:0100071,25
HP:0002378,10
HP:0002744,10
HP:0002296,10
HP:0007545,10
HP:0012291,10
HP:0012249,20
HP:0011676,10
HP:0007657,10
HP:0003717,15
HP:0012665,10
HP:0012664,25
HP:0025169,20
HP:0100244,10
HP:0009310,10
HP:0011731,20
HP:0012111,30
HP:0100395,10
HP:0005890,10
HP:0003799,10
HP:0011577,10
HP:0009940,10
HP:0002219,10
HP:0002710,10
HP:0100267,20
HP:0006677,10
HP:0025074,5
HP:0000052,10
HP:0000068,15
HP:0100249,10
HP:0012848,10
HP:0012209,10
HP:0012324,20
HP:0006169,10
HP:0006135,15
HP:0003913,20
HP:0003850,35
HP:0100946,10
HP:0000915,10
HP:0003609,10
HP:0003651,25
HP:0006515,15
HP:0006530,45
HP:0004183,10
HP:0012143,20
HP:0012251,10
HP:0011654,10
HP:0001719,50
HP:0000853,40
HP:0100730,10
HP:0001216,25
HP:0006257,55
HP:0008706,10
HP:0010561,10
HP:0011045,10
HP:0006293,20
HP:0006289,40
HP:0011161,10
HP:0011157,35
HP:0033348,55
HP:0032679,90
HP:0002195,10
HP:0005733,10
HP:0012405,10
HP:0002865,10
HP:0010955,20
HP:0001440,39
HP:0008232,10
HP:0009664,10
HP:0006213,10
HP:0003955,10
HP:0006370,10
HP:0010600,15
HP:0004037,40
HP:0008008,10
HP:0011601,10
HP:0011600,20
HP:0007910,10
HP:0011221,10
HP:0008225,10
HP:0012680,10
HP:0009703,10
HP:0002299,15
HP:0100583,10
HP:0009106,10
HP:0002837,15
HP:0002783,25
HP:0100867,10
HP:0002246,30
HP:0003458,10
HP:0010576,35
HP:0030724,30
HP:0000446,10
HP:0000802,10
HP:0007800,10
HP:0008839,10
HP:0009103,15
HP:0011882,10
HP:0011878,30
HP:0007034,10
HP:0004401,10
HP:0010676,15
HP:0002595,25
HP:0002579,45
HP:0030895,40
HP:0003472,10
HP:0002901,20
HP:0007447,10
HP:0012344,10
HP:0007948,10
HP:0010924,15
HP:0100019,25
HP:0003917,10
HP:0012432,10
HP:0007942,10
HP:0007859,10
HP:0000666,35
HP:0009180,10
HP:0005437,10
HP:0011789,20
HP:0004280,15
HP:0200028,10
HP:3000026,10
HP:0005856,10
HP:0003826,10
HP:0034241,10
HP:0003932,10
HP:0003926,45
HP:0009808,80
HP:0005584,30
HP:0006509,10
HP:0005256,10
HP:0011899,10
HP:0011967,10
HP:0010836,20
HP:0011030,55
HP:0012510,10
HP:0002921,35
HP:0007824,10
HP:0010138,10
HP:0010113,20
HP:0000796,35
HP:0011075,10
HP:0002048,10
HP:0007387,10
HP:0011890,25
HP:0002651,10
HP:0100344,10
HP:0010326,25
HP:0001986,15
HP:0001944,20
HP:0009192,20
HP:0002582,10
HP:0005263,25
HP:0012840,10
HP:0012836,30
HP:0009491,25
HP:0003954,10
HP:0004902,10
HP:0003976,10
HP:0005531,10
HP:0002488,59
HP:0004822,10
HP:0009788,10
HP:0009787,15
HP:0009786,20
HP:0007873,10
HP:0008048,20
HP:0006729,10
HP:0100568,15
HP:0100412,10
HP:0100403,20
HP:0010202,40
HP:3000060,10
HP:0012009,10
HP:0011197,39
HP:0011033,15
HP:0011827,10
HP:0002589,10
HP:0006691,10
HP:0009565,10
HP:0011062,20
HP:0007316,10
HP:0006504,10
HP:3000034,10
HP:0010585,15
HP:0007537,10
HP:0004382,15
HP:0010808,10
HP:0011647,10
HP:0012305,25
HP:0001680,35
HP:0011394,10
HP:0011392,20
HP:0011391,33
HP:0012487,10
HP:0007291,15
HP:0001880,10
HP:0012538,10
HP:0001984,15
HP:0012537,20
HP:0012822,10
HP:0001604,20
HP:0001605,35
HP:0100069,25
HP:0005602,10
HP:0005956,10
HP:0020110,20
HP:0011320,20
HP:0004443,30
HP:0010269,10
HP:0010229,25
HP:0012155,10
HP:0011645,10
HP:0004970,15
HP:0009641,20
HP:0009617,80
HP:0006156,10
HP:0100524,10
HP:0012543,10
HP:0005923,15
HP:0007715,10
HP:0011372,10
HP:0008774,15
HP:0008771,20
HP:0000746,10
HP:0025779,10
HP:0003057,10
HP:0009827,15
HP:0011424,10
HP:0008277,15
HP:0012562,10
HP:0004403,10
HP:0002032,15
HP:0010839,10
HP:0045036,5
HP:0025640,5
HP:0007599,10
HP:0012653,10
HP:0012683,10
HP:0008803,10
HP:0003337,10
HP:0012200,20
HP:0005306,10
HP:0004603,10
HP:0011770,10
HP:0009173,10
HP:0004214,25
HP:0004095,50
HP:0100027,10
HP:0012457,10
HP:0007361,25
HP:0012645,10
HP:0006659,10
HP:0004025,10
HP:0004015,25
HP:0012731,10
HP:0001460,35
HP:0000911,10
HP:0011912,25
HP:0005349,10
HP:0008093,10
HP:0010294,10
HP:0007413,10
HP:0008390,10
HP:0001806,15
HP:0025756,14
HP:0004717,10
HP:0004712,15
HP:0007455,10
HP:0100454,10
HP:0010387,25
HP:0002196,20
HP:0000215,10
HP:0009795,10
HP:0009794,25
HP:0009246,10
HP:0009238,15
HP:0006262,35
HP:0006830,10
HP:0001717,10
HP:0000417,10
HP:0012136,10
HP:0005199,10
HP:0005365,10
HP:0010976,15
HP:0011260,10
HP:0009902,20
HP:0003935,10
HP:0003861,15
HP:0011945,10
HP:0011212,10
HP:0005508,10
HP:0003496,20
HP:0100347,10
HP:0010344,20
HP:0010322,65
HP:0009120,30
HP:0007098,10
HP:0100245,10
HP:0009769,30
HP:0002152,10
HP:0001094,10
HP:0012122,15
HP:0000554,40
HP:0008921,10
HP:0012702,10
HP:0002202,30
HP:0002254,10
HP:0000640,14
HP:0006892,10
HP:0011047,10
HP:0006355,20
HP:0008005,10
HP:0004336,10
HP:0030173,10
HP:0012585,20
HP:0002141,10
HP:0011548,10
HP:0012419,10
HP:0500165,10
HP:0004259,15
HP:0100759,10
HP:0001211,25
HP:0008208,10
HP:0003240,10
HP:0032459,5
HP:0012051,10
HP:0001283,10
HP:0003916,10
HP:0003852,15
HP:0001961,20
HP:0008467,10
HP:0009344,10
HP:0006144,10
HP:0010241,15
HP:0006803,10
HP:0002367,15
HP:0000738,35
HP:0009325,10
HP:0004911,10
HP:0001942,40
HP:0005877,10
HP:0008663,10
HP:0006184,10
HP:0010488,20
HP:0001099,10
HP:0000776,15
HP:0000775,40
HP:0008222,10
HP:0008672,10
HP:0004724,20
HP:0011834,10
HP:0004854,10
HP:0001015,25
HP:0200067,10
HP:0012869,10
HP:0012865,20
HP:0012864,40
HP:0012863,45
HP:0012862,50
HP:0012674,10
HP:0003250,20
HP:0100605,15
HP:0004013,10
HP:0004012,15
HP:0007608,10
HP:0100694,10
HP:0100283,10
HP:0010997,10
HP:0040012,15
HP:0003220,30
HP:0007446,10
HP:0100681,10
HP:0006463,10
HP:0006767,20
HP:0002893,55
HP:0011750,70
HP:0011723,15
HP:0009561,10
HP:0004446,10
HP:0003150,10
HP:0011043,20
HP:0100769,10
HP:0010845,40
HP:0011203,60
HP:0010157,10
HP:0100914,10
HP:0007911,10
HP:0011227,10
HP:0032436,5
HP:0006598,10
HP:0012306,35
HP:0002605,20
HP:0008275,10
HP:0001820,10
HP:0009138,10
HP:0008417,35
HP:0008515,45
HP:0009077,10
HP:0030237,10
HP:0003463,10
HP:0011813,20
HP:0004959,20
HP:0007504,10
HP:0007488,15
HP:0004900,10
HP:0003931,10
HP:0008194,10
HP:0008261,20
HP:0002894,40
HP:0004419,10
HP:0004418,20
HP:0000709,10
HP:5200430,20
HP:0010747,10
HP:0005329,10
HP:0003131,10
HP:0033095,10
HP:0100623,15
HP:0100936,10
HP:0100927,25
HP:0011671,10
HP:0025576,5
HP:0005345,50
HP:0008993,10
HP:0009126,30
HP:0002229,10
HP:0007107,10
HP:0010070,10
HP:0004926,10
HP:0008447,10
HP:0012882,10
HP:0012881,20
HP:0000524,10
HP:0008054,25
HP:0010984,10
HP:0004046,10
HP:0003855,15
HP:0005054,20
HP:0012514,11
HP:0009763,21
HP:0009614,10
HP:0009613,20
HP:0009618,70
HP:0005435,10
HP:0001289,10
HP:0007913,10
HP:0012658,30
HP:0012657,35
HP:0011846,10
HP:0200143,10
HP:0012132,15
HP:0012131,30
HP:0003991,10
HP:0003967,15
HP:0005386,15
HP:0009748,10
HP:0009441,10
HP:0100115,10
HP:0012623,10
HP:0000807,10
HP:0008991,10
HP:0003710,15
HP:0006308,10
HP:0006152,30
HP:0001024,10
HP:0010781,20
HP:0010384,10
HP:0002863,25
HP:0011058,10
HP:0000704,25
HP:0008057,10
HP:0003998,10
HP:0100152,10
HP:0100061,25
HP:0005834,10
HP:0010540,10
HP:0002054,10
HP:0008444,10
HP:0008422,35
HP:0100470,10
HP:0010365,20
HP:0008115,10
HP:0100774,10
HP:0005768,10
HP:0008244,10
HP:0005210,10
HP:0100811,20
HP:0011165,10
HP:0011505,10
HP:0040049,5
HP:0100186,10
HP:0001345,10
HP:0006932,10
HP:0100488,10
HP:0004358,15
HP:0002267,10
HP:0011782,10
HP:0006552,10
HP:0009162,10
HP:0009161,15
HP:0004484,10
HP:0000267,15
HP:0012391,10
HP:3000059,10
HP:0010657,10
HP:0004828,10
HP:0012130,20
HP:0002349,10
HP:0009964,10
HP:0011427,10
HP:0011425,54
HP:0034058,49
HP:0000751,10
HP:0009498,25
HP:0010949,10
HP:0025657,5
HP:0010881,35
HP:0100958,10
HP:0100409,10
HP:0100400,20
HP:0010391,39
HP:0007686,40
HP:0001106,10
HP:0000511,10
HP:0000605,20
HP:0012168,10
HP:0003678,10
HP:0006891,10
HP:0007628,10
HP:0005790,20
HP:0003778,25
HP:0100651,10
HP:0100414,10
HP:0100405,20
HP:0008720,10
HP:0100700,15
HP:0004028,10
HP:0004027,28
HP:0010457,10
HP:0005548,10
HP:0009302,10
HP:0009282,45
HP:0004060,10
HP:0006140,10
HP:0007115,10
HP:0007330,20
HP:0012076,10
HP:0011996,10
HP:0031899,10
HP:0009727,10
HP:0011141,25
HP:0007510,10
HP:0008127,10
HP:0008364,25
HP:0009529,10
HP:0009493,24
HP:0001587,10
HP:0011763,10
HP:0012642,10
HP:0009805,10
HP:0011254,10
HP:0011510,15
HP:0006606,10
HP:0000919,45
HP:0004904,10
HP:0005415,15
HP:0009449,10
HP:0007096,10
HP:0011000,20
HP:0100751,20
HP:0005512,10
HP:0100125,10
HP:0005961,10
HP:0010909,15
HP:0008517,30
HP:0009338,10
HP:0007443,10
HP:0006596,10
HP:0001085,10
HP:0010800,10
HP:0009970,10
HP:0009961,25
HP:0004110,10
HP:0009785,10
HP:0003939,10
HP:0003938,15
HP:0100200,10
HP:0100075,25
HP:0009582,10
HP:0008247,10
HP:0006441,10
HP:0009127,15
HP:0011466,25
HP:0002588,10
HP:0010360,10
HP:0003419,10
HP:0010665,10
HP:0004157,10
HP:0005250,10
HP:0005214,20
HP:0002707,10
HP:0004785,10
HP:0100537,10
HP:0012856,20
HP:0011457,10
HP:0010095,10
HP:0012720,10
HP:0012289,15
HP:0012288,20
HP:0011655,10
HP:0000677,15
HP:0007321,10
HP:0007103,20
HP:0012106,10
HP:0012107,10
HP:0002991,60
HP:0012108,10
HP:0010403,20
HP:0004933,10
HP:0007799,10
HP:0005147,10
HP:0010489,10
HP:0006014,50
HP:0012321,10
HP:0032278,5
HP:0009394,10
HP:0003532,10
HP:0033098,15
HP:0011677,10
HP:0006060,10
HP:0007988,10
HP:0002572,10
HP:0001847,10
HP:0010713,10
HP:0000017,10
HP:0100603,25
HP:0004272,10
HP:0002753,20
HP:0003103,65
HP:0012357,10
HP:0012355,20
HP:0005335,10
HP:0005324,25
HP:0100073,25
HP:0010169,88
HP:0012219,10
HP:0011814,10
HP:0040425,5
HP:0033161,5
HP:0032572,10
HP:0005597,10
HP:0005132,10
HP:0011330,10
HP:0005556,30
HP:0008703,10
HP:0011918,10
HP:0010248,10
HP:0001163,10
HP:0000387,10
HP:0009906,20
HP:0100938,10
HP:0100929,25
HP:0008182,10
HP:0000849,20
HP:0007436,10
HP:0009141,15
HP:0003800,40
HP:0011083,10
HP:0003241,10
HP:0001786,10
HP:0003837,10
HP:0011986,30
HP:0100604,10
HP:0002563,10
HP:0001701,15
HP:0004049,10
HP:0000659,10
HP:0007700,35
HP:0100884,10
HP:0100203,10
HP:0008414,10
HP:0008968,15
HP:0011931,10
HP:0003414,15
HP:0000654,10
HP:0002529,10
HP:0004058,10
HP:0003904,10
HP:0004153,10
HP:0011658,10
HP:0001474,10
HP:0100354,10
HP:0010339,20
HP:0002773,10
HP:0000169,10
HP:0001718,15
HP:0005478,10
HP:0012422,10
HP:0008705,10
HP:0000073,25
HP:0010659,10
HP:0012019,10
HP:0001083,30
HP:0006755,10
HP:0006442,10
HP:0003038,20
HP:0012375,10
HP:0003987,10
HP:0003961,15
HP:0200046,10
HP:0025429,10
HP:0005021,10
HP:0011124,20
HP:0010690,10
HP:0001734,10
HP:0004430,10
HP:0005387,15
HP:0004863,10
HP:0001904,10
HP:0008393,10
HP:0003383,15
HP:0006408,10
HP:0002850,10
HP:0100010,10
HP:3000065,10
HP:0009386,10
HP:0010501,25
HP:0100172,10
HP:0009943,10
HP:0009762,10
HP:0010886,10
HP:0040188,5
HP:0000188,10
HP:0004861,10
HP:0003885,10
HP:0004836,10
HP:0002156,10
HP:0012278,15
HP:0100773,10
HP:0009955,10
HP:0008922,10
HP:0012390,10
HP:0004719,10
HP:0033130,5
HP:0008489,10
HP:0003302,15
HP:0100341,10
HP:0010338,20
HP:0008407,10
HP:3000040,10
HP:0000868,10
HP:0004639,10
HP:0006254,15
HP:0045056,10
HP:0011892,10
HP:0100831,15
HP:0002335,10
HP:0004544,10
HP:0010132,10
HP:0000007,10
HP:0009222,10
HP:0003902,10
HP:0003897,20
HP:0005255,10
HP:0008629,10
HP:0008418,10
HP:0000029,10
HP:0007690,10
HP:0011706,20
HP:0008528,10
HP:0001472,10
HP:0100432,10
HP:0010186,30
HP:0003517,10
HP:0002322,10
HP:0005229,10
HP:0006772,10
HP:0008696,15
HP:0004760,10
HP:0003232,10
HP:0009572,10
HP:0009825,10
HP:0045060,5
HP:0003492,10
HP:0012029,20
HP:0005689,10
HP:0007704,10
HP:0012001,10
HP:0002043,10
HP:0010450,15
HP:0012629,10
HP:0005640,10
HP:0001444,10
HP:0006607,10
HP:0006901,10
HP:0005458,15
HP:0009625,10
HP:0007295,10
HP:0001092,10
HP:0011479,30
HP:0000187,15
HP:0009688,10
HP:0006725,10
HP:0004245,10
HP:0004235,15
HP:0100367,25
HP:0010079,10
HP:0010053,70
HP:0012581,10
HP:0000107,60
HP:0012467,10
HP:0005972,20
HP:0012819,10
HP:0001724,10
HP:0003349,10
HP:0008468,10
HP:0008490,25
HP:0009796,10
HP:0009838,10
HP:0009770,25
HP:0100465,10
HP:0010208,30
HP:0002580,10
HP:0000214,10
HP:0011140,10
HP:0000053,20
HP:0045058,25
HP:0000735,10
HP:0006157,10
HP:0006191,10
HP:0008655,15
HP:0012455,10
HP:0005397,10
HP:0010875,10
HP:0100511,25
HP:0011429,10
HP:0001403,10
HP:0002946,15
HP:0009144,20
HP:0004007,10
HP:0008846,10
HP:0001580,10
HP:0009405,10
HP:0005772,20
HP:0012692,10
HP:0012696,25
HP:0009780,10
HP:0006344,10
HP:0004121,10
HP:0011871,10
HP:0009422,10
HP:0009357,59
HP:0001706,10
HP:0004306,35
HP:0007655,10
HP:0006270,10
HP:0004947,20
HP:0100026,30
HP:0008819,10
HP:0004356,20
HP:0002684,10
HP:0001586,10
HP:0004320,25
HP:0000012,10
HP:0005794,10
HP:0100570,15
HP:0003329,10
HP:0009273,20
HP:0005722,10
HP:0005639,15
HP:0005645,10
HP:0002491,10
HP:0010055,15
HP:0007809,10
HP:0009374,10
HP:0004814,10
HP:0100752,10
HP:0030146,5
HP:0004851,10
HP:0001889,30
HP:0009390,10
HP:0100893,10
HP:0100892,25
HP:0100293,10
HP:3000018,10
HP:0003535,10
HP:0031980,15
HP:0010516,10
HP:0004203,10
HP:0010441,10
HP:0003265,10
HP:0010077,10
HP:0005863,10
HP:0012269,20
HP:0005849,10
HP:0002181,10
HP:0004264,10
HP:0001896,10
HP:0009691,10
HP:0011765,10
HP:0010827,10
HP:0012508,10
HP:0008589,15
HP:0012742,10
HP:0001742,10
HP:0004981,10
HP:0004035,25
HP:0012427,10
HP:0031069,10
HP:0005253,10
HP:0012150,10
HP:0005944,10
HP:0010615,10
HP:0003427,10
HP:0010080,10
HP:0011937,10
HP:0001800,15
HP:0100472,10
HP:0010389,20
HP:0006473,10
HP:0010631,10
HP:0006500,30
HP:0100602,10
HP:0010687,10
HP:0007822,10
HP:0008223,10
HP:0002657,10
HP:0005165,10
HP:0010711,10
HP:0011218,10
HP:0430000,5
HP:0012704,20
HP:0012703,30
HP:0005929,10
HP:0001501,10
HP:0100636,10
HP:0100380,10
HP:0003846,15
HP:0012318,10
HP:0009828,10
HP:0008702,10
HP:0012000,10
HP:0010599,10
HP:0100287,10
HP:0002411,15
HP:0011740,10
HP:0010891,15
HP:0006129,10
HP:0006769,10
HP:0008767,10
HP:0006158,10
HP:0006358,10
HP:0100854,15
HP:0011076,10
HP:0005575,10
HP:0000652,10
HP:0000625,20
HP:3000014,10
HP:0008111,10
HP:0000869,10
HP:0004616,10
HP:0001232,10
HP:0012444,10
HP:0010061,10
HP:0004139,10
HP:0005824,10
HP:0009232,10
HP:0004218,20
HP:0006977,10
HP:0002463,15
HP:0004607,10
HP:0100260,10
HP:0200012,10
HP:0200011,15
HP:0001273,35
HP:0012873,10
HP:0012872,15
HP:0009219,10
HP:0007569,10
HP:0004487,10
HP:0011414,10
HP:0003835,10
HP:0032153,15
HP:0010538,10
HP:0010666,10
HP:0006167,10
HP:0003359,10
HP:0012612,20
HP:0012679,10
HP:0000793,10
HP:0000099,30
HP:0006367,10
HP:0100555,10
HP:0009063,10
HP:0010024,10
HP:0009195,15
HP:0006984,10
HP:0012148,10
HP:0008242,10
HP:0012484,19
HP:0011268,10
HP:0009913,20
HP:0009448,10
HP:0009686,10
HP:0011778,10
HP:0008542,10
HP:0008523,10
HP:0012608,10
HP:0006582,10
HP:0008668,10
HP:0007748,10
HP:0012299,10
HP:0010390,19
HP:0005117,10
HP:0100473,10
HP:0003781,15
HP:0100755,25
HP:0007566,10
HP:0005882,20
HP:0200117,10
HP:0010278,10
HP:0010238,25
HP:0009017,10
HP:0006302,10
HP:0003759,10
HP:0100766,15
HP:0009593,10
HP:0007649,20
HP:0011512,30
HP:0006623,10
HP:0002310,10
HP:0009533,10
HP:0009497,25
HP:0010382,10
HP:0009934,10
HP:0100002,10
HP:0100001,15
HP:0002711,10
HP:0002574,10
HP:0002027,20
HP:0007185,10
HP:0004372,50
HP:0010692,10
HP:0009920,10
HP:0009101,10
HP:5201010,5
HP:0003738,10
HP:0003326,15
HP:0001196,10
HP:0012120,10
HP:0005401,10
HP:0007620,10
HP:0003928,10
HP:0003859,15
HP:0005758,10
HP:0009004,15
HP:0008480,10
HP:0046508,15
HP:0001195,10
HP:0010948,20
HP:0010313,10
HP:0006230,10
HP:0008251,10
HP:0100536,10
HP:0100580,10
HP:3000022,10
HP:0007553,10
HP:0009716,10
HP:0011796,10
HP:0008643,20
HP:0011794,30
HP:0009540,10
HP:0012121,10
HP:0001459,10
HP:0006045,10
HP:0008071,10
HP:0200039,10
HP:0100401,20
HP:0007449,10
HP:0020073,5
HP:0012733,15
HP:0008421,10
HP:0004570,20
HP:0000361,10
HP:3000003,10
HP:0000886,10
HP:0008051,10
HP:0002292,10
HP:0011360,20
HP:0006417,20
HP:0006088,10
HP:0005363,10
HP:3000077,10
HP:0001331,10
HP:0011417,10
HP:0008383,10
HP:0030807,5
HP:0004290,10
HP:0011396,13
HP:0003828,10
HP:0003812,15
HP:0008360,10
HP:0003075,15
HP:0002290,10
HP:0011365,20
HP:0010199,30
HP:0007190,10
HP:0012054,10
HP:0007716,20
HP:0100151,10
HP:0003139,10
HP:0010752,10
HP:0011642,20
HP:0010284,10
HP:0100669,20
HP:0100671,15
HP:0100877,10
HP:0005400,10
HP:0009977,10
HP:0004470,10
HP:0009851,10
HP:0002929,10
HP:0012325,10
HP:0004020,10
HP:0007208,10
HP:0003944,10
HP:0003943,15
HP:0011451,10
HP:0009899,10
HP:0009895,50
HP:0012367,10
HP:0008537,10
HP:0005336,10
HP:0001287,15
HP:0004566,10
HP:0010443,10
HP:0012858,10
HP:0012097,10
HP:0012068,10
HP:0200047,10
HP:0010035,10
HP:0009659,15
HP:0009812,10
HP:0010637,10
HP:0011364,10
HP:0200133,10
HP:0005977,10
HP:0002637,10
HP:0033401,5
HP:0025323,12
HP:0030163,17
HP:0005236,10
HP:0005829,10
HP:0003059,20
HP:0100460,10
HP:0010820,10
HP:0025613,10
HP:0100217,10
HP:0100081,25
HP:0011936,10
HP:0003234,20
HP:0011562,10
HP:0012277,10
HP:0005220,10
HP:0200034,20
HP:0004573,10
HP:0006934,10
HP:0009372,10
HP:0007326,10
HP:0009071,10
HP:0006919,10
HP:0011985,10
HP:0100526,10
HP:0002176,15
HP:0002333,10
HP:0100477,10
HP:0004763,15
HP:0012565,10
HP:0009406,10
HP:0009790,10
HP:0009165,10
HP:0005390,10
HP:0005101,10
HP:0011399,10
HP:0011549,10
HP:0100572,10
HP:0006698,15
HP:0000150,20
HP:0005218,10
HP:0004871,20
HP:0100589,25
HP:0012646,10
HP:0100442,10
HP:0010953,10
HP:0005033,10
HP:0100445,10
HP:0008202,10
HP:0040086,5
HP:0005879,10
HP:0008747,10
HP:0004792,10
HP:0011174,10
HP:0010347,10
HP:3000032,10
HP:0410006,15
HP:3000062,30
HP:0007832,10
HP:0012059,10
HP:0100392,10
HP:0003091,10
HP:0010834,15
HP:0012765,10
HP:0005739,10
HP:0003048,15
HP:0010341,25
HP:0000547,10
HP:0012624,10
HP:0001756,15
HP:0003066,10
HP:0010604,15
HP:0010732,34
HP:0009858,10
HP:0009774,25
HP:0100194,10
HP:0001782,10
HP:0010544,20
HP:0009746,10
HP:0007414,10
HP:0007524,10
HP:0004472,10
HP:0005465,20
HP:0004493,25
HP:0009709,10
HP:0010495,10
HP:0011828,10
HP:0009185,10
HP:0009183,25
HP:0003652,10
HP:0002913,20
HP:0000794,10
HP:0030949,15
HP:0000705,10
HP:0012518,15
HP:0007456,10
HP:0100922,10
HP:0002594,10
HP:0011673,10
HP:0410266,5
HP:0005688,10
HP:0005941,10
HP:0004879,15
HP:0100485,10
HP:0006591,10
HP:0002357,10
HP:0012671,10
HP:0011860,10
HP:3000066,10
HP:0000151,10
HP:0011774,20
HP:0003647,10
HP:0010227,10
HP:0009993,10
HP:0005791,10
HP:0009905,10
HP:0012761,10
HP:0010006,25
HP:0010498,10
HP:0100559,10
HP:0008076,10
HP:0009132,15
HP:0012476,10
HP:0012475,25
HP:0007407,10
HP:0007392,20
HP:0010855,10
HP:0011201,20
HP:0012740,15
HP:0011049,10
HP:0000690,20
HP:0200153,15
HP:0008420,10
HP:0007721,10
HP:0012482,10
HP:0012481,15
HP:0012480,20
HP:0003563,15
HP:0010981,25
HP:0005517,10
HP:0003682,10
HP:0003438,10
HP:0200101,15
HP:0100012,10
HP:0001735,10
HP:0000454,10
HP:0011939,10
HP:0010022,10
HP:0100163,10
HP:0011163,10
HP:0009646,10
HP:0010746,10
HP:0010888,10
HP:0100323,15
HP:0003947,10
HP:0003840,20
HP:0001412,10
HP:0006562,20
HP:0011202,10
HP:0001013,10
HP:0000385,10
HP:0000867,10
HP:0011581,10
HP:0000808,10
HP:0005343,10
HP:0007158,10
HP:0007076,15
HP:0003456,10
HP:0010744,15
HP:0002478,10
HP:0002191,15
HP:0000060,10
HP:0012815,15
HP:0010333,20
HP:0007095,10
HP:0003889,15
HP:0005974,10
HP:0100174,10
HP:0012620,20
HP:0012451,10
HP:0009296,10
HP:0009283,45
HP:0008072,10
HP:0007937,10
HP:0007769,28
HP:0005912,20
HP:0012440,75
HP:0009348,10
HP:0009527,10
HP:0007812,10
HP:0012804,15
HP:0003308,20
HP:0004783,10
HP:0030256,5
HP:0007835,10
HP:0010904,15
HP:0010486,15
HP:0010150,10
HP:0006350,10
HP:0002672,21
HP:0006749,26
HP:0012630,15
HP:0004383,10
HP:0007089,10
HP:0002380,23
HP:0000039,10
HP:0100507,10
HP:0040087,5
HP:0012335,20
HP:0100230,10
HP:0010349,20
HP:0009159,10
HP:0009423,10
HP:0008711,10
HP:0011525,10
HP:0011490,19
HP:0009548,10
HP:0011924,10
HP:0003883,10
HP:0006161,10
HP:0007892,10
HP:0000535,10
HP:0011160,10
HP:0008226,10
HP:0011773,10
HP:0005994,20
HP:0010156,10
HP:0011779,10
HP:0100515,10
HP:0005952,10
HP:0012290,10
HP:0000866,10
HP:0009798,15
HP:0100953,10
HP:0011665,10
HP:0003559,10
HP:0011820,10
HP:0000756,10
HP:5200232,5
HP:0006040,10
HP:0012416,10
HP:0500164,10
HP:0010537,10
HP:0010626,10
HP:0002682,10
HP:0004609,10
HP:0002312,10
HP:0010418,10
HP:0010190,30
HP:0010404,20
HP:0010194,40
HP:0007744,10
HP:0012162,10
HP:0010115,20
HP:0000526,10
HP:0008053,35
HP:0100754,10
HP:0010648,10
HP:0001084,10
HP:0008011,15
HP:0100345,10
HP:0008079,10
HP:0010474,10
HP:0100673,10
HP:0009758,10
HP:0005274,10
HP:0005802,10
HP:0007598,10
HP:0000954,15
HP:0002724,10
HP:0010198,10
HP:0012512,10
HP:0007365,15
HP:0002492,40
HP:0011487,10
HP:0009331,10
HP:0007508,10
HP:0002470,10
HP:0100911,10
HP:0011348,10
HP:0008339,10
HP:0008460,10
HP:0009908,10
HP:0003562,10
HP:0010822,10
HP:0000575,30
HP:0011857,10
HP:0008872,30
HP:0008456,10
HP:0007961,10
HP:0005042,10
HP:0004478,10
HP:0004038,10
HP:0011057,10
HP:0011661,10
HP:0010264,10
HP:0100483,10
HP:0009573,10
HP:0012746,10
HP:0004646,10
HP:0000607,10
HP:0010583,10
HP:0012837,10
HP:0002057,10
HP:0005973,10
HP:0012667,10
HP:0100102,10
HP:0010233,25
HP:0005241,10
HP:0004362,45
HP:0025028,40
HP:0012341,10
HP:0010726,10
HP:0003113,10
HP:0011422,20
HP:3000030,10
HP:0009822,10
HP:0006434,10
HP:0100837,10
HP:0100816,10
HP:0011381,10
HP:0011380,25
HP:0004943,10
HP:0011989,10
HP:0011335,10
HP:0009464,10
HP:0006012,10
HP:0012216,10
HP:0012212,20
HP:0010465,10
HP:0010731,10
HP:0007830,10
HP:0010941,10
HP:0010940,15
HP:0010939,20
HP:0010937,25
HP:0000176,10
HP:0410005,5
HP:0006406,10
HP:0008269,10
HP:0004955,10
HP:0005116,25
HP:0004948,28
HP:0001693,25
HP:0100028,20
HP:0008188,25
HP:0005245,10
HP:0010607,10
HP:0010606,18
HP:0001694,10
HP:0001915,10
HP:0007928,15
HP:0000649,35
HP:0009117,10
HP:0000655,10
HP:0003882,10
HP:0006880,10
HP:0001264,10
HP:0006877,10
HP:0001983,10
HP:0031383,5
HP:0005853,10
HP:0012687,10
HP:0007980,10
HP:0002243,10
HP:0003810,10
HP:3000029,10
HP:0001032,15
HP:0006109,30
HP:0006143,40
HP:0000887,25
HP:0004963,20
HP:0009297,10
HP:0004195,25
HP:0003421,10
HP:0000199,10
HP:0008144,10
HP:0011289,10
HP:0003275,10
HP:0011293,10
HP:0012821,10
HP:0008236,10
HP:0008400,10
HP:0040039,5
HP:0006200,15
HP:0010289,10
HP:0003401,10
HP:0010740,10
HP:0031367,5
HP:0012466,10
HP:0000667,10
HP:0000216,10
HP:0008677,10
HP:0000100,30
HP:0010889,10
HP:0004248,20
HP:0005612,10
HP:0005648,10
HP:0007923,10
HP:0009603,20
HP:0004762,10
HP:0001707,30
HP:0002842,10
HP:0010059,10
HP:0002249,10
HP:0007165,10
HP:0010947,10
HP:0034190,20
HP:0005354,10
HP:0012775,10
HP:0007856,15
HP:0008729,10
HP:0012038,10
HP:0200066,10
HP:0007705,15
HP:0100315,10
HP:0100040,10
HP:0009752,10
HP:0001241,10
HP:0010304,10
HP:0009384,10
HP:0011651,10
HP:0010678,10
HP:0010964,25
HP:0004359,60
HP:0011653,10
HP:0002876,10
HP:0006593,10
HP:0002666,19
HP:0006332,10
HP:0011064,20
HP:0003979,10
HP:0004913,10
HP:0004405,10
HP:0008256,20
HP:0011501,10
HP:0010063,15
HP:0009532,10
HP:0100825,10
HP:0008647,10
HP:0008197,15
HP:0010247,10
HP:0100609,10
HP:0000841,10
HP:0009116,10
HP:0006849,10
HP:0001989,10
HP:0003489,10
HP:0009289,10
HP:0006095,10
HP:0008573,10
HP:0001128,10
HP:0010728,10
HP:0008061,20
HP:0011249,10
HP:0009896,35
HP:0010478,25
HP:0007408,10
HP:0000143,10
HP:0008794,10
HP:0011867,40
HP:0006190,10
HP:0000149,10
HP:0005564,10
HP:0005932,20
HP:0009742,10
HP:0001387,25
HP:0008112,10
HP:0034677,10
HP:0008998,10
HP:0005258,20
HP:0001955,10
HP:0001400,10
HP:0007675,10
HP:0002590,10
HP:0005590,10
HP:0010805,10
HP:0009229,10
HP:0011649,10
HP:0100190,10
HP:0100076,25
HP:0005402,10
HP:0006446,10
HP:0008464,10
HP:0008516,15
HP:3000070,10
HP:0430019,20
HP:0100552,20
HP:0005461,10
HP:0006311,10
HP:0009679,10
HP:0003934,10
HP:0007204,10
HP:0010542,10
HP:0002732,10
HP:0007240,10
HP:0003382,10
HP:0007605,10
HP:0100241,10
HP:0011269,10
HP:0011698,10
HP:0011694,25
HP:0100423,10
HP:0003643,10
HP:0012140,10
HP:0005364,10
HP:0010255,10
HP:0010237,25
HP:0003295,10
HP:0009257,10
HP:0002613,10
HP:0006121,10
HP:0031917,5
HP:0002924,10
HP:0000410,10
HP:0012395,10
HP:0009429,10
HP:0009421,20
HP:0008822,10
HP:0010795,10
HP:0010468,15
HP:3000050,10
HP:0012061,10
HP:0010471,20
HP:0031979,20
HP:0012634,10
HP:0011435,10
HP:0011436,40
HP:0003656,10
HP:0006334,10
HP:0004196,10
HP:0011393,10
HP:0100143,10
HP:0100063,25
HP:0011859,10
HP:0007949,10
HP:0012376,10
HP:0008063,20
HP:0011340,10
HP:0006599,10
HP:0005010,10
HP:0007009,10
HP:0100096,10
HP:0010335,25
HP:0004922,10
HP:0002074,10
HP:0012839,10
HP:0004565,15
HP:0007676,25
HP:0002847,10
HP:0005372,35
HP:0100907,10
HP:0009389,10
HP:0004571,10
HP:0012279,10
HP:0008094,10
HP:0100285,15
HP:0005070,10
HP:0010629,10
HP:0001119,10
HP:0010546,10
HP:0009099,10
HP:0006524,10
HP:0012555,10
HP:0001802,20
HP:0010803,10
HP:0008416,10
HP:0011437,15
HP:0010130,10
HP:0003969,10
HP:0004591,10
HP:0011158,10
HP:0000721,10
HP:5200104,5
HP:0100899,10
HP:0012888,16
HP:0005857,10
HP:0011374,10
HP:0011373,20
HP:0008554,25
HP:0012413,10
HP:0000021,10
HP:0003448,10
HP:0011385,10
HP:0011384,25
HP:0007990,10
HP:0002248,10
HP:0003768,20
HP:0012402,10
HP:0012401,20
HP:0009023,10
HP:0012078,10
HP:0012365,10
HP:0000497,10
HP:0011347,20
HP:0012022,10
HP:0010256,10
HP:0200015,10
HP:0008964,10
HP:0005183,10
HP:0006070,10
HP:0007668,10
HP:0011584,10
HP:0200138,10
HP:0012005,10
HP:0012004,20
HP:0012002,25
HP:0033346,25
HP:0012787,10
HP:0006339,10
HP:0011031,25
HP:0001450,10
HP:0010129,10
HP:0010282,10
HP:0009735,15
HP:0010224,10
HP:0010012,13
HP:0004825,10
HP:0020054,15
HP:0009252,10
HP:0009220,10
HP:0030353,10
HP:0030352,5
HP:0025092,10
HP:0003459,10
HP:0011624,10
HP:0009323,10
HP:0009292,10
HP:0100037,10
HP:0008255,10
HP:0000857,15
HP:0000831,25
HP:0100429,10
HP:0010204,30
HP:0006888,10
HP:0006821,10
HP:0007338,10
HP:0012191,10
HP:0011837,10
HP:0002720,20
HP:0011120,10
HP:0000749,10
HP:0000748,15
HP:5200029,20
HP:0006779,10
HP:0100882,10
HP:0010566,35
HP:0011272,10
HP:0004017,10
HP:0003986,15
HP:0009414,10
HP:0012798,10
HP:0012797,15
HP:0008191,10
HP:0012479,10
HP:0009623,10
HP:0009501,10
HP:0000015,20
HP:0010846,10
HP:0011176,37
HP:0004174,10
HP:0007597,10
HP:0001152,20
HP:0010088,10
HP:0008000,10
HP:0034251,5
HP:0009968,10
HP:0008030,10
HP:0011291,10
HP:0010775,10
HP:0002193,10
HP:0009391,10
HP:0012678,10
HP:0012675,15
HP:0003870,10
HP:0012042,10
HP:0012706,10
HP:0025047,5
HP:0011597,10
HP:0005019,10
HP:0000111,10
HP:0100478,10
HP:0003343,10
HP:0100942,10
HP:0200125,10
HP:0009956,10
HP:0009945,20
HP:0010066,20
HP:0009460,10
HP:0009318,20
HP:0007943,10
HP:0007390,10
HP:0100059,25
HP:0012225,10
HP:0100844,10
HP:0100118,10
HP:0100051,23
HP:0100004,10
HP:0010410,10
HP:0010353,20
HP:0100874,10
HP:0012578,10
HP:0008341,15
HP:0012100,15
HP:0012879,10
HP:0006858,10
HP:0008739,10
HP:0011758,10
HP:0100898,15
HP:0004729,10
HP:0004262,10
HP:0100334,10
HP:0009818,10
HP:0009857,10
HP:0009773,25
HP:0008469,10
HP:0004386,15
HP:0000619,10
HP:0011465,10
HP:0011464,15
HP:0004554,10
HP:0100711,10
HP:0010106,10
HP:0009425,10
HP:0009177,10
HP:0006670,10
HP:0006673,20
HP:0012807,10
HP:0100891,10
HP:0001151,10
HP:0007772,20
HP:0009692,10
HP:0007453,10
HP:0100725,15
HP:0001995,10
HP:0100668,10
HP:0008024,10
HP:0002585,35
HP:0009212,10
HP:0100626,10
HP:0008240,10
HP:0011428,10
HP:0010928,10
HP:3000025,10
HP:0410016,5
HP:0410014,5
HP:0012854,10
HP:0012169,10
HP:0000125,10
HP:0008424,10
HP:0011305,10
HP:0012711,10
HP:0012611,10
HP:0011171,10
HP:0012412,10
HP:0005268,10
HP:0003719,10
HP:0100130,10
HP:0100052,25
HP:0001362,10
HP:0012560,10
HP:0012558,20
HP:0006239,10
HP:0008433,10
HP:0011940,10
HP:0006470,10
HP:0100274,10
HP:0000632,30
HP:0012293,10
HP:0006531,10
HP:0011440,10
HP:0100394,10
HP:0100368,25
HP:0010343,45
HP:0011142,10
HP:0010207,10
HP:0003051,15
HP:0008477,10
HP:0100856,15
HP:0001006,10
HP:0005473,10
HP:0002839,10
HP:0009306,10
HP:0011044,10
HP:0200118,10
HP:0100108,10
HP:0009983,10
HP:0009974,25
HP:0002494,10
HP:0003249,10
HP:0005254,10
HP:0007397,10
HP:0000590,10
HP:0009375,10
HP:0003182,10
HP:0012356,10
HP:0006581,10
HP:0030059,5
HP:0004232,20
HP:0009608,10
HP:0000896,10
HP:0002533,10
HP:0005609,10
HP:0100858,10
HP:0002636,30
HP:0002617,45
HP:0011537,10
HP:0011790,10
HP:0004704,10
HP:0008089,15
HP:0009705,15
HP:0000825,10
HP:0000842,20
HP:0002604,10
HP:0005326,10
HP:0011598,10
HP:0004047,10
HP:0003856,20
HP:0009761,10
HP:0011475,10
HP:0003358,10
HP:0002464,10
HP:0006216,10
HP:0005520,10
HP:0005521,20
HP:0000907,10
HP:0007542,10
HP:0040007,5
HP:0004423,10
HP:0011635,10
HP:0009699,10
HP:0003974,20
HP:0012224,10
HP:0009060,10
HP:0001465,15
HP:0004490,10
HP:0005526,15
HP:0009164,15
HP:0003397,10
HP:0002138,10
HP:0002170,45
HP:0002810,10
HP:0008441,10
HP:3000067,10
HP:0004972,10
HP:0011418,10
HP:0007792,10
HP:0005934,10
HP:0031801,5
HP:0005453,25
HP:0011822,10
HP:0012617,10
HP:0031197,9
HP:0012615,19
HP:0012614,34
HP:0010560,10
HP:0011629,10
HP:0006392,19
HP:0003534,10
HP:0003865,10
HP:0003971,15
HP:0004835,10
HP:0003494,10
HP:0010100,10
HP:0006368,10
HP:0200127,10
HP:0004277,10
HP:0100531,10
HP:0003335,10
HP:0006232,10
HP:0006026,10
HP:0012497,10
HP:0009697,10
HP:0006366,10
HP:0200043,10
HP:0100284,10
HP:0010432,10
HP:0010413,20
HP:0011785,10
HP:0010826,10
HP:3000075,15
HP:0045010,15
HP:0006389,10
HP:0100566,10
HP:0100561,40
HP:0003262,10
HP:0003900,10
HP:0003844,15
HP:0004784,10
HP:0004390,25
HP:0002487,10
HP:0010234,24
HP:0000674,10
HP:0009169,10
HP:0010992,10
HP:0012541,10
HP:0005781,10
HP:0011060,10
HP:0000816,25
HP:0002792,10
HP:0100833,10
HP:0009295,10
HP:0006415,10
HP:0002271,10
HP:0007334,10
HP:0009597,10
HP:0009031,10
HP:0003903,10
HP:0009264,10
HP:0001129,10
HP:0009007,10
HP:0009782,20
HP:0012058,10
HP:0008656,10
HP:0003146,10
HP:0011022,20
HP:0006597,10
HP:0008762,10
HP:0012656,10
HP:0012654,20
HP:0100220,10
HP:0100084,24
HP:0004053,10
HP:0011187,10
HP:0007727,15
HP:0003086,10
HP:0003027,25
HP:0001011,10
HP:0010773,15
HP:0005208,10
HP:0001076,10
HP:0012766,10
HP:0007761,10
HP:0006955,10
HP:0004434,10
HP:0005407,10
HP:0011002,10
HP:0012584,10
HP:0006147,10
HP:0005613,15
HP:0005964,10
HP:0002045,13
HP:0008783,10
HP:0100136,10
HP:0100056,25
HP:0005327,10
HP:0010504,10
HP:0007647,10
HP:0007661,10
HP:0012726,10
HP:0010510,10
HP:0012554,10
HP:0001817,20
HP:0012545,10
HP:0010497,10
HP:0010810,10
HP:0008162,10
HP:0011303,10
HP:0000260,10
HP:0007348,10
HP:0007363,20
HP:0009417,10
HP:0010961,10
HP:0002256,25
HP:0007438,10
HP:0004491,10
HP:0012812,15
HP:0010072,10
HP:0100310,10
HP:0003371,10
HP:3000017,10
HP:0011139,10
HP:0000773,20
HP:0009903,10
HP:0011604,10
HP:0003226,10
HP:0012227,10
HP:0008661,20
HP:0011298,10
HP:0007395,10
HP:0007384,10
HP:0005947,10
HP:0010444,10
HP:0008577,15
HP:0008544,30
HP:0009976,10
HP:0002688,10
HP:0009119,20
HP:0008462,10
HP:0005881,15
HP:0003862,10
HP:0006507,20
HP:0012776,10
HP:0012850,10
HP:0011116,10
HP:0003341,10
HP:0033804,5
HP:0033801,5
HP:0004860,10
HP:3000071,10
HP:0003248,10
HP:0011760,10
HP:0002033,10
HP:0002743,15
HP:0010791,10
HP:0010789,18
HP:0008946,10
HP:0011207,10
HP:0004326,10
HP:0003357,10
HP:0008498,10
HP:0003392,10
HP:0008369,35
HP:0100512,10
HP:0007048,10
HP:0005583,10
HP:0020131,5
HP:0001722,10
HP:0002318,15
HP:0011117,10
HP:0001962,10
HP:0004664,10
HP:0011513,10
HP:0007797,15
HP:0004601,10
HP:0011154,15
HP:0001305,10
HP:0100450,10
HP:0010727,10
HP:0000610,15
HP:0005967,10
HP:0001401,10
HP:0011040,25
HP:0003362,10
HP:3000041,10
HP:0007818,10
HP:0001100,20
HP:0200064,25
HP:0100444,10
HP:0012382,10
HP:0010260,10
HP:0010231,22
HP:0007717,10
HP:0011908,10
HP:0200000,10
HP:0001428,10
HP:0006637,10
HP:0004499,10
HP:0002257,15
HP:0011471,10
HP:3000052,10
HP:0009287,10
HP:0002822,10
HP:0005921,10
HP:0008402,10
HP:0004768,10
HP:0006986,10
HP:0008452,10
HP:0000809,10
HP:0000297,10
HP:0000451,10
HP:0012388,10
HP:0011817,10
HP:0006337,10
HP:0005026,10
HP:0005164,10
HP:0004920,10
HP:0032368,10
HP:0008036,10
HP:0007404,10
HP:0001039,10
HP:0008293,10
HP:0008478,10
HP:0005423,10
HP:0005482,20
HP:0100434,10
HP:0010361,20
HP:0200120,10
HP:0005206,10
HP:0007066,10
HP:0003561,10
HP:0007573,10
HP:0011321,10
HP:0012715,10
HP:0008435,10
HP:0004606,15
HP:0007346,10
HP:0005187,10
HP:0100116,10
HP:0012668,10
HP:0007702,10
HP:0005379,10
HP:0012613,10
HP:0009996,10
HP:0009987,25
HP:0100087,25
HP:0005157,10
HP:0010268,10
HP:0010228,25
HP:0009892,10
HP:0011078,10
HP:0005133,10
HP:0011621,10
HP:0009829,10
HP:0012606,10
HP:0012603,25
HP:0007277,10
HP:0012564,10
HP:0010316,10
HP:0100349,10
HP:0001836,30
HP:0010097,10
HP:0010084,20
HP:0012218,10
HP:0008789,10
HP:0008132,10
HP:0011143,10
HP:0012220,10
HP:0002955,20
HP:0100663,10
HP:0006431,10
HP:0011052,10
HP:0011051,18
HP:0003923,10
HP:0000757,10
HP:0010265,10
HP:0010236,25
HP:0005441,10
HP:0006579,10
HP:0010882,10
HP:0007782,10
HP:0010373,20
HP:0009513,10
HP:0009488,25
HP:0011351,10
HP:0010616,10
HP:0007691,10
HP:0004846,10
HP:0006277,10
HP:0008610,10
HP:0011474,25
HP:0011459,10
HP:0007425,10
HP:0005151,10
HP:0005234,10
HP:0009102,10
HP:0003791,10
HP:0011715,10
HP:0007574,10
HP:0011467,10
HP:0001105,25
HP:0010933,10
HP:0004368,15
HP:0010699,10
HP:0009693,10
HP:0100272,10
HP:0012066,10
HP:0003572,10
HP:0100343,10
HP:0005899,10
HP:0007740,10
HP:0000527,20
HP:0008124,10
HP:0008833,10
HP:0007529,10
HP:0003975,10
HP:0100541,10
HP:0007589,10
HP:0001057,38
HP:0100656,15
HP:0009342,10
HP:0011959,10
HP:0004273,10
HP:0009978,10
HP:0009973,25
HP:0004268,20
HP:0011146,10
HP:0009461,10
HP:0004524,10
HP:0003524,10
HP:0005833,10
HP:0011167,10
HP:0100312,10
HP:0100620,13
HP:0100728,24
HP:0010785,29
HP:0010787,34
HP:0001003,10
HP:0000255,10
HP:0009624,10
HP:0005141,10
HP:0009328,10
HP:0000897,10
HP:0004247,10
HP:0010989,30
HP:0100100,10
HP:0009184,10
HP:0003557,10
HP:0005442,10
HP:0011567,10
HP:0001958,10
HP:0007220,10
HP:0011406,10
HP:0011068,10
HP:0003149,10
HP:0011529,10
HP:0005048,10
HP:0005285,10
HP:0008817,10
HP:0100467,10
HP:0200128,10
HP:0001714,15
HP:0003137,10
HP:0005310,10
HP:0004241,10
HP:0009740,10
HP:0011593,10
HP:0031055,25
HP:0007086,10
HP:0011637,20
HP:0011636,30
HP:0010723,10
HP:0001960,15
HP:0006558,10
HP:0008676,10
HP:0005991,10
HP:0006694,10
HP:0005146,15
HP:0012213,10
HP:0010285,10
HP:0006687,10
HP:0100954,10
HP:0012128,10
HP:0009612,20
HP:0008978,10
HP:0010290,10
HP:0100737,20
HP:0001772,10
HP:0004394,10
HP:0011825,10
HP:0200119,10
HP:0010076,20
HP:0007420,10
HP:0007922,10
HP:0007866,10
HP:0005479,10
HP:0004389,10
HP:0008691,10
HP:0012080,10
HP:0010124,10
HP:0007756,10
HP:0008142,10
HP:0008103,15
HP:0200050,10
HP:0100305,10
HP:0100796,10
HP:0001454,10
HP:0009462,10
HP:0009317,20
HP:0010225,10
HP:0009855,10
HP:0009467,10
HP:0008967,10
HP:0006872,10
HP:0008330,10
HP:0010277,10
HP:0004031,10
HP:0012549,10
HP:0011206,10
HP:0009642,10
HP:0008484,10
HP:0007786,10
HP:0100726,10
HP:0100218,10
HP:0100082,25
HP:0011643,10
HP:0100053,25
HP:0011080,20
HP:0005745,10
HP:0010393,10
HP:0011093,10
HP:0012723,10
HP:0010710,10
HP:0008186,10
HP:0011776,10
HP:0006744,10
HP:0100864,10
HP:0007146,10
HP:0010559,10
HP:0010558,15
HP:0010469,10
HP:0011419,10
HP:0012660,10
HP:0200105,10
HP:0001827,10
HP:0003919,10
HP:0003918,20
HP:0008318,10
HP:0002194,12
HP:0009519,10
HP:0009494,24
HP:3000027,10
HP:0000430,10
HP:0006011,10
HP:0006834,10
HP:0007281,15
HP:0002050,10
HP:0010912,15
HP:0010892,45
HP:0010923,10
HP:0009650,10
HP:0004629,10
HP:0012045,10
HP:0000471,10
HP:0100674,10
HP:0006641,10
HP:0007341,10
HP:0007193,10
HP:0006426,10
HP:0004024,10
HP:0004023,15
HP:0001982,10
HP:0010868,10
HP:0011483,10
HP:0100453,10
HP:0010844,10
HP:0007917,15
HP:0009883,20
HP:0002886,10
HP:0012314,10
HP:0010401,10
HP:0006903,10
HP:0100642,10
HP:0009988,10
HP:0012738,10
HP:0012774,10
HP:0009941,10
HP:0005290,10
HP:0001879,10
HP:0011663,10
HP:0011132,10
HP:0004239,15
HP:0010764,10
HP:0007396,10
HP:0010954,10
HP:0004855,10
HP:0030780,14
HP:0010804,10
HP:0011180,10
HP:0011179,15
HP:0009392,10
HP:0009056,10
HP:0006812,10
HP:0004367,10
HP:0009878,10
HP:0010877,10
HP:0007162,10
HP:0007305,25
HP:0100003,10
HP:0008216,15
HP:0011674,10
HP:0010440,10
HP:0007249,10
HP:0100440,10
HP:0003720,10
HP:0006559,10
HP:0006994,10
HP:0008697,10
HP:3000074,10
HP:0006964,10
HP:0008694,10
HP:0010639,10
HP:0012557,10
HP:0007519,10
HP:0100762,10
HP:0010680,10
HP:0000933,10
HP:0007109,15
HP:0002518,23
HP:0100373,10
HP:0009909,10
HP:0007738,10
HP:0010026,10
HP:0007417,10
HP:0100806,10
HP:0100525,10
HP:3000046,10
HP:0011006,30
HP:0000913,10
HP:0100647,10
HP:0010428,10
HP:0009418,10
HP:0100632,20
HP:0001061,10
HP:0003587,10
HP:0011008,30
HP:0009687,10
HP:0100317,10
HP:0100486,10
HP:0005068,10
HP:0000503,10
HP:0011685,10
HP:0025575,35
HP:0009016,10
HP:0001467,15
HP:0008039,10
HP:0004810,10
HP:0001908,20
HP:0009299,10
HP:0010518,10
HP:0010273,10
HP:0002552,10
HP:0100750,10
HP:0000725,10
HP:0100563,10
HP:0100103,10
HP:0011578,10
HP:0010475,10
HP:0001093,10
HP:0009950,10
HP:0009948,20
HP:0006413,10
HP:0006491,20
HP:0010506,10
HP:0006668,10
HP:0006533,10
HP:0012561,10
HP:0009290,10
HP:0009280,20
HP:0000148,10
HP:0004291,10
HP:0100173,10
HP:0100070,25
HP:0100785,10
HP:0012799,10
HP:0004800,10
HP:3000058,10
HP:0003351,10
HP:0040084,10
HP:0008796,10
HP:0009510,10
HP:0007268,10
HP:0001525,10
HP:0002006,20
HP:0012280,10
HP:0100187,10
HP:0012026,10
HP:0012025,15
HP:0003001,10
HP:0012013,10
HP:0011576,10
HP:0009756,10
HP:0001059,40
HP:0003555,10
HP:0011053,10
HP:0007903,10
HP:0012030,10
HP:0005429,10
HP:0003573,10
HP:0100226,10
HP:0100079,25
HP:0011994,15
HP:0002622,10
HP:0012230,10
HP:0003853,10
HP:0003854,25
HP:0010422,10
HP:0010967,10
HP:0010966,20
HP:0010220,10
HP:0006956,10
HP:0001929,10
HP:0004143,10
HP:0012824,35
HP:0005312,10
HP:0009355,10
HP:0002816,10
HP:0010500,15
HP:0034670,10
HP:0006346,10
HP:0010531,10
HP:0100150,10
HP:0008031,10
HP:0010695,15
HP:0200107,10
HP:0001852,10
HP:0001885,10
HP:0100300,10
HP:0011257,10
HP:0001379,10
HP:0012048,10
HP:0012669,10
HP:0009911,10
HP:0008150,10
HP:0000758,15
HP:0009268,10
HP:0100706,15
HP:0007587,10
HP:0009431,10
HP:0005900,10
HP:0100653,15
HP:0008952,10
HP:0001464,15
HP:0011925,10
HP:0002149,10
HP:0100518,10
HP:0000228,20
HP:0011726,10
HP:0005665,10
HP:0006731,10
HP:0004820,10
HP:0005294,15
HP:0008432,10
HP:0010593,20
HP:0001905,10
HP:0010025,10
HP:0009171,15
HP:0011935,10
HP:0007441,15
HP:0009123,35
HP:0009776,10
HP:0004864,10
HP:0009840,10
HP:0009044,10
HP:0008327,10
HP:0009500,10
HP:0010543,10
HP:0004734,10
HP:0000803,15
HP:0009724,10
HP:0009723,15
HP:0004619,10
HP:0010134,10
HP:0007479,10
HP:0007431,20
HP:0006179,10
HP:0100109,10
HP:0100288,10
HP:0009634,10
HP:0006564,10
HP:0009595,10
HP:0005265,15
HP:0100809,10
HP:0010090,10
HP:0011184,10
HP:0010858,20
HP:0009158,10
HP:0009385,15
HP:0012520,10
HP:0000033,10
HP:0200129,10
HP:0004250,10
HP:0005059,10
HP:0003473,10
HP:0100304,10
HP:0100556,25
HP:0008598,10
HP:0006298,10
HP:0011824,10
HP:0100925,10
HP:0006146,10
HP:0008491,10
HP:0002738,10
HP:0009455,10
HP:0003612,10
HP:0100246,10
HP:0010617,10
HP:0008297,10
HP:0003878,10
HP:0030314,5
HP:0030313,5
HP:0007074,10
HP:0011801,10
HP:0009747,10
HP:0009889,20
HP:0012778,10
HP:0009594,15
HP:0010911,10
HP:0004357,15
HP:0009526,10
HP:0002365,10
HP:0007362,15
HP:0005625,10
HP:0011397,20
HP:0012383,10
HP:0007987,10
HP:0100167,10
HP:3000047,10
HP:0012142,10
HP:0009298,10
HP:0012532,10
HP:0009312,10
HP:0000117,10
HP:0100630,15
HP:0007932,10
HP:0011499,15
HP:0001181,10
HP:0100961,10
HP:0025100,5
HP:0007343,15
HP:0008763,10
HP:0008419,10
HP:0011818,10
HP:0005876,10
HP:0005036,10
HP:0003085,10
HP:0012123,10
HP:0001071,10
HP:0001014,15
HP:0003398,20
HP:0030191,15
HP:0010359,10
HP:0010733,10
HP:0100191,10
HP:0007677,10
HP:0030500,10
HP:0000848,10
HP:0002475,10
HP:0034237,5
HP:0045005,5
HP:0410043,5
HP:0010632,10
HP:0006881,10
HP:0002111,10
HP:0009745,10
HP:0006397,10
HP:0010210,10
HP:0200084,10
HP:0004887,15
HP:0001187,15
HP:0005317,10
HP:0003960,15
HP:0001466,10
HP:0011159,10
HP:0001917,10
HP:0004344,10
HP:0004343,25
HP:0010969,30
HP:0006514,10
HP:0006252,10
HP:0003093,10
HP:0011485,10
HP:0012868,10
HP:0007583,10
HP:0003895,10
HP:0100133,10
HP:0009888,18
HP:0008615,10
HP:0004940,10
HP:0009962,10
HP:0001920,10
HP:0008776,15
HP:0007041,10
HP:0005322,10
HP:0010083,10
HP:0009108,20
HP:0200099,10
HP:0012697,10
HP:0003725,10
HP:0007057,10
HP:0002064,14
HP:0011012,10
HP:0011013,24
HP:0006480,20
HP:0010921,10
HP:0004010,10
HP:0100201,10
HP:0008259,10
HP:0011734,30
HP:0001946,10
HP:0009852,10
HP:0004812,10
HP:0006721,25
HP:0001370,15
HP:0200071,10
HP:0007773,21
HP:0012164,10
HP:0008752,10
HP:0001838,10
HP:0008365,35
HP:0006357,10
HP:0010368,10
HP:0010182,60
HP:0008947,10
HP:0100701,10
HP:0003174,20
HP:0007149,10
HP:0100910,10
HP:0006774,10
HP:0004676,10
HP:0100657,10
HP:0006689,10
HP:0100584,20
HP:0000892,10
HP:0001442,10
HP:0005050,10
HP:0005925,10
HP:0100798,10
HP:0000723,10
HP:0009187,10
HP:0011469,10
HP:0009210,10
HP:0007023,10
HP:0001342,20
HP:0007609,10
HP:0100408,10
HP:0100399,20
HP:0002891,10
HP:0007692,10
HP:0100820,10
HP:0011742,10
HP:0001233,10
HP:0007475,10
HP:0006692,10
HP:0031442,5
HP:0006615,10
HP:0004036,10
HP:0010366,19
HP:0010603,10
HP:0100612,20
HP:0007166,10
HP:0007993,10
HP:0200026,10
HP:0011353,10
HP:0007992,10
HP:0000875,10
HP:0010818,10
HP:0011722,10
HP:0012661,10
HP:0009051,10
HP:0012234,20
HP:0004625,10
HP:0010485,10
HP:0007314,10
HP:0007606,10
HP:0002509,15
HP:0001074,10
HP:0009221,10
HP:0004450,10
HP:0100717,10
HP:0000737,10
HP:0004630,10
HP:0009928,10
HP:0008821,10
HP:0005303,10
HP:0004962,15
HP:0005347,10
HP:0004468,15
HP:0004997,10
HP:0100665,10
HP:0011768,25
HP:0004848,10
HP:0003224,10
HP:0003942,10
HP:0003168,10
HP:0002131,10
HP:0100384,10
HP:0100362,20
HP:0009412,10
HP:0005404,10
HP:0010975,15
HP:0002846,20
HP:0100381,10
HP:0011928,10
HP:0003966,10
HP:0008020,10
HP:0000548,15
HP:0000198,10
HP:0009937,10
HP:0100113,10
HP:0001180,10
HP:0011357,10
HP:0008335,10
HP:0003958,10
HP:0001408,10
HP:0100030,10
HP:0100601,10
HP:0010461,10
HP:0010149,10
HP:0006690,10
HP:0011509,10
HP:0005831,10
HP:0005776,10
HP:0008372,15
HP:0008838,10
HP:0012170,10
HP:0100765,10
HP:0007123,10
HP:0012287,10
HP:0010704,10
HP:0009245,15
HP:0009609,20
HP:0006980,10
HP:0002457,15
HP:0006813,10
HP:0002266,20
HP:0008316,10
HP:0100829,10
HP:0031094,5
HP:0006782,10
HP:0005549,10
HP:0012544,10
HP:0100045,25
HP:0010459,10
HP:0005182,10
HP:0031566,5
HP:0004621,10
HP:0030277,5
HP:0011662,10
HP:0100097,10
HP:0007058,10
HP:0005130,10
HP:0006449,10
HP:0010597,25
HP:0007081,10
HP:0008529,10
HP:0040121,5
HP:0006476,25
HP:0004461,10
HP:0009237,15
HP:0001785,10
HP:0012073,10
HP:0003231,10
HP:0010917,15
HP:0011152,10
HP:0011147,15
HP:0009003,10
HP:0005066,10
HP:0010579,15
HP:0004471,15
HP:0007385,30
HP:0008818,10
HP:0004043,10
HP:0004039,35
HP:0011786,10
HP:0011592,10
HP:0010249,10
HP:0009430,10
HP:0009611,10
HP:0100358,10
HP:0007064,10
HP:0007215,10
HP:0009652,10
HP:0006735,10
HP:0004689,10
HP:0011102,15
HP:0007308,10
HP:0001670,10
HP:0008504,10
HP:0006019,10
HP:0100153,10
HP:0100062,25
HP:0009166,10
HP:0005411,10
HP:0002728,25
HP:0011370,30
HP:0009266,10
HP:0000349,10
HP:0009502,10
HP:0009128,10
HP:0100050,25
HP:0000282,15
HP:0001144,10
HP:0100462,10
HP:0001042,10
HP:0003246,10
HP:0002641,10
HP:0011934,20
HP:0100410,10
HP:0004019,10
HP:0001912,10
HP:0001136,10
HP:0011046,10
HP:0005181,10
HP:0005217,25
HP:0009711,10
HP:0006206,10
HP:0100262,20
HP:0100240,35
HP:0001545,10
HP:0004397,20
HP:0006110,10
HP:0012113,10
HP:0007206,10
HP:0001355,15
HP:0011622,10
HP:0002971,10
HP:0012028,10
HP:0008984,10
HP:0008476,10
HP:0001648,10
HP:0100624,10
HP:0008073,10
HP:0010825,10
HP:0011235,15
HP:0009244,10
HP:0004690,10
HP:0010201,10
HP:0011634,10
HP:0001425,10
HP:0011225,10
HP:0011982,10
HP:0008189,10
HP:0100437,10
HP:0010205,30
HP:0012488,10
HP:0007867,10
HP:0005233,10
HP:0000394,10
HP:0004552,10
HP:0012717,10
HP:0009504,10
HP:0011516,10
HP:0007803,25
HP:0001848,10
HP:0008119,15
HP:0001804,20
HP:0011367,10
HP:0003610,10
HP:0003653,15
HP:0011020,20
HP:0010578,10
HP:0012182,10
HP:0008559,10
HP:0100377,10
HP:0100016,10
HP:0005541,10
HP:0009598,10
HP:0007603,10
HP:0005586,15
HP:0010508,10
HP:0011816,10
HP:0008588,10
HP:0000402,15
HP:0011292,10
HP:0011181,10
HP:0008890,10
HP:0005314,10
HP:0009188,10
HP:0003105,10
HP:0100500,10
HP:0100498,20
HP:0005828,10
HP:0000081,10
HP:0007687,10
HP:0006234,10
HP:0010262,10
HP:0004407,10
HP:0004021,10
HP:0002341,10
HP:0002909,10
HP:0004826,10
HP:0200016,10
HP:0012556,10
HP:0005576,10
HP:0012446,10
HP:0100723,10
HP:0006333,10
HP:0001025,15
HP:0006555,10
HP:0004914,10
HP:0001988,15
HP:0006684,10
HP:0008472,10
HP:0040016,5
HP:0008519,24
HP:0003063,10
HP:0010454,10
HP:0012313,10
HP:0010730,10
HP:0000220,10
HP:0008740,10
HP:0001153,25
HP:0200146,10
HP:0012180,15
HP:0012791,10
HP:0012226,10
HP:0000376,10
HP:0100748,10
HP:0005299,10
HP:0007200,10
HP:0100786,15
HP:0002329,25
HP:0011371,10
HP:0007695,10
HP:0004474,10
HP:0006756,10
HP:0031459,6
HP:0005571,10
HP:0006112,10
HP:0004925,10
HP:0011835,10
HP:0004231,15
HP:0011907,10
HP:0004891,10
HP:0007634,10
HP:0011199,10
HP:0100289,15
HP:0030455,10
HP:0011863,25
HP:0010691,10
HP:0012424,10
HP:0006189,10
HP:0006226,10
HP:0008108,10
HP:0007815,10
HP:0001226,10
HP:0012523,10
HP:0008664,10
HP:0010479,10
HP:0010669,10
HP:0002692,25
HP:0034261,20
HP:0012550,10
HP:0100629,10
HP:0008017,10
HP:0012604,10
HP:0010898,15
HP:0003696,10
HP:0008078,10
HP:0003502,10
HP:0001894,10
HP:0007549,10
HP:0025723,5
HP:0003933,10
HP:0003860,15
HP:0003034,25
HP:0005103,10
HP:0011741,10
HP:0100431,10
HP:0012602,10
HP:0012600,23
HP:0008744,10
HP:0011881,10
HP:0008434,10
HP:0007850,10
HP:0011473,10
HP:0003162,10
HP:0011872,10
HP:0012586,10
HP:0004417,10
HP:0009704,10
HP:0200149,15
HP:0012229,25
HP:0012743,10
HP:0005200,10
HP:0100224,10
HP:0009301,10
HP:0010776,10
HP:0010777,15
HP:0009696,10
HP:0009528,10
HP:0009492,25
HP:0100020,10
HP:0100017,15
HP:0008204,10
HP:0100439,10
HP:0010562,10
HP:0100768,10
HP:0031502,5
HP:0100080,25
HP:0100233,10
HP:0100086,24
HP:0001854,10
HP:0011524,10
HP:0008830,15
HP:0004042,10
HP:0100180,10
HP:0004283,10
HP:0100871,25
HP:0004168,10
HP:0100427,10
HP:0001757,10
HP:0100419,10
HP:0006655,10
HP:0100134,10
HP:0003940,10
HP:0002737,10
HP:0002667,10
HP:0011233,10
HP:0008733,10
HP:0012621,10
HP:0012144,10
HP:0000460,10
HP:0010522,10
HP:0100168,10
HP:0004915,14
HP:0012498,10
HP:0010305,10
HP:0100504,10
HP:0001134,15
HP:0008165,10
HP:0003340,10
HP:0006228,10
HP:0005456,10
HP:0002689,15
HP:0004610,10
HP:0100322,10
HP:0010086,10
HP:0011327,10
HP:0001407,10
HP:0006706,20
HP:0007159,10
HP:0012770,10
HP:0100271,10
HP:0002697,10
HP:0002696,20
HP:0011349,10
HP:0001726,10
HP:0005462,10
HP:0011204,10
HP:0100746,10
HP:0005177,10
HP:0001966,20
HP:0011222,10
HP:0007541,10
HP:0001790,10
HP:0001789,15
HP:0012102,10
HP:0011972,10
HP:0031884,5
HP:0001669,10
HP:0000269,10
HP:0002190,10
HP:0010802,10
HP:0009064,10
HP:0100862,10
HP:0010426,10
HP:0010412,20
HP:0009213,10
HP:0009626,10
HP:0011005,10
HP:0003874,10
HP:0009919,10
HP:0100909,10
HP:0001776,10
HP:0008754,10
HP:0012593,10
HP:0009554,10
HP:0009553,20
HP:0011638,10
HP:0012826,10
HP:0003076,10
HP:0009853,10
HP:0012513,10
HP:0007915,10
HP:0011489,15
HP:0100468,10
HP:0002140,10
HP:0008361,10
HP:0100881,10
HP:0001902,10
HP:0011877,15
HP:0011876,25
HP:0006645,10
HP:0001996,10
HP:0010253,10
HP:0003309,10
HP:0200053,10
HP:0004886,10
HP:0005348,20
HP:0010307,25
HP:0030829,20
HP:0200147,10
HP:0002648,10
HP:0011288,10
HP:0200018,10
HP:0009469,10
HP:0009319,25
HP:0012295,10
HP:0100611,10
HP:0007187,10
HP:0009463,10
HP:0006702,10
HP:0006280,10
HP:0007403,10
HP:0012536,10
HP:0010595,10
HP:0003884,10
HP:0011455,10
HP:0011454,15
HP:0002207,10
HP:0008449,10
HP:0100275,10
HP:0003214,10
HP:3000021,10
HP:0003469,10
HP:0011077,10
HP:0010712,10
HP:0010962,10
HP:0011369,10
HP:0007886,10
HP:0004453,10
HP:0000396,15
HP:0005009,10
HP:0010547,15
HP:0007021,10
HP:0006207,10
HP:0011749,10
HP:0003434,10
HP:0000851,10
HP:0010358,10
HP:0008843,10
HP:0009717,10
HP:0006770,10
HP:0006603,10
HP:0008439,10
HP:0010027,10
HP:0001230,15
HP:0009402,10
HP:0005185,10
HP:0012118,10
HP:0002289,10
HP:0005621,10
HP:0011613,10
HP:0011611,25
HP:0000112,10
HP:0012329,10
HP:0011387,10
HP:0011234,10
HP:0009722,10
HP:0011775,10
HP:0007299,10
HP:0002546,10
HP:0011744,10
HP:0009683,10
HP:0011995,10
HP:0009049,10
HP:0007659,10
HP:0008826,10
HP:0003029,10
HP:0100903,10
HP:0010453,10
HP:0002039,10
HP:0100745,10
HP:0009278,10
HP:0009182,15
HP:0012559,10
HP:0012533,10
HP:0006424,10
HP:0008423,10
HP:0012008,10
HP:0032680,10
HP:0005532,10
HP:0009680,10
HP:0007412,10
HP:0100532,10
HP:0005472,10
HP:0001222,10
HP:0011304,15
HP:0006055,10
HP:0009487,15
HP:0010751,10
HP:0009250,10
HP:0009938,10
HP:3000076,10
HP:0007902,10
HP:0007774,10
HP:0008055,15
HP:0005954,10
HP:0006983,10
HP:0100228,10
HP:0002343,10
HP:0100232,10
HP:0003278,10
HP:0012374,10
HP:0008163,10
HP:0011721,10
HP:0004510,10
HP:0012474,10
HP:0001563,10
HP:0011228,10
HP:0003910,10
HP:0010367,25
HP:0010272,10
HP:0010951,15
HP:0010545,10
HP:0004432,10
HP:0100506,10
HP:0009483,10
HP:0012572,10
HP:0009233,15
HP:0009129,10
HP:0100675,10
HP:0010315,15
HP:0011533,10
HP:0008695,10
HP:0010330,10
HP:0004044,10
HP:0008285,10
HP:0004916,10
HP:0003148,10
HP:0001386,10
HP:0005626,10
HP:0012783,10
HP:0100880,20
HP:0100221,10
HP:0012006,10
HP:0009736,10
HP:0011503,10
HP:0008060,20
HP:0000493,40
HP:0011090,10
HP:0011089,20
HP:0007232,10
HP:0009557,10
HP:0002832,15
HP:0011682,10
HP:0007654,10
HP:0003292,10
HP:0004361,15
HP:0010715,10
HP:0002105,10
HP:0032016,6
HP:0004608,10
HP:0009321,10
HP:0010392,10
HP:0010153,10
HP:0010117,25
HP:0010328,10
HP:0002530,10
HP:0010960,10
HP:0002204,10
HP:3000001,10
HP:0004458,10
HP:0005197,10
HP:0100959,10
HP:0009383,10
HP:0009509,10
HP:0009495,25
HP:0005176,10
HP:0010643,10
HP:0010644,15
HP:0010641,20
HP:0010640,25
HP:0001803,10
HP:0011610,10
HP:0011325,10
HP:0011324,13
HP:0100146,10
HP:0100055,25
HP:0001862,10
HP:0003863,10
HP:0007829,10
HP:0000003,10
HP:0010374,10
HP:0010769,10
HP:0010517,10
HP:0100813,10
HP:0010943,10
HP:0003834,10
HP:0006585,10
HP:0005864,15
HP:0007881,10
HP:0003733,10
HP:0006818,10
HP:0009353,10
HP:0009710,10
HP:0006291,10
HP:0009525,10
HP:0006789,10
HP:0009416,10
HP:0006407,10
HP:0006361,20
HP:0010539,10
HP:0007126,10
HP:0005295,10
HP:0002912,10
HP:0010950,10
HP:0007421,10
HP:0001409,15
HP:0002762,25
HP:0100777,30
HP:0007754,10
HP:0007868,10
HP:0011810,10
HP:0002544,10
HP:0000473,15
HP:0000885,15
HP:0100005,10
HP:0012732,10
HP:0010433,10
HP:0010697,10
HP:0003106,10
HP:0005096,10
HP:0003233,10
HP:0003258,10
HP:0005384,15
HP:0002872,10
HP:0009343,10
HP:0004090,10
HP:0001212,10
HP:0009824,10
HP:0012088,10
HP:0033072,10
HP:0011657,10
HP:0006136,10
HP:0010140,10
HP:0004535,10
HP:0010809,10
HP:0004786,10
HP:0008043,10
HP:0005598,10
HP:0009523,10
HP:0002286,10
HP:0012079,10
HP:0100029,10
HP:0009900,10
HP:0012411,10
HP:0100783,10
HP:0003164,10
HP:0004385,10
HP:0006808,10
HP:0011847,10
HP:3000037,10
HP:0004251,10
HP:0100693,10
HP:0100128,10
HP:0007471,10
HP:0010396,10
HP:0007381,10
HP:0001019,15
HP:0011664,10
HP:0012817,25
HP:0100417,10
HP:0100708,10
HP:0012369,10
HP:0006362,10
HP:0003887,20
HP:0009107,25
HP:0012188,10
HP:0012281,10
HP:0100089,10
HP:0010310,10
HP:0010434,10
HP:0001487,10
HP:0008346,10
HP:0003238,10
HP:0010078,10
HP:0004817,10
HP:0012064,10
HP:0002821,10
HP:0012441,10
HP:0009563,10
HP:0003756,10
HP:0100265,10
HP:0011476,10
HP:0011470,10
HP:0002189,10
HP:0009936,10
HP:0002959,10
HP:0011606,10
HP:0005707,10
HP:0012239,10
HP:0032385,5
HP:0025465,5
HP:0100690,10
HP:0007836,15
HP:0200017,10
HP:0006693,10
HP:0011974,10
HP:0006432,10
HP:0007559,10
HP:0009305,10
HP:0100418,10
HP:0007872,10
HP:0010460,10
HP:0010048,10
HP:0011625,10
HP:0011933,10
HP:0011932,20
HP:0007083,10
HP:0100166,10
HP:0100355,10
HP:0007944,10
HP:0009438,10
HP:0100560,10
HP:0100302,10
HP:0009732,10
HP:0007731,10
HP:0011894,10
HP:0012893,10
HP:0004852,15
HP:0009589,10
HP:0009588,20
HP:0009591,25
HP:0005249,10
HP:0004796,15
HP:0002340,10
HP:0007374,13
HP:0001225,10
HP:0100351,10
HP:0012829,10
HP:0006904,10
HP:0011756,10
HP:0009555,10
HP:0033151,10
HP:0012044,10
HP:0012043,20
HP:0011667,10
HP:0033379,20
HP:0005301,35
HP:0010968,10
HP:0006461,10
HP:0010749,10
HP:0008798,10
HP:0010456,25
HP:0011619,10
HP:0011617,20
HP:0011615,30
HP:0010200,10
HP:0001043,10
HP:0009255,10
HP:0012311,10
HP:0011172,10
HP:0009636,10
HP:0011695,10
HP:0100160,10
HP:0100058,25
HP:0005715,10
HP:0002444,10
HP:0009731,15
HP:0004993,10
HP:0004464,10
HP:0100277,25
HP:0008356,10
HP:0100544,15
HP:0002868,10
HP:0004974,10
HP:0010058,20
HP:0000620,10
HP:0012626,10
HP:0000633,15
HP:0003276,10
HP:0100842,10
HP:0000609,15
HP:0001730,10
HP:0012087,12
HP:3000013,10
HP:3000049,10
HP:0012049,10
HP:0012521,10
HP:0001520,10
HP:0006926,10
HP:0003762,10
HP:0004026,10
HP:0004590,15
HP:0004960,10
HP:0100208,10
HP:0010843,15
HP:0009517,10
HP:0008670,10
HP:0003922,10
HP:0100487,10
HP:0011620,15
HP:0010429,10
HP:0008845,10
HP:0012782,10
HP:0007100,10
HP:0010416,10
HP:0007646,10
HP:0000561,20
HP:0011137,10
HP:0004029,10
HP:0006459,10
HP:0012699,10
HP:0011670,10
HP:0009673,10
HP:0200032,10
HP:0006160,10
HP:0004575,10
HP:0100546,10
HP:0100509,15
HP:0010987,10
HP:0005305,10
HP:0010146,10
HP:0002575,10
HP:0009100,10
HP:0008883,10
HP:0004799,10
HP:0012186,10
HP:0006989,10
HP:0005769,10
HP:0005617,10
HP:0005623,10
HP:0003239,10
HP:0007229,10
HP:0005600,10
HP:0005486,10
HP:0010222,10
HP:0010011,15
HP:0009382,10
HP:0006492,15
HP:0011724,10
HP:0012307,10
HP:0100865,10
HP:0004592,10
HP:0011129,10
HP:0010945,15
HP:0000616,15
HP:0003208,10
HP:0006685,10
HP:0011690,10
HP:0002779,20
HP:0004968,10
HP:0012825,10
HP:0005013,10
HP:0005820,10
HP:0011954,10
HP:0011971,10
HP:0410134,5
HP:0007179,10
HP:0000127,10
HP:0009440,10
HP:0012015,10
HP:0002396,10
HP:0012454,10
HP:0001239,20
HP:0002871,10
HP:0005238,10
HP:0010364,10
HP:0004284,10
HP:0011868,10
HP:0011223,10
HP:0009230,10
HP:0004216,25
HP:0009971,10
HP:0100574,10
HP:0100356,10
HP:0100707,15
HP:0009933,10
HP:0000878,10
HP:0012173,10
HP:0009092,10
HP:0012855,10
HP:0011300,10
HP:0008985,10
HP:0004294,15
HP:0006742,10
HP:0012833,10
HP:0100135,10
HP:0006486,20
HP:0007398,10
HP:0004001,10
HP:0010423,10
HP:0008625,10
HP:0012525,10
HP:3000043,10
HP:0010400,10
HP:0006894,10
HP:0007889,10
HP:0100607,10
HP:0100621,10
HP:0010420,10
HP:0005296,10
HP:0012777,10
HP:0005203,10
HP:0010816,20
HP:0000634,10
HP:0005212,10
HP:0032186,10
HP:0100805,10
HP:0100396,10
HP:0000594,10
HP:0005875,10
HP:0012275,10
HP:0034338,10
HP:0007854,10
HP:0100227,10
HP:0006595,10
HP:0011346,10
HP:0002474,25
HP:0009243,10
HP:0006634,10
HP:0008915,10
HP:0001956,15
HP:0002198,10
HP:0002843,30
HP:0007207,10
HP:0020216,5
HP:0020207,5
HP:0010480,10
HP:0011341,10
HP:0200085,10
HP:0003571,10
HP:0005603,10
HP:0007082,10
HP:0100206,10
HP:0006650,10
HP:0000884,10
HP:0007898,10
HP:0010707,10
HP:0010126,10
HP:0011426,10
HP:0012458,10
HP:0007078,15
HP:0030179,11
HP:0003166,10
HP:0002323,15
HP:0008014,10
HP:0032416,5
HP:0011037,20
HP:0007366,10
HP:0007930,10
HP:0003388,10
HP:0008338,10
HP:0012500,10
HP:0012109,10
HP:0001483,10
HP:0004632,10
HP:0007667,10
HP:0009322,10
HP:0009285,10
HP:0005605,10
HP:0009644,10
HP:0009470,10
HP:0008784,10
HP:0009837,10
HP:0009309,10
HP:0006575,10
HP:0002561,10
HP:0004751,10
HP:0004756,22
HP:0011901,10
HP:0100670,10
HP:0005089,20
HP:0001810,10
HP:0012317,10
HP:0010812,10
HP:0012260,10
HP:0009163,10
HP:0000917,10
HP:0002586,10
HP:0012459,10
HP:0002206,10
HP:0008757,10
HP:0004226,10
HP:0002046,10
HP:0100209,10
HP:0003665,10
HP:0006566,10
HP:0100554,10
HP:0011612,10
HP:0006647,10
HP:0009579,10
HP:0012861,10
HP:0009208,10
HP:0005897,10
HP:0004897,10
HP:0009442,10
HP:0005148,10
HP:0007513,10
HP:0012652,10
HP:0009436,10
HP:0005562,10
HP:0007006,10
HP:0009893,10
HP:0006338,10
HP:0009142,10
HP:0100313,10
HP:0012007,10
HP:0009356,10
HP:0011560,10
HP:0007981,10
HP:3000038,10
HP:0007750,10
HP:0004688,10
HP:0011271,10
HP:0012835,10
HP:0100141,10
HP:0002848,10
HP:0003978,10
HP:0002938,10
HP:0100309,10
HP:0100421,10
HP:0003657,10
HP:0011961,10
HP:0006716,10
HP:0005135,25
HP:0008283,10
HP:0003950,10
HP:0012362,15
HP:0008606,10
HP:0005744,10
HP:0100433,10
HP:0009910,10
HP:0010664,10
HP:0002307,10
HP:0009939,10
HP:0003731,10
HP:0010030,10
HP:0001504,15
HP:0001026,10
HP:0009291,10
HP:0100119,10
HP:0009336,10
HP:0007371,10
HP:0100178,10
HP:0100364,20
HP:0100691,20
HP:0012567,10
HP:0010807,15
HP:0012763,10
HP:0100415,10
HP:0100406,19
HP:0007586,10
HP:0009820,10
HP:0003396,10
HP:0011405,10
HP:0011478,10
HP:0009277,10
HP:0009274,25
HP:0002908,10
HP:0005988,10
HP:0005215,10
HP:0004798,20
HP:0009549,10
HP:0007236,10
HP:0010031,10
HP:0008205,10
HP:0003273,10
HP:0010952,10
HP:0004839,10
HP:0011979,10
HP:0011279,15
HP:0001890,10
HP:0011173,10
HP:0000522,10
HP:0002564,10
HP:0010151,10
HP:0003858,15
HP:0009846,10
HP:0003924,10
HP:0200070,10
HP:0009694,10
HP:0009648,10
HP:0011984,10
HP:0000798,10
HP:0007736,10
HP:0004227,10
HP:0100170,10
HP:0100067,24
HP:0005895,10
HP:0002038,10
HP:0008981,10
HP:0012057,10
HP:0004263,10
HP:0004237,30
HP:0000090,10
HP:0100957,15
HP:0000559,10
HP:0003646,10
HP:0006859,10
HP:0003005,10
HP:0030450,5
HP:0005246,10
HP:0012754,10
HP:0010014,15
HP:0001566,10
HP:0006304,15
HP:0009875,10
HP:0007039,10
HP:0010523,10
HP:0100212,10
HP:0100839,10
HP:0034181,5
HP:0009637,10
HP:0009629,15
HP:0003909,10
HP:0001178,10
HP:0000484,10
HP:0009251,10
HP:0011072,10
HP:0004905,10
HP:0005518,10
HP:0025065,5
HP:0002361,10
HP:0100122,10
HP:0011554,10
HP:0011839,25
HP:0011861,10
HP:0100760,10
HP:0011897,10
HP:0011639,10
HP:0100719,10
HP:0007535,15
HP:0100779,10
HP:0012542,10
HP:0009586,10
HP:0010942,10
HP:0011914,10
HP:0007876,10
HP:0009275,10
HP:0002725,10
HP:0012351,10
HP:0001304,10
HP:0100702,10
HP:0008440,10
HP:0011942,10
HP:0008929,10
HP:0010838,10
HP:0009635,10
HP:0007333,10
HP:0000283,10
HP:0002600,19
HP:0001868,10
HP:0012016,10
HP:0010087,10
HP:0002301,15
HP:0003321,10
HP:0007262,15
HP:0003268,10
HP:0033093,5
HP:0008788,10
HP:0009105,20
HP:0011652,10
HP:0005311,10
HP:0010244,10
HP:0005928,15
HP:0100692,10
HP:0002218,10
HP:0011468,10
HP:0004771,10
HP:0010905,10
HP:0009685,10
HP:0010099,10
HP:0100441,10
HP:0007730,10
HP:0009850,10
HP:0009515,10
HP:0009511,10
HP:0100398,20
HP:0006149,10
HP:0010811,10
HP:0008666,10
HP:0007289,10
HP:0000321,10
HP:0007739,10
HP:0004562,10
HP:0012453,10
HP:0008829,10
HP:0011946,10
HP:0010512,10
HP:0009398,10
HP:0009849,10
HP:0009564,10
HP:0100955,10
HP:0001686,10
HP:0008233,10
HP:0031212,5
HP:0003737,15
HP:0012381,10
HP:0003261,10
HP:0012529,10
HP:0005439,10
HP:0004030,10
HP:0002573,10
HP:0100459,10
HP:0002635,10
HP:0031678,5
HP:0009300,10
HP:0002930,10
HP:0008229,10
HP:0001818,10
HP:0100803,15
HP:0009946,10
HP:0005223,10
HP:0007517,10
HP:0100446,10
HP:0010206,30
HP:0001700,10
HP:0000384,10
HP:0002068,10
HP:0003065,10
HP:0006498,20
HP:0002678,10
HP:0007452,10
HP:0012820,10
HP:0012605,10
HP:0100784,10
HP:0012246,10
HP:0006176,10
HP:0006390,10
HP:0002982,20
HP:0004918,10
HP:0010448,10
HP:0004794,10
HP:0005428,10
HP:0008568,10
HP:0007036,10
HP:0011558,10
HP:0100202,10
HP:0011575,10
HP:0009951,10
HP:0010155,10
HP:0011997,10
HP:0010534,10
HP:0000839,10
HP:0007476,10
HP:0100792,10
HP:0006193,10
HP:0009167,10
HP:0009675,10
HP:0002102,10
HP:0000061,10
HP:0100516,10
HP:0008131,10
HP:0011208,10
HP:0008765,10
HP:0011166,15
HP:0003406,10
HP:0010859,10
HP:0000275,10
HP:0004598,10
HP:0011386,10
HP:0012320,10
HP:0010793,10
HP:0001967,10
HP:0008631,10
HP:0001681,10
HP:0100138,10
HP:0009715,10
HP:0009714,20
HP:0005374,15
HP:0100199,10
HP:0100747,10
HP:0011409,20
HP:0012491,10
HP:0000636,10
HP:0010624,10
HP:0010074,10
HP:0010342,10
HP:0100106,10
HP:0009205,10
HP:0004736,10
HP:3000007,10
HP:0001419,10
HP:0012876,10
HP:0012403,10
HP:0003527,10
HP:0004906,10
HP:0007798,10
HP:0007708,10
HP:0100127,10
HP:0012515,10
HP:0010762,10
HP:0011684,10
HP:0011238,10
HP:0011243,25
HP:0100606,10
HP:0001056,10
HP:0009055,10
HP:0001673,10
HP:0011088,10
HP:0100204,10
HP:0009901,10
HP:0100009,10
HP:0011668,10
HP:0008019,10
HP:0001132,20
HP:0010127,10
HP:0012304,11
HP:0012852,10
HP:0007011,10
HP:0012527,10
HP:0100654,10
HP:3000079,10
HP:0008306,10
HP:0011579,10
HP:0009505,10
HP:0010060,10
HP:0100757,10
HP:0004018,10
HP:0100945,10
HP:0100930,20
HP:0012838,10
HP:0007994,10
HP:0010021,10
HP:0009191,15
HP:0012233,10
HP:0007153,10
HP:0100550,10
HP:0008708,10
HP:0009797,10
HP:0007045,10
HP:0004466,10
HP:0011728,10
HP:0001095,10
HP:0005291,10
HP:0034785,10
HP:0003875,10
HP:0011787,15
HP:0003536,10
HP:0004937,10
HP:0012695,10
HP:0012693,20
HP:0012063,10
HP:0100676,10
HP:0010414,10
HP:0012577,10
HP:0012800,10
HP:0012083,10
HP:0007581,10
HP:0010638,10
HP:0012274,10
HP:0010266,10
HP:0010288,10
HP:0010212,25
HP:0007916,10
HP:0003683,10
HP:0001978,10
HP:0012495,10
HP:0009200,10
HP:0003353,10
HP:0011886,10
HP:0005315,10
HP:0001049,10
HP:0100614,10
HP:0010040,10
HP:0002526,10
HP:0001937,10
HP:0009087,10
HP:0007481,10
HP:0008037,10
HP:0010814,10
HP:0009534,10
HP:0007986,10
HP:0006077,10
HP:0012272,10
HP:0009632,10
HP:0007002,10
HP:0200113,10
HP:0005886,15
HP:0010596,10
HP:0010411,10
HP:0008231,10
HP:0011903,10
HP:0000637,10
HP:0010971,10
HP:0010970,15
HP:0100101,10
HP:0010525,10
HP:0012548,10
HP:0100353,10
HP:0005041,10
HP:0009678,10
HP:0000900,10
HP:0010196,10
HP:0100254,10
HP:0100253,15
HP:0002587,10
HP:0004941,10
HP:0002265,10
HP:0003864,10
HP:0100043,10
HP:0001343,10
HP:0008804,10
HP:0003161,10
HP:0012117,10
HP:0100735,10
HP:0012502,10
HP:0009791,10
HP:0100144,10
HP:0200024,15
HP:0001676,10
HP:0011725,10
HP:0000414,10
HP:0002853,10
HP:0025540,10
HP:0008169,10
HP:0010714,10
HP:0011553,10
HP:0007117,10
HP:0007372,20
HP:0002528,10
HP:0012300,10
HP:0003783,10
HP:0010601,10
HP:0002427,10
HP:0002381,15
HP:0006440,10
HP:0000531,10
HP:0007795,10
HP:0011851,10
HP:0003031,10
HP:0009991,10
HP:0011879,10
HP:0001981,10
HP:0010591,10
HP:0006508,20
HP:0000180,10
HP:0003614,10
HP:0001033,10
HP:0031284,5
HP:0011854,10
HP:0100420,10
HP:0010849,10
HP:0004331,15
HP:0100802,10
HP:0000895,10
HP:0006336,10
HP:0040220,5
HP:0005409,10
HP:0012406,10
HP:0007665,10
HP:0009315,10
HP:0009880,10
HP:0012033,10
HP:6000590,5
HP:0010302,20
HP:0012811,10
HP:0004953,10
HP:0003206,10
HP:0008161,10
HP:0001891,10
HP:0011319,10
HP:0009432,10
HP:0010122,20
HP:0012197,10
HP:0006330,10
HP:0011299,10
HP:0010246,10
HP:0100469,10
HP:0009559,10
HP:0009994,10
HP:0012597,10
HP:0100280,10
HP:0012205,10
HP:0011316,10
HP:0011315,20
HP:0009881,10
HP:0007047,10
HP:0100321,15
HP:0008410,10
HP:0007626,10
HP:0011421,10
HP:0010532,10
HP:0010352,10
HP:0009351,10
HP:0007506,10
HP:0007383,15
HP:0000904,15
HP:0011506,10
HP:0012460,10
HP:0008828,10
HP:0010484,10
HP:0006028,10
HP:0011955,10
HP:0010536,10
HP:0002055,10
HP:0004631,10
HP:0001791,10
HP:0006965,10
HP:0012809,10
HP:0012808,20
HP:0009209,10
HP:0200095,10
HP:0009045,10
HP:0008465,10
HP:0008445,10
HP:0011836,10
HP:0001612,10
HP:0006541,10
HP:0004622,10
HP:0011983,10
HP:0001452,10
HP:0007486,10
HP:0001048,15
HP:0008239,10
HP:0010245,10
HP:0009420,10
HP:0010357,10
HP:0007858,10
HP:0005511,10
HP:0100721,10
HP:0012127,10
HP:0033162,5
HP:0008151,10
HP:0032199,5
HP:0003049,10
HP:0100640,10
HP:0007831,10
HP:0006323,10
HP:0009335,10
HP:0012886,10
HP:0006450,10
HP:0007129,10
HP:0004319,10
HP:0010141,10
HP:0011762,10
HP:0011247,10
HP:0011245,20
HP:0007984,10
HP:0030478,5
HP:0030470,5
HP:0030469,5
HP:0010854,10
HP:0003890,10
HP:0100489,10
HP:0011378,10
HP:0007266,10
HP:0011413,10
HP:0001471,10
HP:0002047,10
HP:0000105,10
HP:0006580,10
HP:0000227,10
HP:0006251,10
HP:0006248,15
HP:0006944,10
HP:0200094,10
HP:0006069,10
HP:0012137,20
HP:0009681,10
HP:0010089,10
HP:0001065,10
HP:0012655,10
HP:0100386,10
HP:0100900,10
HP:0012024,10
HP:0012264,10
HP:0009157,10
HP:0002408,10
HP:0011416,10
HP:0008507,10
HP:0010004,10
HP:0004945,10
HP:0001089,10
HP:0009308,10
HP:0100475,10
HP:0005723,10
HP:0006889,10
HP:0011251,10
HP:0007985,10
HP:0010397,10
HP:0100339,10
HP:0005990,10
HP:0011403,10
HP:0010215,10
HP:0003869,10
HP:0000128,10
HP:0006560,10
HP:0007840,10
HP:0005425,10
HP:0011433,10
HP:0003286,10
HP:0005247,10
HP:0003915,10
HP:0004249,10
HP:0011874,10
HP:0007713,10
HP:0007747,10
HP:0010873,10
HP:0006827,15
HP:0007344,20
HP:3000069,10
HP:0006505,10
HP:0007819,10
HP:0003908,10
HP:0004809,10
HP:0003067,10
HP:0011678,10
HP:0012516,15
HP:0010815,15
HP:0008425,10
HP:0004634,15
HP:0011398,10
HP:0009196,15
HP:0003640,10
HP:0003153,10
HP:3000045,10
HP:0001919,10
HP:0006454,10
HP:0002247,10
HP:0010281,10
HP:0006107,10
HP:0004558,10
HP:0003724,10
HP:0006134,15
HP:0012813,10
HP:0012489,10
HP:0011650,10
HP:0006852,10
HP:0002549,10
HP:0033687,5
HP:0012077,10
HP:0012748,10
HP:0004637,10
HP:0010742,10
HP:0011829,10
HP:0100269,10
HP:0011669,10
HP:0100435,10
HP:0004485,10
HP:0200054,10
HP:0001849,13
HP:0012452,10
HP:0031943,5
HP:0009706,10
HP:0100718,10
HP:0002199,10
HP:0011491,10
HP:0008185,10
HP:0006549,10
HP:0009760,10
HP:0009226,10
HP:0007429,10
HP:0011887,10
HP:0005537,10
HP:0011735,10
HP:0006283,10
HP:0000706,30
HP:0007768,10
HP:0003452,10
HP:0040130,5
HP:0006899,10
HP:0008470,10
HP:0006460,10
HP:0034674,5
HP:0012753,10
HP:0012751,25
HP:0005976,10
HP:0003688,10
HP:0100939,10
HP:0010356,15
HP:0011255,10
HP:0003375,10
HP:0100789,10
HP:0004788,10
HP:0011531,10
HP:0009631,10
HP:0100931,10
HP:0100926,19
HP:0004395,10
HP:0009452,10
HP:0009744,10
HP:0008823,10
HP:0012273,10
HP:0100024,10
HP:0040082,5
HP:5200261,8
HP:0004242,15
HP:0003443,10
HP:0012851,10
HP:0007483,10
HP:0007258,10
HP:0100912,10
HP:0008607,10
HP:0009261,10
HP:0005320,10
HP:0012436,10
HP:0011703,10
HP:0001571,10
HP:0011079,15
HP:0000110,20
HP:0008095,10
HP:0012631,10
HP:0006273,10
HP:0004185,10
HP:0012576,10
HP:0007015,10
HP:0006119,15
HP:0006999,10
HP:0100499,10
HP:0012258,10
HP:0007465,10
HP:0012749,10
HP:0003843,15
HP:0008237,10
HP:0009400,10
HP:0005168,10
HP:0025443,5
HP:0011285,10
HP:0002251,25
HP:0011253,10
HP:0008352,10
HP:0003216,10
HP:0009649,10
HP:0007841,10
HP:0010103,10
HP:0011862,15
HP:0100390,10
HP:0100677,10
HP:0009666,10
HP:0003020,10
HP:0000113,10
HP:0005300,10
HP:0003264,10
HP:0006527,10
HP:0002459,10
HP:0100348,10
HP:0100327,10
HP:0410327,5
HP:0500093,7
HP:0009258,10
HP:0002159,10
HP:0007042,10
HP:0007285,10
HP:0007900,10
HP:0012319,10
HP:0004223,10
HP:0009050,10
HP:0003288,10
HP:0007621,10
HP:0100492,10
HP:0009518,10
HP:0100618,10
HP:0100385,10
HP:0007132,10
HP:0005325,10
HP:0006913,10
HP:0005825,10
HP:0011259,10
HP:0100685,15
HP:0001814,10
HP:0000243,10
HP:0100548,10
HP:0010081,10
HP:0003354,10
HP:0008301,10
HP:0011050,10
HP:0006584,10
HP:0011134,10
HP:0006391,10
HP:3000061,10
HP:0010824,15
HP:0200122,10
HP:0011764,10
HP:0004476,15
HP:0012199,10
HP:0004845,10
HP:0008090,10
HP:0100861,10
HP:0000680,10
HP:0011192,10
HP:0010570,10
HP:0012194,10
HP:0006766,20
HP:0007335,10
HP:0003892,10
HP:0012426,10
HP:0009224,10
HP:0100593,10
HP:0100920,10
HP:0010463,10
HP:0011618,10
HP:0010481,15
HP:0009916,10
HP:0001112,10
HP:0006233,10
HP:0010872,15
HP:0003099,15
HP:0007464,10
HP:0007029,10
HP:0004944,15
HP:0012018,10
HP:0002010,10
HP:0010470,10
HP:0100933,10
HP:0002601,10
HP:0011098,10
HP:0010065,10
HP:0012579,10
HP:0009410,10
HP:0012125,10
HP:0100787,15
HP:0009522,10
HP:0003973,10
HP:0100198,10
HP:0004481,10
HP:0100520,10
HP:0011602,10
HP:0002359,10
HP:0100117,10
HP:0005011,10
HP:0002833,10
HP:0012507,10
HP:0100804,10
HP:0010965,15
HP:0100195,10
HP:0011607,10
HP:0002825,10
HP:0100158,10
HP:0009779,10
HP:0009457,20
HP:0100650,10
HP:0005318,10
HP:0006990,10
HP:0002049,10
HP:0004661,10
HP:0008770,10
HP:0012885,10
HP:0100340,10
HP:0003332,10
HP:0009206,10
HP:0001621,10
HP:0003088,10
HP:0006748,10
HP:0100319,10
HP:0008134,10
HP:0006688,10
HP:0009499,10
HP:0006931,10
HP:0100148,10
HP:0011589,10
HP:0010073,10
HP:0001727,10
HP:0001907,20
HP:0001895,10
HP:0005942,10
HP:0000166,10
HP:0003405,10
HP:0100139,10
HP:0010926,10
HP:0010437,10
HP:0200096,10
HP:0005084,10
HP:0001149,10
HP:0005211,10
HP:0010567,10
HP:0012637,10
HP:0006525,10
HP:0005855,10
HP:0005585,10
HP:0012333,10
HP:0004695,10
HP:0011431,10
HP:0012546,10
HP:0100428,10
HP:0011781,10
HP:0001685,10
HP:0000237,10
HP:0009616,10
HP:0011627,10
HP:0100137,10
HP:0012421,10
HP:0011232,10
HP:0003784,10
HP:0003988,10
HP:0007879,10
HP:0003990,10
HP:0009199,10
HP:0004428,10
HP:0004802,10
HP:0009819,10
HP:0100551,10
HP:0008179,10
HP:0030454,5
HP:0004787,10
HP:0004448,15
HP:0006554,20
HP:0005694,10
HP:0012449,10
HP:0004004,10
HP:0000075,20
HP:0005463,10
HP:0011439,10
HP:0100252,10
HP:0100703,10
HP:0004144,10
HP:0010109,10
HP:0005775,10
HP:0012887,10
HP:0011263,10
HP:0009854,10
HP:0004285,10
HP:0011430,10
HP:0002324,10
HP:0010748,10
HP:0002172,10
HP:0007434,10
HP:0012490,10
HP:0001575,10
HP:0012707,10
HP:0025045,5
HP:0000888,10
HP:3000036,10
HP:0012793,10
HP:0100036,10
HP:0002608,10
HP:0100176,10
HP:0010828,10
HP:0011432,10
HP:0010261,10
HP:0012583,10
HP:0011086,10
HP:0008181,10
HP:0008835,10
HP:0012802,10
HP:0012163,10
HP:0010098,10
HP:0002166,15
HP:0011941,10
HP:0007777,10
HP:0011950,10
HP:0011948,15
HP:0007267,10
HP:0100094,10
HP:0100905,10
HP:0006850,10
HP:0009741,10
HP:0010421,20
HP:0010193,25
HP:0009545,10
HP:0011631,10
HP:0100947,10
HP:0011988,10
HP:0005841,10
HP:0005502,10
HP:0005979,10
HP:0004496,10
HP:0002570,10
HP:0002630,15
HP:0002024,25
HP:0100904,10
HP:0007680,10
HP:0009926,10
HP:0003010,10
HP:0012189,10
HP:0003175,10
HP:0010594,10
HP:0009434,10
HP:0006763,10
HP:0030437,5
HP:0010219,10
HP:0100960,10
HP:0008653,10
HP:0100369,10
HP:0100121,10
HP:0100054,25
HP:0010144,10
HP:0007834,10
HP:0009204,10
HP:0010847,10
HP:0002300,10
HP:0004186,10
HP:0005136,10
HP:0011434,10
HP:0006035,10
HP:0011175,10
HP:0005867,10
HP:0005069,10
HP:0009584,10
HP:0012506,10
HP:0100359,10
HP:0008750,10
HP:0006386,10
HP:0011523,10
HP:0009654,10
HP:0005045,10
HP:0011287,10
HP:0007437,10
HP:0009189,15
HP:0100391,10
HP:0010381,10
HP:0005174,10
HP:0001682,20
HP:0011103,25
HP:0100207,10
HP:0006402,10
HP:0100853,10
HP:0032314,5
HP:0001951,10
HP:0007164,10
HP:0007813,10
HP:3000054,10
HP:0012741,10
HP:0009428,10
HP:0005060,10
HP:0005037,10
HP:0012259,10
HP:0002510,10
HP:0007293,10
HP:0005765,15
HP:0008026,10
HP:0000912,10
HP:0008279,10
HP:0200049,10
HP:0007869,10
HP:0011383,10
HP:0100843,10
HP:0009404,10
HP:0006611,10
HP:0012392,10
HP:0100149,10
HP:0004746,10
HP:0000922,10
HP:0012086,10
HP:0010797,10
HP:0100835,15
HP:0009098,10
HP:0005524,10
HP:0010251,10
HP:0002519,10
HP:0007572,10
HP:0003436,10
HP:0012827,10
HP:0004236,10
HP:0011144,10
HP:0100215,10
HP:0007962,10
HP:0000576,10
HP:0009975,10
HP:3000023,10
HP:3000024,20
HP:0011411,10
HP:0011215,10
HP:0000650,10
HP:0010684,10
HP:0004040,10
HP:0007965,10
HP:0001723,10
HP:0005178,10
HP:0100333,10
HP:0000916,10
HP:0003697,10
HP:0009737,10
HP:0100558,10
HP:0004366,10
HP:0100438,10
HP:0100292,10
HP:0004271,10
HP:0005926,15
HP:0007709,10
HP:0010683,10
HP:0009570,10
HP:0000622,15
HP:0007827,10
HP:0011494,13
HP:0100598,10
HP:0000727,10
HP:0006733,10
HP:0007658,10
HP:0007480,10
HP:0200104,10
HP:0004878,10
HP:0004420,10
HP:0006949,10
HP:0006711,10
HP:0100324,10
HP:0009793,10
HP:0030736,5
HP:0005278,10
HP:0002902,10
HP:0006166,10
HP:0011205,10
HP:0008797,10
HP:0008687,10
HP:0008122,10
HP:0001341,10
HP:0025057,5
HP:0009516,10
HP:0010716,10
HP:0004041,10
HP:0004192,10
HP:0012350,10
HP:0005490,10
HP:0005574,10
HP:0009304,10
HP:0010398,10
HP:0100514,15
HP:0003426,10
HP:0012601,10
HP:0005726,10
HP:0011644,10
HP:0100222,10
HP:0006897,10
HP:0006633,10
HP:0006784,10
HP:0010890,10
HP:0010312,10
HP:0009109,10
HP:0001373,34
HP:0005190,10
HP:0010263,10
HP:0004975,10
HP:0008639,10
HP:0006873,10
HP:0010956,10
HP:0011746,10
HP:0009088,10
HP:0200097,10
HP:0006276,10
HP:0010064,10
HP:0009110,10
HP:0004576,10
HP:0100878,10
HP:0006387,10
HP:0000399,10
HP:0005466,10
HP:0000890,10
HP:0004909,10
HP:0003930,10
HP:0010903,15
HP:0007807,10
HP:0010829,10
HP:0010101,10
HP:3000004,10
HP:0100934,10
HP:0009327,10
HP:0011889,10
HP:0011696,10
HP:0006572,10
HP:0008314,10
HP:0001038,10
HP:0007852,10
HP:0005316,10
HP:0100234,10
HP:0001544,10
HP:0011082,10
HP:0003296,10
HP:0100248,10
HP:0007801,10
HP:0007838,10
HP:0011795,10
HP:0009207,10
HP:0012222,10
HP:0009408,10
HP:0009307,10
HP:0006927,10
HP:0010399,10
HP:0010351,25
HP:0006625,10
HP:0006286,10
HP:0011155,10
HP:0011507,10
HP:0005039,10
HP:0002548,10
HP:0000206,10
HP:0012635,10
HP:0012331,10
HP:0100610,10
HP:0009831,10
HP:0012900,10
HP:0012818,10
HP:0005567,10
HP:0008394,10
HP:0005422,10
HP:0011707,10
HP:0100709,10
HP:0011727,10
HP:0010759,10
HP:0012810,10
HP:0000832,10
HP:0100870,10
HP:0001334,10
HP:0008311,10
HP:0008969,10
HP:0012309,10
HP:0002642,10
HP:0011071,10
HP:0004528,10
HP:0100890,10
HP:0100889,15
HP:0011595,10
HP:0007627,10
HP:0002480,15
HP:0000778,10
HP:0100193,10
HP:0100068,25
HP:0004175,10
HP:0100213,10
HP:0002508,10
HP:0009757,10
HP:0006329,10
HP:0006187,10
HP:0006516,10
HP:0011905,10
HP:0009759,10
HP:0005643,10
HP:0009263,10
HP:0011686,15
HP:0006921,10
HP:0003949,10
HP:0200068,10
HP:0010491,10
HP:0009775,15
HP:0009426,10
HP:0004977,10
HP:0010913,10
HP:0100216,10
HP:0003482,10
HP:0008047,10
HP:0011528,10
HP:0000472,10
HP:0006638,10
HP:0003225,10
HP:0008442,10
HP:0100107,10
HP:0010142,10
HP:0100557,10
HP:0003894,10
HP:0012126,10
HP:0004050,10
HP:0012027,10
HP:0011410,10
HP:0001031,15
HP:0009674,10
HP:0000660,10
HP:0006825,10
HP:0005451,10
HP:0011284,10
HP:0012468,10
HP:0001598,10
HP:0010650,10
HP:0009539,10
HP:0012666,10
HP:0200059,10
HP:0011517,15
HP:0005580,10
HP:0100112,10
HP:0005891,10
HP:0002009,10
HP:0008458,10
HP:0012450,10
HP:0012752,10
HP:0000993,10
HP:0003831,10
HP:0009781,10
HP:0011791,10
HP:0009326,10
HP:0010192,10
HP:0003951,10
HP:0100822,10
HP:0003462,10
HP:0000273,10
HP:0011809,10
HP:0011745,10
HP:0003068,10
HP:0004112,10
HP:0006321,10
HP:0010370,10
HP:0011250,10
HP:0010661,10
HP:0010002,10
HP:0009269,10
HP:0012360,10
HP:0012359,20
HP:0007592,10
HP:0006511,10
HP:0025424,5
HP:0010750,10
HP:0002928,10
HP:0005099,10
HP:0005892,10
HP:0006274,10
HP:0012595,10
HP:0009094,10
HP:0012640,19
HP:0006589,10
HP:0009067,10
HP:0003223,10
HP:0011880,10
HP:3000031,10
HP:0010018,10
HP:0006571,10
HP:0006600,10
HP:0011819,10
HP:0000185,15
HP:0011632,10
HP:0011949,10
HP:0008463,10
HP:0005959,10
HP:0006268,10
HP:0100613,10
HP:0033763,5
HP:0008153,10
HP:0012867,10
HP:0012464,10
HP:0040135,10
HP:0011456,10
HP:0012463,10
HP:0004138,10
HP:0009354,10
HP:0007111,10
HP:0011559,10
HP:0005652,10
HP:0100447,10
HP:0011059,10
HP:0009630,10
HP:0005789,10
HP:0006510,10
HP:0005225,10
HP:0010213,10
HP:0007697,10
HP:0430009,5
HP:0012418,10
HP:0011708,10
HP:0012282,10
HP:4000054,5
HP:0012690,10
HP:0012636,10
HP:0007239,10
HP:0010861,10
HP:0009140,15
HP:0100697,10
HP:0100857,10
HP:0012036,10
HP:0012477,10
HP:0012574,10
HP:0033231,5
HP:0008511,10
HP:0012417,10
HP:0005766,10
HP:0009407,10
HP:0003455,10
HP:0005121,10
HP:0003338,10
HP:0004459,10
HP:0012472,10
HP:0011345,10
HP:0200116,10
HP:0012060,10
HP:0100493,10
HP:0100950,10
HP:0012236,10
HP:0040127,5
HP:0004819,10
HP:3000073,10
HP:0430014,10
HP:0008707,10
HP:0012085,15
HP:0004856,10
HP:0003564,10
HP:3000020,10
HP:0012673,10
HP:0006610,10
HP:0040157,5
HP:3000068,10
HP:0001351,10
HP:0006398,10
HP:0011648,10
HP:0012845,10
HP:0003872,10
HP:0002442,10
HP:0012124,10
HP:0100416,10
HP:0004872,10
HP:0010874,10
HP:0004162,10
HP:0200021,10
HP:0010782,10
HP:0200126,10
HP:0011498,10
HP:0011016,10
HP:0004416,10
HP:0003538,10
HP:0034202,5
HP:0004754,10
HP:0012098,10
HP:0010741,15
HP:0009225,10
HP:0008211,10
HP:0100817,10
HP:0010910,10
HP:0010914,15
HP:0008291,10
HP:0003465,10
HP:0100535,10
HP:0012859,10
HP:0100901,10
HP:0005866,10
HP:0010252,10
HP:0000489,10
HP:0012011,10
HP:0001664,10
HP:0008178,10
HP:0006175,10
HP:0010879,10
HP:0003009,10
HP:0008097,10
HP:0012071,10
HP:0002404,10
HP:0009590,10
HP:0100196,10
HP:0002990,10
HP:0100885,10
HP:0009643,10
HP:0004193,10
HP:0011518,10
HP:0011605,10
HP:0011540,15
HP:0008315,10
HP:0010402,10
HP:0000391,10
HP:0011375,10
HP:0011395,20
HP:0002308,15
HP:0012012,10
HP:0006205,10
HP:0009303,10
HP:0011737,10
HP:0009427,10
HP:0001922,10
HP:3000012,10
HP:0009550,10
HP:0010734,20
HP:0012816,10
HP:0005540,10
HP:0001954,10
HP:0005655,10
HP:0007027,10
HP:0003339,10
HP:0012431,10
HP:0004795,10
HP:0100577,10
HP:0000920,10
HP:0012651,10
HP:0008963,10
HP:0008591,10
HP:0000586,10
HP:0100695,10
HP:0007601,10
HP:0010487,10
HP:0100720,10
HP:0011242,10
HP:0010771,10
HP:0012828,10
HP:0010258,10
HP:0007199,10
HP:0003898,10
HP:0009751,10
HP:0011640,10
HP:0012032,10
HP:0007227,10
HP:0000040,10
HP:0010239,10
HP:0001427,10
HP:0007350,10
HP:0008572,10
HP:0012003,10
HP:0200037,10
HP:0010005,10
HP:0012643,10
HP:0030493,10
HP:0003655,10
HP:0010019,10
HP:0007707,10
HP:0001140,10
HP:0003217,10
HP:0004057,10
HP:0003484,10
HP:0005469,10
HP:0100888,10
HP:0009168,10
HP:0007802,10
HP:0010575,10
HP:0012183,10
HP:0009672,10
HP:0005608,10
HP:0034504,5
HP:0003921,10
HP:0005905,10
HP:0011594,10
HP:0008187,10
HP:0009439,10
HP:0003566,10
HP:0011023,15
HP:0030361,10
HP:0004375,10
HP:0010317,10
HP:0001691,10
HP:0006896,10
HP:0011841,10
HP:0006518,10
HP:0000250,10
HP:0005535,10
HP:0006683,10
HP:0002073,10
HP:0006253,10
HP:0007976,10
HP:0007462,10
HP:0006335,10
HP:0007500,10
HP:0011919,10
HP:0009379,10
HP:0006978,10
HP:0003782,10
HP:0003491,10
HP:0100181,10
HP:0002749,10
HP:0011552,10
HP:0008451,10
HP:0012266,10
HP:0100307,10
HP:0100014,10
HP:0008399,10
HP:0000371,10
HP:0011186,15
HP:0000664,10
HP:0010499,10
HP:0011683,10
HP:0008278,10
HP:0006642,10
HP:0000833,10
HP:0010417,10
HP:0011831,10
HP:0011130,15
HP:0004161,10
HP:0100328,10
HP:0100662,10
HP:0010405,10
HP:0010634,10
HP:0004052,10
HP:0009653,10
HP:0012803,10
HP:0004321,10
HP:0011231,10
HP:0100264,10
HP:0008866,10
HP:0012152,10
HP:0002472,10
HP:0200136,10
HP:0011572,10
HP:0008848,10
HP:0008718,10
HP:0004355,10
HP:0100383,10
HP:0010082,10
HP:0004789,10
HP:0012589,10
HP:0011010,10
HP:0003993,10
HP:0002545,10
HP:0003140,10
HP:0011838,10
HP:0000603,10
HP:0012231,10
HP:0005542,10
HP:0012596,10
HP:0005102,10
HP:0001088,10
HP:0003221,10
HP:0009236,10
HP:0012099,15
HP:0008007,10
HP:0011019,15
HP:0100739,10
HP:0100661,10
HP:0031911,5
HP:0008357,10
HP:0100952,10
HP:0009524,10
HP:0004976,14
HP:0030311,9
HP:0005579,10
HP:0031901,10
HP:0003985,10
HP:0100595,10
HP:0010553,10
HP:0001611,10
HP:0005494,10
HP:0012370,10
HP:0007302,10
HP:0004230,10
HP:0009341,10
HP:0011331,10
HP:0009202,10
HP:0008475,10
HP:0003736,10
HP:0005298,10
HP:0012364,10
HP:0011423,10
HP:0009396,10
HP:0100830,10
HP:0100407,10
HP:0001475,10
HP:0001470,15
HP:0009175,10
HP:0011699,10
HP:0004495,10
HP:0007238,10
HP:0010682,10
HP:0009149,10
HP:0010853,10
HP:0012788,10
HP:0004870,10
HP:0003554,10
HP:0008437,10
HP:0100788,10
HP:0010147,10
HP:0100941,10
HP:0011496,10
HP:0010226,10
HP:0005678,10
HP:0001248,10
HP:0006765,10
HP:0006799,10
HP:0007817,10
HP:0012153,10
HP:0045014,5
HP:0008459,10
HP:0010340,10
HP:0002920,10
HP:0009689,10
HP:0006008,10
HP:0009197,10
HP:0012878,10
HP:0007183,10
HP:0001116,10
HP:0012409,10
HP:0100352,10
HP:0008035,10
HP:0010883,10
HP:0008483,10
HP:0100633,10
HP:0009585,10
HP:0100819,10
HP:0011891,10
HP:0010276,10
HP:0011502,10
HP:0012328,10
HP:0005043,10
HP:0010452,10
HP:0009690,10
HP:0004180,10
HP:0008102,10
HP:0006937,10
HP:0012794,10
HP:0003964,10
HP:0100594,10
HP:0008012,10
HP:0006747,10
HP:0003989,10
HP:0010667,10
HP:0007964,10
HP:0100132,10
HP:0002787,10
HP:0009293,10
HP:0005332,10
HP:0009655,10
HP:0009503,10
HP:0006466,10
HP:0100497,10
HP:0005844,10
HP:0006544,10
HP:0003707,10
HP:0012342,10
HP:0012894,10
HP:0007274,10
HP:0100011,10
HP:0006715,10
HP:0005522,10
HP:0005005,10
HP:0010871,10
HP:0002331,10
HP:0007590,10
HP:0000200,10
HP:0100182,10
HP:0009477,10
HP:0008114,10
HP:0009907,10
HP:0008436,10
HP:0011333,10
HP:0007793,10
HP:0007814,15
HP:0002866,10
HP:0100850,10
HP:0010148,10
HP:0006414,10
HP:0003634,10
HP:0002661,10
HP:0008586,10
HP:0100268,10
HP:0006938,10
HP:0100517,10
HP:0004022,10
HP:0007327,10
HP:0100346,10
HP:0005773,10
HP:0009378,10
HP:0001223,10
HP:0010415,10
HP:0009059,10
HP:0007862,10
HP:0011544,10
HP:0003526,10
HP:0020074,5
HP:0010755,10
HP:0008942,10
HP:0002958,10
HP:0007432,10
HP:0000019,10
HP:0100092,10
HP:0009186,10
HP:0005498,10
HP:0009482,10
HP:0004679,10
HP:0007544,10
HP:0010823,10
HP:0000860,10
HP:0007732,10
HP:0012708,10
HP:0025052,5
HP:0012284,10
HP:0009433,10
HP:0011310,10
HP:0012847,10
HP:0032663,5
HP:0032658,5
HP:0008376,10
HP:0100894,10
HP:0006649,10
HP:0010191,10
HP:0012082,10
HP:0003893,10
HP:0100111,10
HP:0006957,10
HP:0009471,10
HP:0003553,10
HP:0012237,10
HP:0009256,10
HP:0003984,10
HP:0010424,10
HP:0003209,10
HP:0012228,10
HP:0005910,10
HP:0012744,10
HP:0012138,10
HP:0003185,10
HP:0010592,10
HP:0010689,10
HP:0009969,10
HP:0009459,10
HP:0011771,10
HP:0008176,10
HP:0009330,10
HP:0009682,10
HP:0012133,10
HP:0011761,10
HP:0005752,10
HP:0004380,10
HP:0008344,10
HP:0007607,10
HP:0009339,10
HP:0003514,10
HP:0011717,10
HP:0011267,10
HP:0009802,10
HP:0003320,10
HP:0002914,10
HP:0009583,10
HP:0007069,10
HP:0007030,15
HP:0004857,10
HP:0009227,10
HP:0006520,10
HP:0002927,10
HP:0011194,10
HP:0011551,10
HP:0011582,10
HP:0004779,10
HP:0100154,10
HP:0006696,10
HP:0005090,10
HP:0011169,10
HP:0020221,9
HP:0003945,10
HP:0012662,10
HP:0003914,10
HP:0000408,10
HP:3000064,10
HP:0012353,10
HP:0011382,10
HP:0000070,10
HP:0000042,10
HP:0100164,10
HP:0004990,10
HP:0002695,10
HP:0007439,10
HP:0012832,10
HP:0000923,10
HP:0004928,10
HP:0004813,10
HP:0100237,10
HP:0006699,10
HP:0005780,10
HP:0100596,10
HP:0012764,10
HP:0002884,10
HP:0100780,10
HP:0002283,10
HP:0008640,10
HP:0100505,10
HP:0002507,10
HP:0003125,10
HP:0030976,5
HP:0007482,10
HP:0006279,10
HP:0008227,10
HP:0100464,10
HP:0005595,10
HP:0100799,10
HP:0007286,10
HP:0011460,10
HP:0030674,11
HP:0012235,10
HP:0100832,10
HP:0010135,10
HP:0003435,10
HP:0100088,10
HP:0004194,10
HP:0010835,10
HP:0011614,10
HP:0009267,10
HP:0008801,10
HP:0100455,10
HP:0005731,15
HP:0009037,10
HP:0010209,10
HP:0005868,10
HP:0011929,10
HP:0003304,10
HP:0002849,10
HP:0012069,10
HP:0012901,10
HP:0011709,15
HP:0100764,10
HP:0010380,10
HP:0200063,10
HP:0012046,10
HP:0003281,10
HP:0033331,5
HP:0012898,10
HP:0009885,10
HP:0003963,10
HP:0010724,10
HP:0005432,10
HP:0003542,10
HP:0007521,10
HP:0010257,10
HP:0012247,10
HP:0008732,10
HP:0009576,10
HP:0008555,10
HP:0100810,10
HP:0009154,10
HP:0012215,10
HP:0010608,10
HP:0012461,10
HP:0003809,10
HP:0005155,10
HP:0008648,10
HP:0011133,10
HP:0005275,10
HP:3000056,10
HP:0012889,10
HP:0004492,10
HP:0009090,10
HP:0012470,10
HP:0008716,10
HP:0012198,10
HP:0010598,10
HP:0100944,10
HP:0012204,10
HP:0005235,10
HP:0008309,10
HP:0010584,10
HP:0009931,10
HP:0006006,10
HP:0005302,10
HP:0010110,10
HP:0011739,10
HP:0010865,10
HP:0000041,10
HP:0008160,10
HP:0012201,10
HP:0006732,10
HP:0012648,10
HP:0003179,10
HP:0004790,10
HP:0009671,10
HP:0011178,10
HP:0012323,10
HP:0012866,10
HP:0011797,10
HP:0007332,10
HP:0009313,10
HP:0012779,10
HP:3000033,10
HP:0003495,10
HP:0004345,15
HP:0011783,10
HP:0010513,10
HP:0100860,10
HP:0012486,10
HP:0007783,10
HP:0005946,10
HP:0005242,10
HP:0008587,10
HP:0100672,10
HP:0011833,10
HP:0008660,10
HP:0009615,10
HP:0009377,10
HP:0001404,10
HP:0005885,10
HP:0012619,10
HP:0011656,10
HP:0001301,10
HP:0100501,10
HP:0100622,10
HP:0005072,10
HP:0005989,10
HP:0001326,10
HP:0003716,10
HP:0008738,10
HP:0005259,10
HP:0004330,15
HP:0001002,10
HP:0008138,10
HP:0100360,11
HP:0006172,10
HP:0011127,10
HP:0200144,10
HP:0007720,10
HP:0009982,10
HP:0009170,10
HP:0100821,10
HP:0006882,10
HP:0012517,10
HP:0100581,10
HP:0012139,10
HP:0011266,10
HP:0008110,10
HP:0005700,10
HP:0004293,10
HP:0100628,10
HP:0004257,10
HP:0000108,10
HP:0011646,10
HP:0008009,10
HP:0200072,10
HP:0012343,10
HP:0040133,5
HP:0100932,10
HP:0004333,10
HP:0012101,10
HP:0004240,10
HP:0100617,10
HP:0200057,10
HP:0003929,10
HP:0008271,10
HP:0011256,10
HP:0012571,10
HP:0012428,10
HP:0003237,10
HP:0012398,10
HP:0002805,10
HP:0009270,10
HP:0012167,10
HP:0100320,10
HP:0100519,10
HP:0011693,10
HP:0003154,10
HP:0000434,10
HP:0100906,10
HP:0012773,10
HP:0000558,10
HP:0000487,10
HP:0005984,10
HP:0006315,10
HP:0010688,10
HP:0012588,10
HP:0002576,10
HP:0003729,10
HP:0001994,10
HP:0008636,10
HP:0001975,10
HP:0009640,10
HP:0010298,10
HP:0007585,10
HP:0007825,10
HP:0006467,10
HP:0011189,10
HP:0010571,10
HP:0001667,10
HP:0010214,10
HP:0002880,10
HP:0011091,10
HP:0007525,10
HP:0005788,10
HP:0100110,10
HP:0100848,10
HP:0100466,10
HP:0011114,10
HP:0007265,10
HP:0034258,5
HP:0011318,10
HP:0011823,10
HP:0100962,10
HP:0100318,10
HP:0100575,10
HP:0000804,10
HP:0010609,10
HP:0006519,10
HP:0001675,10
HP:0012618,10
HP:0012021,10
HP:0003466,10
HP:0010705,10
HP:0003409,10
HP:0009957,10
HP:0002372,10
HP:0100645,10
HP:0003318,10
HP:3000039,10
HP:0003752,10
HP:0001705,10
HP:0004831,10
HP:0100586,10
HP:0011350,10
HP:0005638,10
HP:0008473,15
HP:0100034,10
HP:0008209,10
HP:0031066,5
HP:0010880,10
HP:0009721,10
HP:0007885,10
HP:0011278,10
HP:0004399,10
HP:0100229,10
HP:0011521,10
HP:0001122,10
HP:0009242,10
HP:0100533,10
HP:0002828,10
HP:0012149,10
HP:0012397,10
HP:0007210,10
HP:0005759,10
HP:0040010,5
HP:0100095,10
HP:0010189,10
HP:0004626,10
HP:0004582,10
HP:0100743,10
HP:0009147,10
HP:0000155,10
HP:0031446,5
HP:0003927,10
HP:0002729,10
HP:0007182,10
HP:0010521,10
HP:0009346,10
HP:0007230,10
HP:0010046,10
HP:0012175,10
HP:3000078,10
HP:0003490,10
HP:0002132,10
HP:0011586,10
HP:0004384,10
HP:0002708,10
HP:0012047,10
HP:0011754,10
HP:0011752,15
HP:0012877,10
HP:0100171,10
HP:0000270,10
HP:0007509,10
HP:0010334,10
HP:0009981,10
HP:0100734,10
HP:0010324,10
HP:0011916,10
HP:0012689,10
HP:0012688,15
HP:0002524,10
HP:0008087,10
HP:0008371,15
HP:0004880,10
HP:0000852,10
HP:0002882,10
HP:0005308,10
HP:0030967,5
HP:0100913,10
HP:0100564,10
HP:0003347,10
HP:0006866,10
HP:0100251,15
HP:0010291,10
HP:0011301,10
HP:0100458,10
HP:0012570,10
HP:0006236,10
HP:0008272,10
HP:0100270,10
HP:0007643,10
HP:0009979,10
HP:0003089,10
HP:0010503,10
HP:0008264,10
HP:0005025,10
HP:0002211,10
HP:0010686,10
HP:0011317,10
HP:0003084,10
HP:0100797,10
HP:0009446,10
HP:0004202,10
HP:0000876,10
HP:0012625,10
HP:0012694,10
HP:0100562,10
HP:0000800,10
HP:0005671,10
HP:0002366,10
HP:0003654,10
HP:0009622,10
HP:0000024,10
HP:0100290,10
HP:0012399,10
HP:0009276,10
HP:0005194,10
HP:0009574,10
HP:0011461,11
HP:0006879,10
HP:0009240,10
HP:0000694,10
HP:0010794,10
HP:0011566,10
HP:0012750,10
HP:0005565,10
HP:0001327,10
HP:0011011,10
HP:0006326,10
HP:0007722,15
HP:0012268,10
HP:0012034,15
HP:0010833,10
HP:0006381,10
HP:0100948,10
HP:0011277,10
HP:0008986,10
HP:0002629,10
HP:0011852,10
HP:0002677,10
HP:0010862,10
HP:0007052,10
HP:0010427,10
HP:0005487,10
HP:0003163,10
HP:0007554,10
HP:0003279,10
HP:0010999,10
HP:0100308,10
HP:0002932,10
HP:0003997,10
HP:0100731,10
HP:0009203,10
HP:0004617,10
HP:0004254,10
HP:0007473,10
HP:0011412,10
HP:3000063,10
HP:3000042,15
HP:0012327,10
HP:0004681,10
HP:0006587,10
HP:0003218,10
HP:0012270,10
HP:0009813,10
HP:0004964,10
HP:0008593,10
HP:0004415,15
HP:0002446,10
HP:0000918,10
HP:0001747,10
HP:0002041,10
HP:0003345,10
HP:0004581,10
HP:0004244,10
HP:0012095,10
HP:0008141,10
HP:0007016,10
HP:0100795,10
HP:0011705,10
HP:0100753,10
HP:0011743,10
HP:0012286,10
HP:0012485,10
HP:0004279,10
HP:0009217,10
HP:0011239,10
HP:0011630,10
HP:0006628,10
HP:0008635,10
HP:0009388,10
HP:0100183,10
HP:0005906,10
HP:0005667,10
HP:0008320,10
HP:0100393,10
HP:0006893,10
HP:0004381,10
HP:0006781,10
HP:0010111,10
HP:0010383,10
HP:0011326,10
HP:0010856,10
HP:0100185,10
HP:0010635,10
HP:0100008,10
HP:0008743,10
HP:0100430,10
HP:0005747,10
HP:0003144,10
HP:0007402,10
HP:0008453,10
HP:0011401,10
HP:0011048,10
HP:0004605,10
HP:0010104,10
HP:0011115,10
HP:0002997,10
HP:0004246,10
HP:0000030,10
HP:0007131,10
HP:0009580,10
HP:0004841,10
HP:0007935,10
HP:0100374,10
HP:0004752,10
HP:0012425,10
HP:0011626,10
HP:0007497,10
HP:0000468,10
HP:0011987,10
HP:0003548,10
HP:0000712,10
HP:0011290,10
HP:0100131,10
HP:0000647,10
HP:0100042,10
HP:0005798,10
HP:0011596,10
HP:0012361,10
HP:0100875,10
HP:0009695,10
HP:0005692,10
HP:0100761,10
HP:0007461,13
HP:0004692,10
HP:0001737,10
HP:0010091,10
HP:0001325,10
HP:0001259,15
HP:0004255,10
HP:0100129,10
HP:0003277,10
HP:0002371,10
HP:0001118,10
HP:0007272,10
HP:0011564,10
HP:0005676,10
HP:0003888,10
HP:0003361,10
HP:0033090,5
HP:0003687,10
HP:0010446,10
HP:0007757,10
HP:0011377,10
HP:0012519,10
HP:0031772,5
HP:0002160,10
HP:0010919,15
HP:0009551,10
HP:0012315,10
HP:0008263,10
HP:0007956,10
HP:0009575,10
HP:0002878,10
HP:0002923,10
HP:0000420,10
HP:0012053,10
HP:0008808,10
HP:0002614,10
HP:0100296,10
HP:0100510,10
HP:0011210,10
HP:0007409,10
HP:0002390,10
HP:0007054,10
HP:0012420,10
HP:0005184,10
HP:0006563,10
HP:0010425,10
HP:0003451,10
HP:0002851,10
HP:0031399,5
HP:0004782,10
HP:0012238,10
HP:0008780,10
HP:0009259,10
HP:0001150,10
HP:0009845,10
HP:0012176,10
HP:0002330,10
HP:0003402,10
HP:0009042,10
HP:0100883,10
HP:0006865,10
HP:0002277,15
HP:0003180,10
HP:0010507,10
HP:0001113,10
HP:0011209,10
HP:0002497,10
HP:0011811,10
HP:0004267,10
HP:0003906,10
HP:0010254,10
HP:0011214,10
HP:0003334,10
HP:0003464,10
HP:0010029,10
HP:0000753,10
HP:0004276,10
HP:0006918,10
HP:0011926,10
HP:0009823,10
HP:0009569,10
HP:0007313,10
HP:0010139,10
HP:0100184,10
HP:0004289,10
HP:0011237,10
HP:0003905,10
HP:0012790,10
HP:0010306,10
HP:0009670,10
HP:0005563,10
HP:0010897,10
HP:0003244,10
HP:0011322,10
HP:0001998,10
HP:0008749,10
HP:0004433,10
HP:0041078,5
HP:0041076,5
HP:0002917,10
HP:0004005,10
HP:0010297,10
HP:0006961,10
HP:0012659,10
HP:0100457,10
HP:0009800,10
HP:0010270,10
HP:0100025,10
HP:0008682,10
HP:0010681,10
HP:0002234,10
HP:0011500,10
HP:0006681,10
HP:0004014,10
HP:0011845,10
HP:0010409,10
HP:0006657,10
HP:0005004,10
HP:0100123,10
HP:0012074,10
HP:0003453,10
HP:0006347,10
HP:0100179,10
HP:0002401,10
HP:3000009,10
HP:0005156,10
HP:0025579,5
HP:0009571,10
HP:0000910,10
HP:0011261,10
HP:0003575,10
HP:0003193,10
HP:0010406,10
HP:0009002,10
HP:0100247,10
HP:0003344,10
HP:0001145,10
HP:0010527,10
HP:5200406,5
HP:0010505,10
HP:0008455,10
HP:0011224,10
HP:0011848,10
HP:0100940,10
HP:0100157,10
HP:0004696,10
HP:0005008,10
HP:0100576,10
HP:0011522,10
HP:0010735,10
HP:0012129,10
HP:0008461,10
HP:0005237,10
HP:0008075,10
HP:0000641,10
HP:0002731,10
HP:0030886,5
HP:0007133,10
HP:0200135,10
HP:0006086,10
HP:0003899,10
HP:0002752,10
HP:3000053,10
HP:0002314,10
HP:0100156,10
HP:0009345,10
HP:0012254,10
HP:0002691,10
HP:0005901,10
HP:0010105,10
HP:0009456,10
HP:0011666,10
HP:0008113,10
HP:0012041,10
HP:0007087,10
HP:0010739,10
HP:0003704,10
HP:0100311,10
HP:0007530,10
HP:0009279,10
HP:0009530,10
HP:0100250,10
HP:0011307,10
HP:0006855,10
HP:0001492,10
HP:0001579,10
HP:0011964,10
HP:0010963,10
HP:0010790,10
HP:0003836,10
HP:0003876,10
HP:0011415,10
HP:0000447,10
HP:0005787,10
HP:0011956,10
HP:0005086,10
HP:0001060,10
HP:0007728,10
HP:0009271,10
HP:0007613,10
HP:0100329,10
HP:0009450,10
HP:0006209,10
HP:0006048,10
HP:0003658,10
HP:0100590,10
HP:0007536,10
HP:0002221,10
HP:0100175,10
HP:0010015,10
HP:0100162,10
HP:0011286,10
HP:0004732,10
HP:0100845,10
HP:0000870,10
HP:0006573,10
HP:0002403,10
HP:0010998,10
HP:0011009,10
HP:0009178,10
HP:0010798,10
HP:0011126,10
HP:0005495,10
HP:0001139,10
HP:0008619,10
HP:0006794,10
HP:0002505,19
HP:0006671,10
HP:0003689,10
HP:0000225,10
HP:0001040,10
HP:0012501,10
HP:0003977,10
HP:0008652,10
HP:0011408,10
HP:0004938,10
HP:0007468,10
HP:0007201,10
HP:0009265,10
HP:0002227,10
HP:0008250,10
HP:0012691,10
HP:0100565,10
HP:0003080,10
HP:3000010,10
HP:0009148,10
HP:0100790,15
HP:0100770,10
HP:0030914,10
HP:0008488,10
HP:3000055,10
HP:3000044,10
HP:0010985,10
HP:0012410,10
HP:0011672,10
HP:0100749,10
HP:0011856,10
HP:0004818,10
HP:0003641,15
HP:0012805,10
HP:0012712,10
HP:0003210,10
HP:0011858,10
HP:0033062,5
HP:0006915,10
HP:0005627,10
HP:0009953,10
HP:0005696,10
HP:0006951,10
HP:0007233,10
HP:0007560,10
HP:0001380,10
HP:0010830,10
HP:0006863,10
HP:0007000,10
HP:0010336,10
HP:0001308,10
HP:0010033,10
HP:0010685,10
HP:0003116,10
HP:0001606,10
HP:0006543,10
HP:0100449,10
HP:0011812,10
HP:0012729,10
HP:0006114,10
HP:0011323,10
HP:0001169,10
HP:0009669,10
HP:0012796,10
HP:0012682,10
HP:0008583,10
HP:0012172,10
HP:5200019,5
HP:0007811,10
HP:0006210,10
HP:0007178,10
HP:0000378,10
HP:0009898,10
HP:0008751,10
HP:0002230,10
HP:0011543,10
HP:0005682,10
HP:0005746,10
HP:0000658,10
HP:0011681,10
HP:0011966,10
HP:0004274,10
HP:0011258,10
HP:0100443,10
HP:0012698,10
HP:0001055,10
HP:0200141,10
HP:0000411,10
HP:0003952,10
HP:0006619,10
HP:0011769,10
HP:0006727,10
HP:0010612,10
HP:0100599,10
HP:0008398,10
HP:0007765,10
HP:0004901,10
HP:0009376,10
HP:0010096,10
HP:0012551,10
HP:0005982,10
HP:0009531,10
HP:0004045,10
HP:0100090,10
HP:0002562,10
HP:0002451,11
HP:0007435,10
HP:0011599,10
HP:0008773,10
HP:0100282,10
HP:0004952,10
HP:0007067,10
HP:0003403,10
HP:0004187,10
HP:0005539,10
HP:0012250,10
HP:0010896,10
HP:0007163,10
HP:0007685,10
HP:0100263,10
HP:0006394,10
HP:0100849,10
HP:0007280,10
HP:0009556,10
HP:0009005,10
HP:0012568,10
HP:0008133,10
HP:0012713,10
HP:0012860,10
HP:0002639,10
HP:0030846,5
HP:0009350,10
HP:0003970,10
HP:0004392,10
HP:0003613,10
HP:0003616,10
HP:0008802,10
HP:0007880,10
HP:0100188,10
HP:0011568,10
HP:0000627,10
HP:0007515,10
HP:0011953,10
HP:0200124,10
HP:0009411,10
HP:0005587,10
HP:0012195,10
HP:0010016,10
HP:0002627,10
HP:0010308,10
HP:0006906,10
HP:0011808,10
HP:0007001,10
HP:0100205,10
HP:0012302,10
HP:0033993,5
HP:0002383,13
HP:0001886,10
HP:0006679,10
HP:0001769,10
HP:0007394,10
HP:0007110,10
HP:0012628,10
HP:0010580,15
HP:0011515,10
HP:0005681,10
HP:0012363,10
HP:0007779,10
HP:0008062,15
HP:0012380,10
HP:6000231,5
HP:0012184,10
HP:0005202,10
HP:0009294,10
HP:0001405,10
HP:0006462,10
HP:0011580,10
HP:0025523,9
HP:0002786,10
HP:0005113,10
HP:0008722,10
HP:0005419,10
HP:0410035,5
HP:0008033,10
HP:0012023,10
HP:0012192,10
HP:0007457,10
HP:0004749,10
HP:0001101,10
HP:0007501,10
HP:0005852,10
HP:0011641,10
HP:0008659,10
HP:0011099,10
HP:0010131,10
HP:0011151,10
HP:0032860,5
HP:0032671,5
HP:0031475,5
HP:0011921,10
HP:0008970,10
HP:0001601,10
HP:0100461,10
HP:0100357,10
HP:0005506,10
HP:0100919,10
HP:0000720,10
HP:0006851,10
HP:0008755,10
HP:0100852,10
HP:0005340,10
HP:0100266,10
HP:0100814,10
HP:0007250,10
HP:0004233,10
HP:0006369,10
HP:0003866,10
HP:0009783,10
HP:0003948,10
HP:0003741,10
HP:0000661,10
HP:0000475,10
HP:0009443,10
HP:0004633,10
HP:0010509,10
HP:0100553,10
HP:0009512,10
HP:0010348,10
HP:0002826,10
HP:0009401,10
HP:0004931,10
HP:0009621,10
HP:0000970,10
HP:0001075,15
HP:0100372,10
HP:0000914,10
HP:0008596,10
HP:0006646,10
HP:0008080,10
HP:0002780,10
HP:0100592,10
HP:0006437,10
HP:0005396,10
HP:0012552,10
HP:0002612,10
HP:0010435,10
HP:0003333,10
HP:0005209,10
HP:0012505,10
HP:0003994,10
HP:0005507,10
HP:0004540,10
HP:0003912,10
HP:0007758,10
HP:0009677,10
HP:0008045,10
HP:0030462,5
HP:0000031,10
HP:0004220,10
HP:0006970,10
HP:0010656,10
HP:0012553,10
HP:0011262,10
HP:0006471,10
HP:0006376,15
HP:0100943,10
HP:0006067,10
HP:0012462,10
HP:0002764,10
HP:0000629,10
HP:0012685,10
HP:0009963,10
HP:0100879,10
HP:0010605,10
HP:0011295,10
HP:0200023,10
HP:0005230,10
HP:0004563,10
HP:0005219,10
HP:0002139,10
HP:0012580,10
HP:0011240,10
HP:0005572,10
HP:0100698,10
HP:0100099,10
HP:0100448,10
HP:0100371,10
HP:0011679,10
HP:0006992,10
HP:0004488,10
HP:0004034,10
HP:0012890,10
HP:0007552,10
HP:0011738,10
HP:0100243,10
HP:0004987,10
HP:0006768,10
HP:0010922,10
HP:0007939,10
HP:0006159,10
HP:0006557,10
HP:0012728,10
HP:0100724,10
HP:0002268,10
HP:0001073,10
HP:0003881,14
HP:0007007,10
HP:0011248,10
HP:0004201,10
HP:0010362,10
HP:0009995,10
HP:0004532,10
HP:0004337,10
HP:0100513,10
HP:0100298,10
HP:0011999,10
HP:5200242,5
HP:0025785,5
HP:0008125,10
HP:0012895,10
HP:0002212,10
HP:0010037,10
HP:0009395,10
HP:0006929,10
HP:0005201,10
HP:0031941,5
HP:0007063,10
HP:0012522,10
HP:0012052,10
HP:0011616,10
HP:0005357,10
HP:0008336,10
HP:0011569,10
HP:0031480,5
HP:0008494,10
HP:0000217,10
HP:0007570,10
HP:0011930,10
HP:0006217,10
HP:0009734,10
HP:0100120,10
HP:0012849,10
HP:0009451,10
HP:0004898,10
HP:0003102,10
HP:0007820,10
HP:0003247,10
HP:0003868,10
HP:0012853,10
HP:0011084,10
HP:0007411,10
HP:0005352,10
HP:0008633,10
HP:0003698,10
HP:0009645,10
HP:0100823,10
HP:0000877,10
HP:0011807,10
HP:0002845,10
HP:0100145,10
HP:0006717,10
HP:0011539,10
HP:0012891,10
HP:0030141,5
HP:0010821,10
HP:0006576,10
HP:0011561,10
HP:0011230,10
HP:0100375,10
HP:0004875,10
HP:0004438,10
HP:0011920,10
HP:0002044,10
HP:0000719,10
HP:0002730,10
HP:0012105,10
HP:0004388,10
HP:0009419,10
HP:0005198,10
HP:0000740,10
HP:0008785,10
HP:0010860,10
HP:0100638,10
HP:0012672,10
HP:0007602,10
HP:0010473,10
HP:0003533,10
HP:0012627,10
HP:0011570,10
HP:0007947,10
HP:0009314,10
HP:0010102,10
HP:0012884,10
HP:0004467,10
HP:0011913,10
HP:0011960,10
HP:0100771,10
HP:0005606,10
HP:0009062,10
HP:0009340,10
HP:0000339,10
HP:0100859,10
HP:0100197,10
HP:0010722,10
HP:0007490,10
HP:0100686,10
HP:0004184,10
HP:0010069,10
HP:0011977,10
HP:0005292,10
HP:0003996,10
HP:0010350,10
HP:0007494,10
HP:0005951,10
HP:0009891,10
HP:0011246,10
HP:0006352,10
HP:0005523,10
HP:0009739,10
HP:0007428,10
HP:0011148,10
HP:0010136,10
HP:0100291,10
HP:0002542,10
HP:0003400,10
HP:0011302,10
HP:0009606,10
HP:0009915,10
HP:0200041,10
HP:0005231,10
HP:0007920,10
HP:0007760,10
HP:0005028,10
HP:0003363,10
HP:0008756,10
HP:0009286,10
HP:0003886,10
HP:0007893,10
HP:0008001,10
HP:0010796,10
HP:0000368,10
HP:0002888,10
HP:0009806,10
HP:0007791,10
HP:0012899,10
HP:0010187,10
HP:0010407,10
HP:0009708,10
HP:0003959,10
HP:0012014,10
HP:0006643,10
HP:0007924,10
HP:0003267,10
HP:0010633,10
HP:0012737,10
HP:0012055,10
HP:0010482,10
HP:0010884,15
HP:0005505,10
HP:0011963,10
HP:0006837,10
HP:0002377,10
HP:0002144,10
HP:0031938,5
HP:0100588,10
HP:0010372,10
HP:0001684,10
HP:0004260,10
HP:0002740,10
HP:0010778,10
HP:0100413,10
HP:0005939,10
HP:0010736,10
HP:0008096,10
HP:0007755,10
HP:0100189,10
HP:0003785,10
HP:0034200,5
HP:0010817,10
HP:0004422,10
HP:0010408,10
HP:0006790,10
HP:0006208,10
HP:0005476,10
HP:0100923,10
HP:0010369,10
HP:0004287,10
HP:0001215,10
HP:0009932,10
HP:0001489,10
HP:0002439,10
HP:0007489,10
HP:0005446,10
HP:0009403,10
HP:0012157,10
HP:0009894,10
HP:0009028,10
HP:0011591,10
HP:0007596,10
HP:0009684,10
HP:0012494,10
HP:0000817,10
HP:0034435,5
HP:0002100,10
HP:0010062,10
HP:0001543,10
HP:0012414,10
HP:0006423,10
HP:0100126,10
HP:0000395,10
HP:0004234,10
HP:0004261,10
HP:0008569,10
HP:0004866,10
HP:0006420,10
HP:0007595,10
HP:0100038,10
HP:0011870,10
HP:3000051,10
HP:0008820,10
HP:0003260,10
HP:0009478,10
HP:0100778,10
HP:0100826,10
HP:0012423,10
HP:0003252,10
HP:0006443,10
HP:0010533,10
HP:0008193,10
HP:0012217,10
HP:0002961,10
HP:0002638,10
HP:0200109,10
HP:0000136,10
HP:0007975,10
HP:0100142,10
HP:0004876,10
HP:0008230,10
HP:0005111,10
HP:0004969,10
HP:0012214,10
HP:0003108,10
HP:0033099,5
HP:0010388,10
HP:0009201,10
HP:0005534,10
HP:0100039,10
HP:0011714,10
HP:0011973,10
HP:0007141,10
HP:0100147,10
HP:0000931,10
HP:0004425,10
HP:0007698,10
HP:0011477,10
HP:0011573,10
HP:0007973,10
HP:0009967,10
HP:0200108,10
HP:0012511,10
HP:0012714,10
HP:0100600,10
HP:0007156,10
HP:0001775,10
HP:0012096,10
HP:0010906,10
HP:0008082,10
HP:0100015,10
HP:0100098,10
HP:0009458,10
HP:0002235,10
HP:0005104,10
HP:0003694,10
HP:0012112,10
HP:0100687,10
HP:0000145,10
HP:0010602,10
HP:0033684,9
HP:0003165,10
HP:0007901,10
HP:0001107,10
HP:0006092,10
HP:0010780,10
HP:0100863,10
HP:0005987,10
HP:0100161,10
HP:0010493,10
HP:0011188,10
HP:0009566,10
HP:0003212,10
HP:0009453,10
HP:0005213,10
HP:0008305,10
HP:0001063,10
HP:0034033,5
HP:0011826,10
HP:0011759,10
HP:0100539,10
HP:0012134,10
HP:0003513,10
HP:0001663,10
HP:0009676,10
HP:0010934,10
HP:0100388,10
HP:0001833,10
HP:0001788,10
HP:0009922,10
HP:0007968,13
HP:0005650,10
HP:3000019,10
HP:0000265,10
HP:0009223,10
HP:0009349,10
HP:0006577,10
HP:0010092,10
HP:0012469,10
HP:0001953,10
HP:0012709,10
HP:0006162,10
HP:0008717,10
HP:0004961,10
HP:0003142,10
HP:0011107,10
HP:0100223,10
HP:0100684,10
HP:0009069,10
HP:0003941,10
HP:0005224,10
HP:0001882,10
HP:0007514,10
HP:3000006,10
HP:0003352,10
HP:0200102,10
HP:0100463,10
HP:0012223,10
HP:0011864,10
HP:0100573,10
HP:0100571,13
HP:0011074,10
HP:0012786,10
HP:0010700,10
HP:0012710,10
HP:0010242,10
HP:0002448,10
HP:0005085,10
HP:0011909,10
HP:0012465,10
HP:0040134,5
HP:0005513,10
HP:0003730,10
HP:0001980,10
HP:0012348,10
HP:0001335,10
HP:0034980,5
HP:0007448,10
HP:0012801,10
HP:0012846,10
HP:0006631,10
HP:0000732,10
HP:5200130,5
HP:0009656,10
HP:0004083,10
HP:0011168,10
HP:0010267,10
HP:0012582,10
HP:0005100,10
HP:0011264,10
HP:0012292,10
HP:0009633,10
HP:0008486,10
HP:0009558,10
HP:0100165,10
HP:0009713,10
HP:0005067,10
HP:0009112,10
HP:0007650,10
HP:0009965,10
HP:0009084,10
HP:0012756,10
HP:0010143,10
HP:0003013,10
HP:0005725,10
HP:0009897,10
HP:0009789,10
HP:0031292,5
HP:0001176,10
HP:0005424,10
HP:0011183,10
HP:0005546,10
HP:0010008,10
HP:0006895,10
HP:0005375,10
HP:0001312,10
HP:0011697,10
HP:0100921,10
HP:0200056,10
HP:0100397,10
HP:0011095,10
HP:0004557,10
HP:0006243,10
HP:0002869,10
HP:0002516,10
HP:0011294,10
HP:0003777,10
HP:0100350,10
HP:0002895,10
HP:0006165,10
HP:0100616,10
HP:0005389,10
HP:0004006,10
HP:0005248,10
HP:0009668,10
HP:0005871,10
HP:0200048,10
HP:3000028,10
HP:0010957,10
HP:0005309,10
HP:0011448,10
HP:0100235,10
HP:0008345,10
HP:0009848,10
HP:0004910,10
HP:0009520,10
HP:0011219,10
HP:0001137,10
HP:0001125,10
HP:0008117,10
HP:0006439,10
HP:0002225,10
HP:0007770,10
HP:0008768,10
HP:0007099,10
HP:0003867,10
HP:0001414,10
HP:0010698,10
HP:0003460,10
HP:0006384,10
HP:0012663,10
HP:0009718,10
HP:0009980,10
HP:0012587,10
HP:0012857,10
HP:0001285,10
HP:0011588,10
HP:0009620,10
HP:0005743,10
HP:0005328,10
HP:0000242,10
HP:0008955,10
HP:3000048,10
HP:0011508,10
HP:0006870,10
HP:0012371,10
HP:0009506,10
HP:0100649,10
HP:0010649,10
HP:0005129,10
HP:0010001,10
HP:0009447,10
HP:0006722,10
HP:0001950,10
HP:0009454,10
HP:0003191,8
HP:0007469,8
HP:0410050,8
HP:0100211,8
HP:0009508,8
HP:0045059,8
HP:0004398,8
HP:0034274,4
HP:0006737,8
HP:0031721,8
HP:0100476,8
HP:0031819,8
HP:0031818,4
HP:0010419,8
HP:0004919,8
HP:0005543,8
HP:0410030,8
HP:0011910,8
HP:0011608,8
HP:0009918,8
HP:0006438,8
HP:0003803,8
HP:0002831,8
HP:0010271,8
HP:0002623,8
HP:0000584,8
HP:0008760,8
HP:0006490,8
HP:0004198,8
HP:0010564,8
HP:0008715,8
HP:0100484,8
HP:0100481,8
HP:0008945,8
HP:0005240,8
HP:0100935,8
HP:0009665,8
HP:0005191,8
HP:0005873,8
HP:0004737,8
HP:0100828,8
HP:0012010,8
HP:0006785,8
HP:0003980,8
HP:0009657,8
HP:0100424,8
HP:0009424,8
HP:0010799,8
HP:0008353,8
HP:0011343,8
HP:0002153,8
HP:0100482,8
HP:0100637,8
HP:0009228,8
HP:0004580,8
HP:0012407,8
HP:0031958,4
HP:0001821,8
HP:0008443,8
HP:0002165,8
HP:0004808,8
HP:0006278,8
HP:0004269,8
HP:3000035,8
HP:0410010,4
HP:0410009,4
HP:0003880,8
HP:0011311,8
HP:0100471,8
HP:0012530,8
HP:0100231,8
HP:0010274,8
HP:0000474,8
HP:0012366,8
HP:0002631,8
HP:0030281,8
HP:0004758,8
HP:0012039,8
HP:0011177,8
HP:0005244,8
HP:0012267,8
HP:0004421,8
HP:0002109,8
HP:0003833,8
HP:0000131,8
HP:0009507,8
HP:0012616,8
HP:0012676,8
HP:0012701,8
HP:0006751,8
HP:0010983,8
HP:0100411,8
HP:0006660,8
HP:0006290,8
HP:0009072,8
HP:0003194,8
HP:0007734,8
HP:0030411,8
HP:0040274,6
HP:0040273,6
HP:0100192,8
HP:0032152,8
HP:0008482,8
HP:0030870,4
HP:0007307,8
HP:0012641,8
HP:0002224,8
HP:0012524,8
HP:0100214,8
HP:0009856,8
HP:0000162,8
HP:0011556,8
HP:0012389,8
HP:0007712,8
HP:0003219,8
HP:0011571,8
HP:0011691,8
HP:0007979,8
HP:0010569,8
HP:0034934,4
HP:0008857,8
HP:0033485,6
HP:0025041,6
HP:0025070,6
HP:0034585,6
HP:0025708,6
HP:0031834,6
HP:0500262,6
HP:0025127,6
HP:0031079,6
HP:0031075,3
HP:0031073,3
HP:0031072,3
HP:0032341,6
HP:0045074,6
HP:0040181,6
HP:0025406,6
HP:0025116,6
HP:0033755,6
HP:0033754,3
HP:0025114,6
HP:0040162,6
HP:0025710,6
HP:0030215,6
HP:0040171,6
HP:0030087,3
HP:0030347,3
HP:0500149,4
HP:0500148,2
HP:0025474,4
HP:0033195,4
HP:0033196,4
HP:0030001,4
HP:0410170,4
HP:0006771,4
HP:0032792,4
HP:0032287,4
HP:0032123,2
HP:0031429,4
HP:0031427,2
HP:0031964,4
HP:0040242,4
HP:0032092,4
HP:0040216,4
HP:0040214,2
HP:0033579,4
HP:0030880,4
HP:0030319,4
HP:0033194,4
HP:0030339,4
HP:0030338,2
HP:0033686,4
HP:0033682,4
an,4
0004315,2
​​HP:0012524,2
0004421,2
HP:0034383,2
0100935,2
HP:0034227,2
HP:0031960,2
0009228,2
0005543,2
0010419,2
​​HP:0001115,2
HP:0030410,2
HP:0033383,2
​​HP:0001249,2
​​HP:0003219,2
HP:0032988,2
HP:0500009,2
​​HP:0007469,2
​​HP:0003880,2
HP:0033709,2
HP:0032967,2
HP:0040196,2
HP:0040195,1
HP:0033980,2
HP:0033128,2
​​HP:0001155,2
HP:0032794,2
​​HP:0002987,2
HP:0020102,2
HP:0032255,1
HP:0020100,1
HP:0034197,2
​​HP:0003833,2
0004921,2
0008945,2
HP:0020135,2
​​HP:0005873,2
0100571,2
HP:0045051,2
HP:0045049,1
HP:0033000,2
HP:0030147,2
HP:0030187,1
0007968,2
​​HP:0004756,2
​​HP:0009198,2
0100828,2
HP:0031987,2
HP:0025769,1
HP:0025709,2
HP:0031413,2
HP:0031412,1
HP:0031411,1
HP:0025461,1
HP:0025354,1
HP:0031936,2
HP:0031157,2
0002831,2
HP:0030009,2
HP:0031723,2
Error)!!1500.That’s,2
(Server,2
500,2
​​HP:0010789,2
Error,2
HP:0034394,2
HP:0033748,2
​​HP:0009888,2
HP:0030491,2
HP:0030765,2
HP:0025235,1
HP:0025234,1
​​HP:0100214,2
0012530,2
0006785,2
HP:0030490,2
HP:0025312,2
0001944,2
HP:0030902,2
0005191,2
0002461,2
HP:0032097,2
HP:0032096,1
HP:0045025,2
error.There,2
all,2
​​HP:0009657,2
HP:0031545,2
​​HP:0008482,2
know.,2
HP:0025493,2
HP:0040079,2
we,2
HP:0031291,2
HP:0034530,2
was,2
later.That’s,2
again,2
try,2
Please,2
HP:0025435,2
HP:0045040,1
HP:0030839,2
HP:0030260,2
error.,2
HP:0020152,2
​​HP:0100481,2
